Report Date,FORESADDLE PRICE,FORESADDLE CHANGE,FORESADDLE %,FORESADDLE WEIGHT
06/29/2020,435.9374,2.2537,50.9500,34.1365
06/26/2020,433.6837,-1.9484,50.9500,34.1365
06/25/2020,435.6321,0.3625,50.9500,34.1365
06/24/2020,435.2696,-1.8546,50.9500,35.1555
06/23/2020,437.1242,-1.1834,50.9500,35.1555
06/22/2020,438.3076,-1.6944,50.9500,35.1555
06/19/2020,440.0020,1.4470,50.9500,35.1555
06/18/2020,438.5550,-1.1257,50.9500,35.1555
06/17/2020,439.6807,1.6104,50.9500,35.6650
06/16/2020,438.0703,-0.9473,50.9500,35.6650
06/15/2020,439.0176,-2.9686,50.9500,35.6650
06/12/2020,441.9862,-2.3214,50.9500,35.6650
06/11/2020,444.3076,-0.6936,50.9500,35.6650
06/10/2020,445.0012,-0.1906,50.9500,34.1365
06/09/2020,445.1918,-1.1150,50.9500,34.1365
06/08/2020,446.3068,-1.7060,50.9500,34.1365
06/05/2020,448.0128,-13.8807,50.9500,34.1365
06/04/2020,461.8935,2.3614,50.9500,34.1365
06/03/2020,459.5321,-3.4705,50.9500,34.6460
06/02/2020,463.0026,4.7558,50.9500,34.6460
06/01/2020,458.2468,6.0647,50.9500,34.6460
05/29/2020,447.8126,-4.3695,50.9500,34.1365
05/28/2020,452.1821,1.0993,50.9500,34.6460
05/27/2020,451.0828,0.7225,50.9500,34.1365
05/26/2020,450.3603,1.7232,50.9500,34.1365
05/22/2020,454.2255,5.5884,50.9500,34.1365
05/21/2020,448.6371,-1.9392,50.9500,34.1365
05/20/2020,450.5763,2.9673,50.9500,34.6460
05/19/2020,447.6090,-1.0688,50.9500,34.6460
05/18/2020,448.6778,1.3226,50.9500,34.6460
05/15/2020,447.3552,-1.4246,50.9500,34.6460
05/14/2020,448.7798,-0.3358,50.9500,34.6460
05/13/2020,449.1156,-1.0790,50.9500,31.5890
05/12/2020,450.1946,-0.7973,50.9500,31.5890
05/11/2020,450.9919,-0.7713,50.9500,31.5890
05/08/2020,451.7632,-0.9550,50.9500,31.5890
05/07/2020,452.7182,0.6020,50.9500,31.5890
05/06/2020,452.1162,-1.1333,50.9500,30.5700
05/05/2020,453.2495,0.1475,50.9500,30.5700
05/04/2020,453.1020,3.1849,50.9500,30.5700
05/01/2020,449.9171,-0.4017,50.9500,30.5700
04/30/2020,450.3188,-1.5729,50.9500,30.5700
04/29/2020,451.8917,1.1723,50.9500,33.1175
04/28/2020,450.7194,0.4443,50.9500,33.1175
04/27/2020,450.2751,-4.2240,50.9500,33.1175
04/24/2020,454.4991,-1.5089,50.9500,33.1175
04/23/2020,456.0080,0.8422,50.9500,33.1175
04/22/2020,455.1658,-4.7368,50.9500,34.6460
04/21/2020,459.9026,0.6103,50.9500,34.6460
04/20/2020,459.2923,1.3949,50.9500,34.6460
04/17/2020,457.8974,-6.4974,50.9500,34.6460
04/16/2020,464.3948,-2.5637,50.9500,34.6460
04/15/2020,466.9585,0.1085,50.9500,35.6650
04/14/2020,466.8500,-8.2990,50.9500,35.6650
04/13/2020,475.1490,0.8911,50.9500,35.6650
04/10/2020,474.2579,1.1278,50.9500,35.6650
04/09/2020,473.1301,0.3834,50.9500,35.6650
04/08/2020,472.7467,-0.3321,50.9500,33.6270
04/07/2020,473.0788,0.7803,50.9500,33.6270
04/06/2020,472.2985,-3.7716,50.9500,33.6270
04/03/2020,476.0701,0.1281,50.9500,33.6270
04/02/2020,475.9420,3.2001,50.9500,33.6270
04/01/2020,472.7419,0.7906,50.9500,34.6460
03/31/2020,471.9513,1.9579,50.9500,34.6460
03/30/2020,469.9934,0.8899,50.9500,34.6460
03/27/2020,469.1035,0.0350,50.9500,34.6460
03/26/2020,469.0685,4.7310,50.9500,34.6460
03/25/2020,464.3375,1.7060,50.9500,35.1555
03/24/2020,462.6315,1.5832,50.9500,35.1555
03/23/2020,461.0483,1.8198,50.9500,35.1555
03/20/2020,459.2285,3.2640,50.9500,35.1555
03/19/2020,455.9645,-2.0113,50.9500,35.1555
03/18/2020,457.9758,1.3287,50.9500,35.1555
03/17/2020,456.6471,-0.1681,50.9500,35.1555
03/16/2020,456.8152,2.4391,50.9500,35.1555
03/13/2020,454.3761,-2.3048,50.9500,35.1555
03/12/2020,456.6809,-0.1472,50.9500,35.1555
03/11/2020,456.8281,0.0549,50.9500,34.6460
03/10/2020,456.7732,0.3517,50.9500,34.6460
03/09/2020,456.4215,-2.3386,50.9500,34.6460
03/06/2020,458.7601,0.5130,50.9500,34.6460
03/05/2020,458.2471,2.7953,50.9500,34.6460
03/04/2020,455.4518,0.3893,50.9500,34.6460
03/03/2020,455.0625,0.9750,50.9500,34.6460
03/02/2020,454.0875,1.2416,50.9500,34.6460
02/28/2020,452.8459,1.6177,50.9500,34.6460
02/27/2020,451.2282,-0.4106,50.9500,34.6460
02/26/2020,451.6388,1.1616,50.9500,34.6460
02/25/2020,450.4772,0.7543,50.9500,34.6460
02/24/2020,449.7229,1.5716,50.9500,34.6460
02/21/2020,448.1513,-2.5712,50.9500,34.6460
02/20/2020,450.7225,0.0437,50.9500,34.6460
02/19/2020,450.6788,1.2863,50.9500,34.6460
02/18/2020,449.3925,-2.0812,50.9500,34.6460
02/17/2020,451.4737,-3.5642,50.9500,34.6460
02/14/2020,455.0379,1.1937,50.9500,34.6460
02/13/2020,453.8442,-0.6784,50.9500,34.6460
02/12/2020,454.5226,-4.8898,50.9500,34.6460
02/11/2020,459.4124,1.7712,50.9500,34.6460
02/10/2020,457.6412,4.5943,50.9500,34.6460
02/07/2020,453.0469,1.0809,50.9500,34.6460
02/06/2020,451.9660,-1.8040,50.9500,34.6460
02/05/2020,453.7700,1.2257,50.9500,34.1365
02/04/2020,452.5443,0.1189,50.9500,34.1365
02/03/2020,452.4254,0.3774,50.9500,34.1365
01/31/2020,452.0480,-2.8733,50.9500,34.1365
01/30/2020,454.9213,2.6895,50.9500,34.1365
01/29/2020,452.2318,-1.6075,50.9500,34.1365
01/28/2020,453.8393,-0.3521,50.9500,34.1365
01/27/2020,454.1914,1.5322,50.9500,34.1365
01/24/2020,452.6592,2.0711,50.9500,34.1365
01/23/2020,450.5881,-1.1311,50.9500,34.1365
01/22/2020,451.7192,0.6462,50.9500,33.1175
01/21/2020,451.0730,0.7536,50.9500,33.1175
01/20/2020,450.3194,-3.1071,50.9500,33.1175
01/17/2020,453.4265,3.0794,50.9500,33.1175
01/16/2020,450.3471,6.3119,50.9500,33.1175
01/15/2020,444.0352,-0.8836,50.9500,31.0795
01/14/2020,444.9188,0.9657,50.9500,31.0795
01/13/2020,443.9531,1.9718,50.9500,31.0795
01/10/2020,441.9813,-3.6339,50.9500,31.0795
01/09/2020,445.6152,-1.9381,50.9500,31.0795
01/08/2020,447.5533,1.2698,50.9500,32.0985
01/07/2020,446.2835,0.5510,50.9500,32.0985
01/06/2020,445.7325,-0.0717,50.9500,32.0985
01/03/2020,447.2686,3.7669,48.9200,30.8196
01/02/2020,443.5017,-2.2523,48.9200,31.3088
12/31/2019,445.7540,-0.2052,48.9200,31.3088
12/30/2019,445.9592,2.0245,48.9200,31.3088
12/27/2019,443.9347,-6.4577,48.9200,31.3088
12/26/2019,450.3924,7.7362,48.9200,32.2872
12/23/2019,442.6562,1.3574,48.9200,32.2872
12/20/2019,441.2988,-0.5115,48.9200,30.8196
12/19/2019,441.8103,0.0565,48.9200,30.8196
12/18/2019,441.7538,-2.6068,48.9200,30.8196
12/17/2019,444.3606,-3.5122,48.9200,30.8196
12/16/2019,447.8728,0.5331,48.9200,30.8196
12/13/2019,447.3397,1.9733,48.9200,30.8196
12/12/2019,445.3664,-0.0494,48.9200,30.8196
12/11/2019,445.4158,-0.4940,48.9200,31.7980
12/10/2019,445.9098,1.5164,48.9200,31.7980
12/09/2019,444.3934,1.1097,48.9200,31.7980
12/06/2019,443.2837,1.9612,48.9200,31.7980
12/05/2019,441.3225,0.5838,48.9200,31.7980
12/04/2019,440.7387,-2.5536,48.9200,31.3088
12/03/2019,443.2923,-1.2141,48.9200,31.3088
12/02/2019,444.5064,-6.0094,48.9200,31.3088
11/29/2019,450.5158,-3.8664,48.9200,31.3088
11/27/2019,454.3822,1.0378,48.9200,31.3088
11/26/2019,453.3444,1.0592,48.9200,31.3088
11/25/2019,452.2852,-0.7484,48.9200,31.3088
11/22/2019,453.0336,-0.1615,48.9200,31.3088
11/21/2019,453.1951,1.9877,48.9200,31.3088
11/20/2019,451.2074,1.5324,48.9200,30.8196
11/19/2019,449.6750,-0.3445,48.9200,30.8196
11/18/2019,450.0195,4.5111,48.9200,30.8196
11/15/2019,445.5084,-0.5635,48.9200,30.8196
11/14/2019,446.0719,0.7313,48.9200,30.8196
11/13/2019,445.3406,0.3800,48.9200,31.3088
11/12/2019,444.9606,0.4660,48.9200,31.3088
11/11/2019,444.4946,-0.8962,48.9200,31.3088
11/08/2019,445.3908,0.1791,48.9200,31.3088
11/07/2019,445.2117,1.5962,48.9200,31.3088
11/06/2019,443.6155,0.6143,48.9200,31.3088
11/05/2019,443.0012,-0.8946,48.9200,31.3088
11/04/2019,443.8958,2.2598,48.9200,31.3088
11/01/2019,441.6360,0.3576,48.9200,31.3088
10/31/2019,441.2784,0.9992,48.9200,31.3088
10/30/2019,440.2792,-1.5731,48.9200,31.3088
10/29/2019,441.8523,2.5799,48.9200,31.3088
10/28/2019,439.2724,-3.5949,48.9200,31.3088
10/25/2019,442.8673,0.2051,48.9200,31.3088
10/24/2019,442.6622,-0.5566,48.9200,31.3088
10/23/2019,443.2188,0.5692,48.9200,30.8196
10/22/2019,442.6496,-2.1184,48.9200,30.8196
10/21/2019,444.7680,4.9118,48.9200,30.8196
10/18/2019,439.8562,1.1524,48.9200,30.8196
10/17/2019,438.7038,-1.1176,48.9200,30.8196
10/16/2019,439.8214,-0.1429,48.9200,30.8196
10/15/2019,439.9643,-0.5817,48.9200,30.8196
10/14/2019,440.5460,-1.3731,48.9200,30.8196
10/11/2019,441.9191,0.0547,48.9200,30.8196
10/10/2019,441.8644,-0.1775,48.9200,30.8196
10/09/2019,442.0419,-1.5929,48.9200,30.3304
10/08/2019,443.6348,1.2403,48.9200,30.3304
10/07/2019,442.3945,2.6482,48.9200,30.3304
10/04/2019,439.7463,-0.4495,48.9200,30.3304
10/03/2019,440.1958,-0.0529,48.9200,30.3304
10/02/2019,440.2487,0.0400,48.9200,30.8196
10/01/2019,440.2087,-1.1077,48.9200,30.8196
09/30/2019,441.3164,-1.5371,48.9200,30.8196
09/27/2019,442.8535,1.4157,48.9200,30.8196
09/26/2019,441.4378,-0.3413,48.9200,30.8196
09/25/2019,441.7791,1.3647,48.9200,31.3088
09/24/2019,440.4144,1.4702,48.9200,31.3088
09/23/2019,438.9442,-1.0227,48.9200,31.3088
09/20/2019,439.9669,-0.9612,48.9200,31.3088
09/19/2019,440.9281,0.5741,48.9200,31.3088
09/18/2019,440.3540,0.6886,48.9200,31.7980
09/17/2019,439.6654,-0.1690,48.9200,31.7980
09/16/2019,439.8344,1.1855,48.9200,31.7980
09/13/2019,438.6489,0.7868,48.9200,31.7980
09/12/2019,437.8621,-0.7754,48.9200,31.7980
09/11/2019,438.6375,3.2226,48.9200,31.7980
09/10/2019,435.4149,-0.6970,48.9200,31.7980
09/09/2019,436.1119,4.1940,48.9200,31.7980
09/06/2019,431.9179,0.4626,48.9200,31.7980
09/05/2019,431.4553,-3.2069,48.9200,31.7980
09/04/2019,434.6622,-1.3447,48.9200,31.7980
09/03/2019,436.0069,-2.6444,48.9200,31.7980
08/30/2019,438.6513,2.7715,48.9200,31.7980
08/29/2019,435.8798,1.5179,48.9200,31.7980
08/28/2019,434.3619,-0.1336,48.9200,31.3088
08/27/2019,434.4955,6.9133,48.9200,31.3088
08/26/2019,427.5822,0.8316,48.9200,31.3088
08/23/2019,426.7506,-2.0429,48.9200,31.3088
08/22/2019,428.7935,-1.4573,48.9200,31.3088
08/21/2019,430.2508,1.8485,48.9200,32.2872
08/20/2019,428.4023,-5.7831,48.9200,32.2872
08/19/2019,434.1854,1.0525,48.9200,32.2872
08/16/2019,433.1329,-0.6657,48.9200,32.2872
08/15/2019,433.7986,3.3187,48.9200,32.2872
08/14/2019,430.4799,-3.3032,48.9200,31.7980
08/13/2019,433.7831,-1.4963,48.9200,31.7980
08/12/2019,435.2794,-0.8530,48.9200,31.7980
08/09/2019,436.1324,-0.1249,48.9200,31.7980
08/08/2019,436.2573,-0.2675,48.9200,31.7980
08/07/2019,436.5248,1.2215,48.9200,32.7764
08/06/2019,435.3033,1.0219,48.9200,32.7764
08/05/2019,434.2814,1.2285,48.9200,32.7764
08/02/2019,433.0529,0.6903,48.9200,32.7764
08/01/2019,432.3626,-3.1773,48.9200,32.7764
07/31/2019,435.5399,-1.7799,48.9200,32.2872
07/30/2019,437.3198,1.0706,48.9200,32.2872
07/29/2019,436.2492,1.0347,48.9200,32.2872
07/26/2019,435.2145,-0.1088,48.9200,32.2872
07/25/2019,435.3233,-3.7301,48.9200,32.2872
07/24/2019,439.0534,-3.1871,48.9200,31.3088
07/23/2019,442.2405,-1.1222,48.9200,31.3088
07/22/2019,443.3627,0.9625,48.9200,31.3088
07/19/2019,442.4002,1.0468,48.9200,31.3088
07/18/2019,441.3534,3.4144,48.9200,31.3088
07/17/2019,437.9390,2.7368,48.9200,32.2872
07/16/2019,435.2022,0.0229,48.9200,32.2872
07/15/2019,435.1793,-0.0516,48.9200,32.2872
07/12/2019,435.2309,-1.8408,48.9200,32.2872
07/11/2019,437.0717,-1.4933,48.9200,32.2872
07/10/2019,438.5650,0.0192,48.9200,33.2656
07/09/2019,438.5458,0.5953,48.9200,33.2656
07/08/2019,437.9505,10.9019,48.9200,33.2656
07/05/2019,427.0486,2.4091,48.9200,33.7548
07/03/2019,424.6395,0.9018,48.9200,33.7548
07/02/2019,423.7377,-0.0264,48.9200,33.7548
07/01/2019,423.7641,-5.3010,48.9200,33.7548
06/28/2019,429.0651,-4.5050,48.9200,33.7548
06/27/2019,433.5701,2.2837,48.9200,33.7548
06/26/2019,431.2864,-1.5946,48.9200,33.2656
06/25/2019,432.8810,1.6598,48.9200,33.2656
06/24/2019,431.2212,3.2284,48.9200,33.2656
06/21/2019,427.9928,3.7902,48.9200,33.2656
06/20/2019,424.2026,-0.8374,48.9200,33.2656
06/19/2019,425.0400,0.8321,48.9200,32.2872
06/18/2019,424.2079,-2.4943,48.9200,32.2872
06/17/2019,426.7022,-2.0116,48.9200,32.2872
06/14/2019,428.7138,-2.3724,48.9200,32.2872
06/13/2019,431.0862,1.5864,48.9200,32.2872
06/12/2019,429.4998,1.8592,48.9200,32.7764
06/11/2019,427.6406,2.0357,48.9200,32.7764
06/10/2019,425.6049,0.4528,48.9200,32.7764
06/07/2019,425.1521,-0.8308,48.9200,32.7764
06/06/2019,425.9829,0.1642,48.9200,32.7764
06/05/2019,425.8187,1.1926,48.9200,33.2656
06/04/2019,424.6261,-0.2773,48.9200,33.2656
06/03/2019,424.9034,-1.7438,48.9200,33.2656
05/31/2019,426.6472,-0.8161,48.9200,33.2656
05/30/2019,427.4633,-0.1895,48.9200,33.2656
05/29/2019,427.6528,-2.3793,48.9200,32.2872
05/28/2019,430.0321,1.3402,48.9200,32.2872
05/24/2019,428.6919,3.2278,48.9200,32.2872
05/23/2019,425.4641,-5.3973,48.9200,32.2872
05/22/2019,422.7005,1.6153,48.9200,32.7764
05/21/2019,421.0852,-2.5132,48.9200,32.2872
05/20/2019,423.5984,0.1005,48.9200,32.2872
05/17/2019,423.4979,-0.0168,48.9200,32.2872
05/16/2019,423.5147,-5.2287,48.9200,32.2872
05/15/2019,428.7434,0.1617,48.9200,31.3088
05/14/2019,428.5817,1.3953,48.9200,31.3088
05/13/2019,427.1864,3.1785,48.9200,31.3088
05/10/2019,424.0079,-2.0952,48.9200,31.3088
05/09/2019,426.1031,0.8474,48.9200,31.3088
05/08/2019,425.2557,1.5365,48.9200,31.3088
05/07/2019,423.7192,-0.7629,48.9200,31.3088
05/06/2019,424.4821,-2.5326,48.9200,31.3088
05/03/2019,427.0147,0.7278,48.9200,31.3088
05/02/2019,426.2869,-1.7683,48.9200,31.3088
05/01/2019,428.0552,-1.8033,48.9200,33.7548
04/30/2019,429.8585,3.4014,48.9200,33.7548
04/29/2019,426.4571,0.9912,48.9200,33.7548
04/26/2019,425.4659,-0.8737,48.9200,33.7548
04/25/2019,426.3396,2.2765,48.9200,33.7548
04/24/2019,424.0631,2.6961,48.9200,34.7332
04/23/2019,421.3670,-1.9491,48.9200,34.7332
04/22/2019,423.3161,0.9709,48.9200,34.7332
04/19/2019,422.3452,1.2106,48.9200,34.7332
04/18/2019,421.1346,-1.3546,48.9200,34.7332
04/17/2019,422.4892,4.7182,48.9200,34.7332
04/16/2019,417.7710,0.8057,48.9200,34.7332
04/15/2019,416.9653,-0.3633,48.9200,34.7332
04/12/2019,417.3286,2.9591,48.9200,34.7332
04/11/2019,414.3695,1.3028,48.9200,34.7332
04/10/2019,413.0667,-4.6696,48.9200,34.7332
04/09/2019,417.7363,-1.0618,48.9200,34.7332
04/08/2019,418.7981,0.6197,48.9200,34.7332
04/05/2019,418.1784,-2.7588,48.9200,34.7332
04/04/2019,420.9372,1.0813,48.9200,34.7332
04/03/2019,419.8559,-2.3057,48.9200,34.2440
04/02/2019,422.1616,4.0838,48.9200,34.2440
04/01/2019,418.0778,-4.3045,48.9200,34.2440
03/29/2019,422.3823,2.5696,48.9200,34.2440
03/28/2019,419.8127,1.3755,48.9200,34.2440
03/27/2019,418.4372,1.3400,48.9200,34.7332
03/26/2019,417.0972,-4.6811,48.9200,34.7332
03/25/2019,421.7783,2.9100,48.9200,34.7332
03/22/2019,418.8683,4.0133,48.9200,34.7332
03/21/2019,414.8550,-0.9455,48.9200,34.7332
03/20/2019,415.8005,2.4647,48.9200,34.7332
03/19/2019,413.3358,-0.4268,48.9200,34.7332
03/18/2019,413.7626,4.2642,48.9200,34.7332
03/15/2019,409.4984,-2.3984,48.9200,34.7332
03/14/2019,411.8968,2.1373,48.9200,34.7332
03/13/2019,409.7595,-0.6986,48.9200,33.7548
03/12/2019,410.4581,5.9083,48.9200,33.7548
03/11/2019,404.5498,-3.1942,48.9200,33.7548
03/08/2019,407.7440,1.1933,48.9200,33.7548
03/07/2019,406.5507,6.6267,48.9200,33.7548
03/06/2019,399.9240,-1.2772,48.9200,33.7548
03/05/2019,401.2012,-5.2354,48.9200,33.7548
03/04/2019,406.4366,0.0929,48.9200,34.2440
03/01/2019,406.3437,0.2428,48.9200,34.2440
02/28/2019,406.1009,-7.0944,48.9200,34.2440
02/27/2019,413.1953,-2.1130,48.9200,34.2440
02/26/2019,415.3083,0.4029,48.9200,34.2440
02/25/2019,414.9054,-1.2721,48.9200,34.2440
02/22/2019,416.1775,2.1642,48.9200,34.2440
02/21/2019,414.0133,-1.7678,48.9200,34.2440
02/20/2019,415.7811,-0.9696,48.9200,33.7548
02/19/2019,416.7507,-1.7494,48.9200,33.7548
02/18/2019,418.5001,0.6507,48.9200,33.7548
02/15/2019,417.8494,-3.7801,48.9200,33.7548
02/14/2019,421.6295,0.4440,48.9200,32.2872
02/13/2019,421.1855,-0.2384,48.9200,32.2872
02/12/2019,421.4239,4.0262,48.9200,32.2872
02/11/2019,417.3977,-2.5953,48.9200,32.2872
02/08/2019,419.9930,1.2660,48.9200,32.2872
02/07/2019,418.7270,0.1557,48.9200,32.2872
02/06/2019,418.5713,1.1973,48.9200,32.2872
02/05/2019,417.3740,-3.6632,48.9200,33.7548
02/04/2019,421.0372,1.1664,48.9200,33.7548
02/01/2019,419.8708,-6.0664,48.9200,33.7548
01/31/2019,425.9372,-1.4131,48.9200,33.7548
01/30/2019,427.3503,0.8791,48.9200,33.7548
01/29/2019,426.4712,-0.9457,48.9200,33.7548
01/28/2019,427.4169,-2.2150,48.9200,33.7548
01/25/2019,429.6319,1.4293,48.9200,33.7548
01/24/2019,428.2026,0.0511,48.9200,33.7548
01/23/2019,428.1515,0.2657,48.9200,33.7548
01/22/2019,427.8858,2.2198,48.9200,33.7548
01/21/2019,425.6660,2.1711,48.9200,33.7548
01/18/2019,423.4949,2.4771,48.9200,33.7548
01/17/2019,421.0178,1.1723,48.9200,33.7548
01/16/2019,419.8455,5.8737,48.9200,33.7548
01/15/2019,413.9718,-0.6377,48.9200,33.7548
01/14/2019,414.6095,0.6789,48.9200,33.7548
01/11/2019,413.9306,2.9447,48.9200,33.7548
01/10/2019,410.9859,-0.5528,48.9200,33.7548
01/09/2019,411.5387,-3.9348,48.9200,33.7548
01/08/2019,415.4735,-0.0273,48.9200,33.7548
01/07/2019,415.5008,4.0973,48.9200,33.7548
01/04/2019,411.4035,-2.9206,49.1200,33.8928
01/03/2019,414.3241,-3.5207,49.1200,33.8928
01/02/2019,417.8448,-2.4094,49.1200,33.8928
12/31/2018,420.2542,-4.5034,49.1200,33.8928
12/28/2018,424.7576,-2.1563,49.1200,33.8928
12/27/2018,426.9139,9.8091,49.1200,33.8928
12/26/2018,417.1048,-1.3308,49.1200,33.8928
12/21/2018,418.4356,1.5840,49.1200,33.8928
12/20/2018,416.8516,-3.7033,49.1200,33.8928
12/19/2018,420.5549,-1.6956,49.1200,34.3840
12/18/2018,422.2505,0.8886,49.1200,34.3840
12/17/2018,421.3619,1.9535,49.1200,34.3840
12/14/2018,419.4084,-2.4802,49.1200,34.3840
12/13/2018,421.8886,2.2527,49.1200,34.3840
12/12/2018,419.6359,1.4316,49.1200,32.9104
12/11/2018,418.2043,0.7579,49.1200,32.9104
12/10/2018,417.4464,1.5544,49.1200,32.9104
12/07/2018,415.8920,1.5486,49.1200,32.9104
12/06/2018,414.3434,1.4001,49.1200,32.9104
12/05/2018,412.9433,-0.3117,49.1200,33.8928
12/04/2018,413.2550,-0.9603,49.1200,33.8928
12/03/2018,414.2153,1.3904,49.1200,33.8928
11/30/2018,412.8249,2.0147,49.1200,33.8928
11/29/2018,410.8102,-2.9493,49.1200,33.8928
11/28/2018,413.7595,-0.0209,49.1200,32.4192
11/27/2018,413.7804,2.3186,49.1200,32.4192
11/26/2018,411.4618,-3.7400,49.1200,32.4192
11/23/2018,415.2018,-2.0507,49.1200,32.4192
11/21/2018,417.2525,3.9927,49.1200,32.4192
11/20/2018,413.2598,-1.6463,49.1200,32.4192
11/19/2018,414.9061,-0.1389,49.1200,32.4192
11/16/2018,415.0450,3.1563,49.1200,32.4192
11/15/2018,411.8887,-1.9134,49.1200,32.4192
11/14/2018,413.8021,-4.4855,49.1200,32.4192
11/13/2018,418.2876,3.5118,49.1200,32.4192
11/12/2018,414.7758,1.9361,49.1200,32.4192
11/09/2018,412.8397,0.8190,49.1200,32.4192
11/08/2018,412.0207,0.7947,49.1200,32.4192
11/07/2018,411.2260,0.2612,49.1200,32.9104
11/06/2018,410.9648,-1.8051,49.1200,32.9104
11/05/2018,412.7699,1.6405,49.1200,32.9104
11/02/2018,411.1294,-0.6553,49.1200,32.9104
11/01/2018,411.7847,3.4351,49.1200,33.8928
10/31/2018,408.3496,0.9442,49.1200,33.8928
10/30/2018,407.4054,0.5410,49.1200,33.8928
10/29/2018,406.8644,-1.0996,49.1200,33.8928
10/26/2018,407.9640,1.0571,49.1200,33.8928
10/25/2018,406.9069,-5.0994,49.1200,33.8928
10/24/2018,412.0063,-0.7760,49.1200,33.8928
10/23/2018,412.7823,-2.7387,49.1200,33.8928
10/22/2018,415.5210,1.1324,49.1200,33.8928
10/19/2018,414.3886,-2.4570,49.1200,33.8928
10/18/2018,416.8456,1.5805,49.1200,33.8928
10/17/2018,415.2651,0.9098,49.1200,33.8928
10/16/2018,414.3553,2.0720,49.1200,33.8928
10/15/2018,412.2833,-1.7468,49.1200,33.8928
10/12/2018,414.0301,-2.1719,49.1200,33.8928
10/11/2018,416.2020,-0.3572,49.1200,33.8928
10/10/2018,416.5592,-1.7676,49.1200,33.4016
10/09/2018,418.3268,-0.8453,49.1200,33.4016
10/08/2018,419.1721,-0.8650,49.1200,33.4016
10/05/2018,420.0371,4.3077,49.1200,33.4016
10/04/2018,415.7294,-1.0392,49.1200,33.4016
10/03/2018,416.7686,3.2475,49.1200,33.8928
10/02/2018,413.5211,-0.1746,49.1200,33.8928
10/01/2018,413.6957,2.2679,49.1200,33.8928
09/28/2018,411.4278,-2.7565,49.1200,33.8928
09/27/2018,414.1843,-1.2591,49.1200,33.8928
09/26/2018,415.4434,-1.8906,49.1200,32.9104
09/25/2018,417.3340,2.4719,49.1200,32.9104
09/24/2018,414.8621,0.4019,49.1200,32.9104
09/21/2018,414.4602,1.3125,49.1200,32.9104
09/20/2018,413.1477,7.4266,49.1200,32.9104
09/19/2018,405.7211,-3.0409,49.1200,32.9104
09/18/2018,408.7620,-2.2662,49.1200,32.9104
09/17/2018,411.0282,2.0139,49.1200,32.9104
09/14/2018,409.0143,-0.2136,49.1200,32.9104
09/13/2018,409.2279,-5.1849,49.1200,32.9104
09/12/2018,414.4128,2.2854,49.1200,32.9104
09/11/2018,412.1274,0.6459,49.1200,32.9104
09/10/2018,411.4815,-5.9418,49.1200,32.9104
09/07/2018,417.4233,0.1230,49.1200,32.9104
09/06/2018,417.3003,3.7935,49.1200,32.9104
09/05/2018,413.5068,-0.5953,49.1200,33.8928
09/04/2018,414.1021,1.2181,49.1200,33.8928
08/31/2018,412.8840,-0.2566,49.1200,33.8928
08/30/2018,413.1406,1.2763,49.1200,33.8928
08/29/2018,411.8643,3.3154,49.1200,34.3840
08/28/2018,408.5489,-1.0832,49.1200,34.3840
08/27/2018,409.6321,11.3640,49.1200,34.3840
08/24/2018,398.2681,1.7913,49.1200,34.3840
08/23/2018,396.4768,-1.1301,49.1200,34.3840
08/22/2018,397.6069,-0.4555,49.1200,34.8752
08/21/2018,398.0624,0.2746,49.1200,34.8752
08/20/2018,397.7878,5.1020,49.1200,34.8752
08/17/2018,392.6858,-0.7934,49.1200,34.8752
08/16/2018,393.4792,0.4876,49.1200,34.8752
08/15/2018,392.9916,1.5432,49.1200,33.8928
08/14/2018,391.4484,1.0629,49.1200,33.8928
08/13/2018,390.3855,-3.9597,49.1200,33.8928
08/10/2018,394.3452,-0.5213,49.1200,33.8928
08/09/2018,394.8665,-0.1569,49.1200,33.8928
08/08/2018,395.0234,-4.4166,49.1200,34.8752
08/07/2018,399.4400,-1.5460,49.1200,34.8752
08/06/2018,400.9860,-0.8831,49.1200,34.8752
08/03/2018,401.8691,0.7439,49.1200,33.8928
08/02/2018,401.1252,-2.6003,49.1200,33.8928
08/01/2018,403.7255,0.4169,49.1200,33.8928
07/31/2018,403.3086,1.0514,49.1200,33.8928
07/30/2018,402.2572,-14.1611,49.1200,33.8928
07/27/2018,416.4183,0.5314,49.1200,33.8928
07/26/2018,415.8869,-1.7007,49.1200,33.8928
07/25/2018,417.5876,-1.1126,49.1200,33.8928
07/24/2018,418.7002,-1.4171,49.1200,33.8928
07/23/2018,420.1173,-0.4105,49.1200,33.8928
07/20/2018,420.5278,0.5457,49.1200,35.3664
07/19/2018,419.9821,-0.5991,49.1200,35.3664
07/18/2018,420.5812,7.0581,49.1200,35.3664
07/17/2018,413.5231,0.0212,49.1200,35.3664
07/16/2018,413.5019,0.8396,49.1200,35.3664
07/13/2018,412.6623,6.6836,49.1200,35.3664
07/12/2018,405.9787,-0.2663,49.1200,35.3664
07/11/2018,406.2450,2.4070,49.1200,35.3664
07/10/2018,403.8380,0.5789,49.1200,35.3664
07/09/2018,403.2591,-0.2833,49.1200,35.3664
07/06/2018,403.5424,-5.5362,49.1200,35.3664
07/05/2018,409.0786,-0.8669,49.1200,34.3840
07/03/2018,409.9455,-1.0523,49.1200,34.3840
07/02/2018,410.9978,8.7517,49.1200,34.3840
06/29/2018,402.2461,-1.4431,49.1200,34.3840
06/28/2018,403.6892,-2.0451,49.1200,34.3840
06/27/2018,405.7343,2.4122,49.1200,34.3840
06/26/2018,403.3221,-0.7915,49.1200,34.3840
06/25/2018,404.1136,-6.5750,49.1200,34.3840
06/22/2018,410.6886,0.3056,49.1200,34.3840
06/21/2018,410.3830,5.3924,49.1200,34.3840
06/20/2018,404.9906,-3.4735,49.1200,33.8928
06/19/2018,408.4641,0.6770,49.1200,33.8928
06/18/2018,407.7871,-1.8290,49.1200,33.8928
06/15/2018,409.6161,-4.4475,49.1200,33.8928
06/14/2018,414.0636,0.6939,49.1200,33.8928
06/13/2018,413.3697,0.1577,49.1200,35.3664
06/12/2018,413.2120,1.5611,49.1200,35.3664
06/11/2018,411.6509,1.6482,49.1200,35.3664
06/08/2018,410.0027,1.3018,49.1200,35.3664
06/07/2018,408.7009,-0.0595,49.1200,35.3664
06/06/2018,408.7604,1.0294,49.1200,34.8752
06/05/2018,407.7310,-1.2785,49.1200,34.8752
06/04/2018,409.0095,0.9333,49.1200,34.8752
06/01/2018,408.0762,0.9168,49.1200,34.8752
05/31/2018,407.1594,-0.2237,49.1200,34.8752
05/30/2018,407.3831,-4.3184,49.1200,33.4016
05/29/2018,411.7015,5.9223,49.1200,33.4016
05/25/2018,405.7792,-0.0374,49.1200,33.4016
05/24/2018,405.8166,-2.5105,49.1200,33.4016
05/23/2018,408.3271,4.0610,49.1200,34.3840
05/22/2018,404.2661,-2.1804,49.1200,34.3840
05/21/2018,406.4465,2.3847,49.1200,34.3840
05/18/2018,404.0618,3.6120,49.1200,34.3840
05/17/2018,400.4498,0.0671,49.1200,34.3840
05/16/2018,400.3827,-1.9114,49.1200,35.8576
05/15/2018,402.2941,-0.4929,49.1200,35.8576
05/14/2018,402.7870,1.7389,49.1200,35.8576
05/11/2018,401.0481,-1.9208,49.1200,35.8576
05/10/2018,402.9689,-1.2560,49.1200,35.8576
05/09/2018,404.2249,2.1277,49.1200,35.8576
05/08/2018,402.0972,2.2797,49.1200,35.8576
05/07/2018,399.8175,-3.3140,49.1200,35.8576
05/04/2018,403.1315,2.3174,49.1200,35.8576
05/03/2018,400.8141,2.0414,49.1200,35.8576
05/02/2018,398.7727,-1.5387,49.1200,35.8576
05/01/2018,400.3114,-0.9060,49.1200,35.8576
04/30/2018,401.2174,-1.0409,49.1200,35.8576
04/27/2018,402.2583,0.6026,49.1200,35.8576
04/26/2018,401.6557,-0.8123,49.1200,35.8576
04/25/2018,402.4680,0.2668,49.1200,32.4192
04/24/2018,402.2012,0.0509,49.1200,32.4192
04/23/2018,402.1503,5.2220,49.1200,32.4192
04/20/2018,396.9283,-0.1504,49.1200,32.4192
04/19/2018,397.0787,-1.0197,49.1200,32.4192
04/18/2018,398.0984,1.1901,49.1200,32.9104
04/17/2018,396.9083,2.9405,49.1200,32.9104
04/16/2018,393.9678,-2.7215,49.1200,32.9104
04/13/2018,396.6893,-0.1645,49.1200,32.9104
04/12/2018,396.8538,-0.2023,49.1200,34.8752
04/11/2018,397.0561,-3.3339,49.1200,34.8752
04/10/2018,400.3900,-1.5418,49.1200,34.8752
04/09/2018,401.9318,-2.8256,49.1200,34.8752
04/06/2018,404.7574,6.5902,49.1200,34.8752
04/05/2018,398.1672,-1.4316,49.1200,34.8752
04/04/2018,399.5988,4.5442,49.1200,35.8576
04/03/2018,395.0546,-0.5614,49.1200,35.8576
04/02/2018,395.6160,-3.8038,49.1200,35.8576
03/30/2018,399.4198,-3.1511,49.1200,35.8576
03/29/2018,402.5709,-0.7398,49.1200,35.8576
03/28/2018,403.3107,-1.3849,49.1200,36.3488
03/27/2018,404.6956,-0.5857,49.1200,36.3488
03/26/2018,405.2813,4.2246,49.1200,36.3488
03/23/2018,401.0567,0.5864,49.1200,36.3488
03/22/2018,400.4703,6.6375,49.1200,36.3488
03/21/2018,393.8328,-1.1234,49.1200,37.3312
03/20/2018,394.9562,1.7690,49.1200,37.3312
03/19/2018,393.1872,5.7859,49.1200,37.3312
03/16/2018,387.4013,1.3912,49.1200,37.3312
03/15/2018,386.0101,-10.8060,49.1200,37.3312
03/14/2018,396.8161,2.3455,49.1200,36.8400
03/13/2018,394.4706,2.4513,49.1200,36.8400
03/12/2018,392.0193,-12.7941,49.1200,36.8400
03/09/2018,403.5055,0.1103,49.1200,36.8400
03/08/2018,403.3952,4.1923,49.1200,36.8400
03/07/2018,399.2029,0.7102,49.1200,36.3488
03/06/2018,398.4927,5.4163,49.1200,36.3488
03/05/2018,393.0764,2.4707,49.1200,36.3488
03/02/2018,390.6057,-3.0595,49.1200,36.3488
03/01/2018,393.6652,-1.3896,49.1200,36.3488
02/28/2018,395.0548,-1.0452,49.1200,36.3488
02/27/2018,396.1000,0.8799,49.1200,36.3488
02/26/2018,395.2201,-2.8807,49.1200,36.3488
02/23/2018,398.1008,2.2140,49.1200,36.3488
02/22/2018,395.8868,3.6745,49.1200,36.3488
02/21/2018,392.2123,-2.8187,49.1200,35.3664
02/20/2018,395.0310,-6.0034,49.1200,35.3664
02/19/2018,401.0344,-0.1081,49.1200,35.3664
02/16/2018,401.1425,2.4207,49.1200,35.3664
02/15/2018,398.7218,-5.6584,49.1200,35.3664
02/14/2018,404.3802,0.8093,49.1200,36.3488
02/13/2018,403.5709,0.1080,49.1200,36.3488
02/12/2018,403.4629,6.9668,49.1200,36.3488
02/09/2018,396.4961,-2.2206,49.1200,36.3488
02/08/2018,398.7167,0.0942,49.1200,36.3488
02/07/2018,398.6225,1.4384,49.1200,35.8576
02/06/2018,397.1841,-0.0895,49.1200,35.8576
02/05/2018,397.2736,-8.6493,49.1200,35.8576
02/02/2018,405.9229,12.6205,49.1200,35.8576
02/01/2018,393.3024,0.9701,49.1200,35.8576
01/31/2018,392.3323,0.3902,49.1200,35.3664
01/30/2018,391.9421,-0.2127,49.1200,35.3664
01/29/2018,392.1548,0.8671,49.1200,35.3664
01/26/2018,391.2877,-4.2782,49.1200,35.3664
01/25/2018,395.5659,0.4539,49.1200,35.3664
01/24/2018,395.1120,-0.8292,49.1200,35.3664
01/23/2018,395.9412,0.2914,49.1200,35.3664
01/22/2018,395.6498,-1.0437,49.1200,35.3664
01/19/2018,396.6935,-6.8247,49.1200,35.3664
01/18/2018,403.5182,-1.2170,49.1200,35.3664
01/17/2018,404.7352,-1.5915,49.1200,33.4016
01/16/2018,406.3267,-1.0650,49.1200,33.4016
01/15/2018,407.3917,0.2828,49.1200,33.4016
01/12/2018,407.1089,4.2218,49.1200,33.4016
01/11/2018,402.8871,-1.1064,49.1200,33.4016
01/10/2018,403.9935,-1.3837,49.1200,33.4016
01/09/2018,405.3772,0.4468,49.1200,33.4016
01/08/2018,404.9304,-2.2265,49.1200,33.4016
01/05/2018,407.1569,-9.0117,49.1200,33.8928
01/04/2018,416.1686,1.6499,49.1200,33.8928
01/03/2018,414.5187,1.1693,49.1200,33.8928
01/02/2018,413.3494,0.0861,49.1200,33.8928
12/29/2017,413.2633,-2.1894,49.1200,33.8928
12/28/2017,415.4527,5.6621,49.1200,33.8928
12/27/2017,409.7906,5.4406,49.1200,34.8752
12/26/2017,404.3500,-5.7248,49.1200,34.8752
12/22/2017,410.0748,-1.5646,49.1200,34.8752
12/21/2017,411.6394,-5.1327,49.1200,34.8752
12/20/2017,416.7721,-5.4255,49.1200,34.8752
12/19/2017,422.1976,3.8133,49.1200,34.8752
12/18/2017,418.3843,2.2372,49.1200,34.8752
12/15/2017,416.1471,3.0408,49.1200,34.8752
12/14/2017,413.1063,4.4401,49.1200,34.8752
12/13/2017,408.6662,-1.5488,49.1200,32.4192
12/12/2017,410.2150,-3.2373,49.1200,32.4192
12/11/2017,413.4523,-0.3992,49.1200,32.4192
12/08/2017,413.8515,-2.4976,49.1200,32.4192
12/07/2017,416.3491,-1.8856,49.1200,32.4192
12/06/2017,418.2347,-3.4288,49.1200,33.8928
12/05/2017,421.6635,-0.0516,49.1200,33.8928
12/04/2017,421.7151,3.5442,49.1200,33.8928
12/01/2017,418.1709,-1.0688,49.1200,33.8928
11/30/2017,419.2397,-5.9188,49.1200,33.8928
11/29/2017,425.1585,3.5632,49.1200,32.9104
11/28/2017,421.5953,-4.1467,49.1200,32.9104
11/27/2017,425.7420,-5.7693,49.1200,32.9104
11/24/2017,431.5113,2.1244,49.1200,32.9104
11/22/2017,429.3869,-3.7579,49.1200,33.4016
11/21/2017,433.1448,4.0386,49.1200,33.4016
11/20/2017,429.1062,1.8490,49.1200,33.4016
11/17/2017,427.2572,1.3774,49.1200,33.4016
11/16/2017,425.8798,-4.5529,49.1200,33.4016
11/15/2017,430.4327,2.2847,49.1200,32.9104
11/14/2017,428.1480,1.9340,49.1200,32.9104
11/13/2017,426.2140,6.0914,49.1200,32.9104
11/10/2017,420.1226,3.5248,49.1200,32.9104
11/09/2017,416.5978,0.9353,49.1200,32.9104
11/08/2017,415.6625,1.0058,49.1200,32.4192
11/07/2017,414.6567,-2.2347,49.1200,32.4192
11/06/2017,416.8914,-0.5559,49.1200,32.4192
11/03/2017,417.4473,-3.2867,49.1200,32.4192
11/02/2017,420.7340,1.1560,49.1200,32.4192
11/01/2017,419.5780,0.3763,49.1200,32.4192
10/31/2017,419.2017,-4.2432,49.1200,32.4192
10/30/2017,423.4449,0.1956,49.1200,32.4192
10/27/2017,423.2493,-2.3469,49.1200,32.4192
10/26/2017,425.5962,-1.2919,49.1200,32.4192
10/25/2017,426.8881,-3.7964,49.1200,31.4368
10/24/2017,430.6845,2.7525,49.1200,31.4368
10/23/2017,427.9320,1.5380,49.1200,31.4368
10/20/2017,426.3940,1.3592,49.1200,31.4368
10/19/2017,425.0348,0.6849,49.1200,31.4368
10/18/2017,424.3499,1.6319,49.1200,32.9104
10/17/2017,422.7180,-0.0758,49.1200,32.9104
10/16/2017,422.7938,-4.5175,49.1200,32.9104
10/13/2017,427.3113,-1.7127,49.1200,32.9104
10/12/2017,429.0240,-4.6828,49.1200,32.9104
10/11/2017,433.7068,-1.0278,49.1200,32.4192
10/10/2017,434.7346,7.4675,49.1200,32.4192
10/09/2017,427.2671,-6.4194,49.1200,32.4192
10/06/2017,433.6865,2.4519,49.1200,32.4192
10/05/2017,431.2346,-3.6102,49.1200,32.4192
10/04/2017,434.8448,-8.5369,49.1200,32.4192
10/03/2017,443.3817,-4.7401,49.1200,32.4192
10/02/2017,448.1218,9.8947,49.1200,32.4192
09/29/2017,438.2271,0.5395,49.1200,32.4192
09/28/2017,437.6876,5.3769,49.1200,32.4192
09/27/2017,432.3107,-2.2810,49.1200,32.4192
09/26/2017,434.5917,1.8730,49.1200,32.4192
09/25/2017,432.7187,-5.2663,49.1200,32.4192
09/22/2017,437.9850,-2.1395,49.1200,31.4368
09/21/2017,440.1245,0.1664,49.1200,31.4368
09/20/2017,439.9581,3.1820,49.1200,31.4368
09/19/2017,436.7761,-2.0574,49.1200,31.4368
09/18/2017,438.8335,1.3741,49.1200,31.4368
09/15/2017,437.4594,0.2109,49.1200,31.4368
09/14/2017,437.2485,-5.2994,49.1200,31.4368
09/13/2017,442.5479,-1.3090,49.1200,33.4016
09/12/2017,443.8569,1.3430,49.1200,33.4016
09/11/2017,442.5139,-2.9157,49.1200,33.4016
09/08/2017,445.4296,0.7707,49.1200,33.4016
09/07/2017,444.6589,-0.2904,49.1200,33.4016
09/06/2017,444.9493,-0.4304,49.1200,32.9104
09/05/2017,445.3797,-0.3409,49.1200,32.9104
09/01/2017,445.7206,-4.5870,49.1200,32.9104
08/31/2017,450.3076,-0.5237,49.1200,32.9104
08/30/2017,450.8313,-0.5228,49.1200,32.9104
08/29/2017,451.3541,-2.8853,49.1200,32.9104
08/28/2017,454.2394,1.9519,49.1200,32.9104
08/25/2017,452.2875,-1.0664,49.1200,32.9104
08/24/2017,453.3539,-0.8758,49.1200,32.9104
08/23/2017,454.2297,0.2832,49.1200,33.8928
08/22/2017,453.9465,-0.8711,49.1200,33.8928
08/21/2017,454.8176,-2.8495,49.1200,33.8928
08/18/2017,457.6671,3.2584,49.1200,33.8928
08/17/2017,454.4087,0.1517,49.1200,33.8928
08/16/2017,454.2570,0.1625,49.1200,33.8928
08/15/2017,454.0945,1.3713,49.1200,33.8928
08/14/2017,452.7232,2.5827,49.1200,33.8928
08/11/2017,450.1405,-7.1342,49.1200,33.8928
08/10/2017,457.2747,-3.6034,49.1200,33.8928
08/09/2017,460.8781,-2.4242,49.1200,33.4016
08/08/2017,463.3023,-3.1733,49.1200,33.4016
08/07/2017,466.4756,-3.3810,49.1200,33.4016
08/04/2017,469.8566,2.6650,49.1200,33.4016
08/03/2017,467.1916,-1.7512,49.1200,33.4016
08/02/2017,468.9428,1.4296,49.1200,33.8928
08/01/2017,467.5132,-0.9813,49.1200,33.8928
07/31/2017,468.4945,3.4340,49.1200,33.8928
07/28/2017,465.0605,-2.2291,49.1200,33.8928
07/27/2017,467.2896,2.9065,49.1200,33.8928
07/26/2017,464.3831,-3.8561,49.1200,31.9280
07/25/2017,468.2392,2.0175,49.1200,31.9280
07/24/2017,466.2217,-2.7222,49.1200,31.9280
07/21/2017,468.9439,-0.7870,49.1200,31.9280
07/20/2017,469.7309,1.5675,49.1200,33.8928
07/19/2017,468.1634,0.8505,49.1200,33.8928
07/18/2017,467.3129,1.8019,49.1200,33.8928
07/17/2017,465.5110,2.8476,49.1200,33.8928
07/14/2017,462.6634,11.2380,49.1200,33.8928
07/13/2017,451.4254,-3.6649,49.1200,33.8928
07/12/2017,455.0903,-4.4287,49.1200,32.4192
07/11/2017,459.5190,-0.7427,49.1200,32.4192
07/10/2017,460.2617,-3.1093,49.1200,32.4192
07/07/2017,463.3710,-4.0806,49.1200,32.4192
07/06/2017,467.4516,4.7636,49.1200,32.4192
07/05/2017,462.6880,-3.0056,49.1200,33.4016
07/03/2017,465.6936,2.1097,49.1200,33.4016
06/30/2017,463.5839,0.7875,49.1200,33.4016
06/29/2017,462.7964,-0.9753,49.1200,33.4016
06/28/2017,463.7717,3.2202,49.1200,33.8928
06/27/2017,460.5515,-0.5038,49.1200,33.8928
06/26/2017,461.0553,2.7932,49.1200,33.8928
06/23/2017,458.2621,2.6304,49.1200,33.8928
06/22/2017,455.6317,-5.7733,49.1200,33.4016
06/21/2017,461.4050,-0.6711,49.1200,33.4016
06/20/2017,462.0761,0.1071,49.1200,33.4016
06/19/2017,461.9690,-1.1636,49.1200,33.4016
06/16/2017,463.1326,-3.2339,49.1200,33.4016
06/15/2017,466.3665,6.9420,49.1200,33.4016
06/14/2017,459.4245,-0.2256,49.1200,31.9280
06/13/2017,459.6501,3.7817,49.1200,31.9280
06/12/2017,455.8684,4.9518,49.1200,31.9280
06/09/2017,450.9166,4.1447,49.1200,31.9280
06/08/2017,446.7719,-3.0984,49.1200,31.9280
06/07/2017,449.8703,1.9275,49.1200,33.8928
06/06/2017,447.9428,-3.4061,49.1200,33.8928
06/05/2017,451.3489,-4.8105,49.1200,33.8928
06/02/2017,456.1594,-2.6909,49.1200,33.8928
06/01/2017,458.8503,10.6951,49.1200,33.8928
05/31/2017,448.1552,0.5053,49.1200,32.9104
05/30/2017,447.6499,3.6961,49.1200,32.9104
05/26/2017,443.9538,-0.4758,49.1200,32.9104
05/25/2017,444.4296,-1.3112,49.1200,32.9104
05/24/2017,445.7408,2.6260,49.1200,33.8928
05/23/2017,443.1148,2.6017,49.1200,33.8928
05/22/2017,440.5131,2.0890,49.1200,33.8928
05/19/2017,438.4241,1.4507,49.1200,33.8928
05/18/2017,436.9734,2.8724,49.1200,33.8928
05/17/2017,434.1010,1.5972,49.1200,34.8752
05/16/2017,432.5038,1.4537,49.1200,34.8752
05/15/2017,431.0501,2.9528,49.1200,34.8752
05/12/2017,428.0973,12.7492,49.1200,34.8752
05/11/2017,415.3481,3.3521,49.1200,34.8752
05/10/2017,411.9960,1.7404,49.1200,33.8928
05/09/2017,410.2556,-1.5031,49.1200,33.8928
05/08/2017,411.7587,4.0375,49.1200,33.8928
05/05/2017,407.7212,0.7080,49.1200,33.8928
05/04/2017,407.0132,3.6875,49.1200,33.8928
05/03/2017,403.3257,2.6739,49.1200,29.4720
05/02/2017,400.6518,5.8305,49.1200,29.4720
05/01/2017,394.8213,5.3199,49.1200,29.4720
04/28/2017,389.5014,5.5138,49.1200,29.4720
04/27/2017,383.9876,-0.1859,49.1200,29.4720
04/26/2017,384.1735,2.4700,49.1200,32.9104
04/25/2017,381.7035,9.5858,49.1200,32.9104
04/24/2017,372.1177,0.5792,49.1200,32.9104
04/21/2017,371.5385,-1.5536,49.1200,32.9104
04/20/2017,373.0921,2.0096,49.1200,32.9104
04/19/2017,371.0825,1.3733,49.1200,34.8752
04/18/2017,369.7092,-6.9134,49.1200,34.8752
04/17/2017,376.6226,2.5341,49.1200,34.8752
04/14/2017,374.0885,2.8291,49.1200,34.8752
04/13/2017,371.2594,2.7242,49.1200,34.8752
04/12/2017,368.5352,1.2123,49.1200,35.3664
04/11/2017,367.3229,2.6174,49.1200,35.3664
04/10/2017,364.7055,2.0344,49.1200,35.3664
04/07/2017,362.6711,-0.9163,49.1200,35.3664
04/06/2017,363.5874,0.1823,49.1200,35.3664
04/05/2017,363.4051,2.1360,49.1200,35.8576
04/04/2017,361.2691,4.9333,49.1200,35.8576
04/03/2017,356.3358,-0.9410,49.1200,35.8576
03/31/2017,357.2768,4.8624,49.1200,35.8576
03/30/2017,352.4144,1.2968,49.1200,35.8576
03/29/2017,351.1176,1.8851,49.1200,35.3664
03/28/2017,349.2325,-2.7675,49.1200,35.3664
03/27/2017,352.0000,3.4235,49.1200,35.3664
03/24/2017,348.5765,-1.7112,49.1200,35.3664
03/23/2017,350.2877,2.1534,49.1200,35.3664
03/22/2017,348.1343,1.8383,49.1200,35.8576
03/21/2017,346.2960,-0.2788,49.1200,35.8576
03/20/2017,346.5748,-2.3214,49.1200,35.8576
03/17/2017,348.8962,-0.7897,49.1200,35.8576
03/16/2017,349.6859,-5.4708,49.1200,35.8576
03/15/2017,355.1567,-2.1306,49.1200,35.8576
03/14/2017,357.2873,2.0803,49.1200,35.8576
03/13/2017,355.2070,4.0751,49.1200,35.8576
03/10/2017,351.1319,1.8152,49.1200,35.8576
03/09/2017,349.3167,-0.2799,49.1200,35.8576
03/08/2017,349.5966,3.1745,49.1200,34.8752
03/07/2017,346.4221,-1.5439,49.1200,34.8752
03/06/2017,347.9660,-4.7603,49.1200,34.8752
03/03/2017,352.7263,2.2754,49.1200,34.8752
03/02/2017,350.4509,-0.7049,49.1200,34.8752
03/01/2017,351.1558,-4.4282,49.1200,35.3664
02/28/2017,355.5840,5.2398,49.1200,35.3664
02/27/2017,350.3442,-1.0091,49.1200,35.3664
02/24/2017,351.3533,0.3290,49.1200,35.3664
02/23/2017,351.0243,2.9864,49.1200,35.3664
02/22/2017,348.0379,0.5038,49.1200,34.8752
02/21/2017,347.5341,-8.7585,49.1200,34.8752
02/20/2017,356.2926,5.3873,49.1200,34.8752
02/17/2017,350.9053,-0.4883,49.1200,34.8752
02/16/2017,351.3936,-1.7043,49.1200,34.3840
02/15/2017,353.0979,0.5840,49.1200,34.3840
02/14/2017,352.5139,-2.6019,49.1200,34.3840
02/13/2017,355.1158,-3.0957,49.1200,34.3840
02/10/2017,358.2115,-6.0948,49.1200,34.3840
02/09/2017,364.3063,3.0220,49.1200,34.3840
02/08/2017,361.2843,1.8488,49.1200,35.3664
02/07/2017,359.4355,-0.1789,49.1200,35.3664
02/06/2017,359.6144,-1.0136,49.1200,35.3664
02/03/2017,360.6280,0.6779,49.1200,35.3664
02/02/2017,359.9501,-1.0674,49.1200,35.3664
02/01/2017,361.0175,-2.8743,49.1200,34.8752
01/31/2017,363.8918,1.4934,49.1200,34.8752
01/30/2017,362.3984,-2.8501,49.1200,34.8752
01/27/2017,365.2485,2.3537,49.1200,34.8752
01/26/2017,362.8948,1.7463,49.1200,34.8752
01/25/2017,361.1485,-0.6249,49.1200,34.8752
01/24/2017,361.7734,-0.8086,49.1200,34.8752
01/23/2017,362.5820,5.4760,49.1200,34.8752
01/20/2017,357.1060,-0.9617,49.1200,34.8752
01/19/2017,358.0677,-1.7683,49.1200,34.8752
01/18/2017,359.8360,0.2927,49.1200,33.8928
01/17/2017,359.5433,0.5202,49.1200,33.8928
01/16/2017,359.0231,-5.5342,49.1200,33.8928
01/13/2017,364.5573,-1.7351,49.1200,33.8928
01/12/2017,366.2924,2.7668,49.1200,32.9104
01/11/2017,363.5256,1.4490,49.1200,32.9104
01/10/2017,362.0766,-0.3754,49.1200,32.9104
01/09/2017,362.4520,-2.0244,49.1200,32.9104
01/06/2017,360.7273,-11.4721,49.1600,32.9372
01/05/2017,372.1994,-6.3517,49.1600,32.9372
01/04/2017,374.6898,-0.2268,49.1600,32.9372
01/03/2017,374.9166,8.7364,49.1600,32.9372
12/30/2016,366.1802,-0.2223,49.1600,32.9372
12/29/2016,366.4025,-3.6534,49.1600,32.9372
12/28/2016,370.0559,-2.0622,49.1600,33.9204
12/27/2016,372.1181,7.3335,49.1600,33.9204
12/23/2016,364.7846,3.4216,49.1600,33.9204
12/22/2016,361.3630,2.2586,49.1600,33.9204
12/21/2016,359.1044,0.6245,49.1600,32.4456
12/20/2016,358.4799,0.9845,49.1600,32.4456
12/19/2016,357.4954,-9.1668,49.1600,32.4456
12/16/2016,366.6622,2.3648,49.1600,32.4456
12/15/2016,364.2974,-1.8409,49.1600,32.4456
12/14/2016,366.1383,1.5524,49.1600,32.4456
12/13/2016,364.5859,-0.5738,49.1600,32.4456
12/12/2016,365.1597,2.8806,49.1600,32.4456
12/09/2016,362.2791,0.6610,49.1600,32.4456
12/08/2016,361.6181,1.6092,49.1600,32.4456
12/07/2016,360.0089,0.4016,49.1600,32.9372
12/06/2016,359.6073,-0.6647,49.1600,32.9372
12/05/2016,360.2720,3.0949,49.1600,32.9372
12/02/2016,357.1771,-5.3181,49.1600,32.9372
12/01/2016,362.4952,-1.4921,49.1600,32.9372
11/30/2016,363.9873,-1.8764,49.1600,32.9372
11/29/2016,365.8637,-1.9574,49.1600,32.9372
11/28/2016,367.8211,-0.1368,49.1600,32.9372
11/25/2016,367.9579,1.1986,49.1600,32.9372
11/23/2016,366.7593,0.9669,49.1600,32.4456
11/22/2016,365.7924,0.7080,49.1600,32.4456
11/21/2016,365.0844,3.4299,49.1600,32.4456
11/18/2016,361.6545,-0.0698,49.1600,32.4456
11/17/2016,361.7243,0.7956,49.1600,32.4456
11/16/2016,360.9287,-0.3614,49.1600,32.4456
11/15/2016,361.2901,-0.0677,49.1600,32.4456
11/14/2016,361.3578,-2.4504,49.1600,32.4456
11/11/2016,363.8082,-1.7477,49.1600,32.4456
11/10/2016,365.5559,-0.7620,49.1600,32.4456
11/09/2016,366.3179,1.5570,49.1600,32.4456
11/08/2016,364.7609,1.0702,49.1600,32.4456
11/07/2016,363.6907,-1.7979,49.1600,32.4456
11/04/2016,365.4886,1.2122,49.1600,32.4456
11/03/2016,364.2764,5.8993,49.1600,32.4456
11/02/2016,358.3771,-0.4251,49.1600,31.9540
11/01/2016,358.8022,-0.8532,49.1600,31.9540
10/31/2016,359.6554,-1.6205,49.1600,31.9540
10/28/2016,361.2759,2.9283,49.1600,31.9540
10/27/2016,358.3476,-4.5487,49.1600,31.9540
10/26/2016,362.8963,-2.0086,49.1600,31.9540
10/25/2016,364.9049,-0.6556,49.1600,31.9540
10/24/2016,365.5605,0.5446,49.1600,31.9540
10/21/2016,365.0159,0.1428,49.1600,31.9540
10/20/2016,364.8731,-4.2629,49.1600,31.9540
10/19/2016,369.1360,0.7653,49.1600,31.9540
10/18/2016,368.3707,0.9577,49.1600,31.9540
10/17/2016,367.4130,-0.8765,49.1600,31.9540
10/14/2016,368.2895,-0.5492,49.1600,31.9540
10/13/2016,368.8387,5.1439,49.1600,31.4624
10/12/2016,363.6948,0.5130,49.1600,31.4624
10/11/2016,363.1818,0.1899,49.1600,31.4624
10/10/2016,362.9919,-0.2415,49.1600,31.4624
10/07/2016,363.2334,-0.9185,49.1600,31.4624
10/06/2016,364.1519,-5.4645,49.1600,31.4624
10/05/2016,369.6164,1.1661,49.1600,31.4624
10/04/2016,368.4503,1.6867,49.1600,31.4624
10/03/2016,366.7636,2.2091,49.1600,31.4624
09/30/2016,364.5545,-0.1511,49.1600,31.4624
09/29/2016,364.7056,-1.6614,49.1600,31.4624
09/28/2016,366.3670,-2.9088,49.1600,30.9708
09/27/2016,369.2758,0.1842,49.1600,30.9708
09/26/2016,369.0916,-0.5440,49.1600,30.9708
09/23/2016,369.6356,0.9389,49.1600,30.9708
09/22/2016,368.6967,0.4756,49.1600,30.9708
09/21/2016,368.2211,0.1519,49.1600,31.9540
09/20/2016,368.0692,7.3264,49.1600,31.9540
09/19/2016,360.7428,-7.7697,49.1600,31.9540
09/16/2016,368.5125,-0.8637,49.1600,31.9540
09/15/2016,369.3762,-0.9986,49.1600,31.9540
09/14/2016,370.3748,-0.4179,49.1600,31.9540
09/13/2016,370.7927,0.0397,49.1600,31.9540
09/12/2016,370.7530,-2.6406,49.1600,31.9540
09/09/2016,373.3936,1.7826,49.1600,31.9540
09/08/2016,371.6110,-1.6940,49.1600,31.9540
09/07/2016,373.3050,4.5168,49.1600,32.4456
09/06/2016,368.7882,8.8221,49.1600,32.4456
09/02/2016,359.9661,-0.1872,49.1600,32.4456
09/01/2016,360.1533,0.2195,49.1600,32.4456
08/31/2016,359.9338,0.3780,49.1600,32.9372
08/30/2016,359.5558,-2.0397,49.1600,32.9372
08/29/2016,361.5955,-7.6358,49.1600,32.9372
08/26/2016,369.2313,-3.6891,49.1600,32.9372
08/25/2016,372.9204,1.3770,49.1600,32.9372
08/24/2016,371.5434,-0.5726,49.1600,33.4288
08/23/2016,372.1160,1.4051,49.1600,33.4288
08/22/2016,370.7109,0.1232,49.1600,33.4288
08/19/2016,370.5877,0.7125,49.1600,34.4120
08/18/2016,369.8752,-0.7518,49.1600,34.4120
08/17/2016,370.6270,0.7477,49.1600,34.4120
08/16/2016,369.8793,5.5244,49.1600,34.4120
08/15/2016,364.3549,1.9497,49.1600,34.4120
08/12/2016,362.4052,2.8393,49.1600,34.4120
08/11/2016,359.5659,2.3602,49.1600,34.4120
08/10/2016,357.2057,-1.4090,49.1600,33.9204
08/09/2016,358.6147,0.6554,49.1600,33.9204
08/08/2016,357.9593,-1.3267,49.1600,33.9204
08/05/2016,359.2860,-4.9797,49.1600,33.9204
08/04/2016,364.2657,1.0489,49.1600,34.4120
08/03/2016,363.2168,7.4601,49.1600,34.4120
08/02/2016,355.7567,-1.6639,49.1600,34.4120
08/01/2016,357.4206,0.9384,49.1600,34.4120
07/29/2016,356.4822,-0.9094,49.1600,34.4120
07/28/2016,357.3916,-1.9524,49.1600,34.4120
07/27/2016,359.3440,-7.0864,49.1600,33.9204
07/26/2016,366.4304,0.1587,49.1600,33.9204
07/25/2016,366.2717,3.1198,49.1600,33.9204
07/22/2016,363.1519,14.4368,49.1600,33.9204
07/21/2016,348.7151,3.5211,49.1600,33.9204
07/20/2016,345.1940,2.2571,49.1600,33.4288
07/19/2016,342.9369,0.5519,49.1600,33.4288
07/18/2016,342.3850,-0.8264,49.1600,33.4288
07/15/2016,343.2114,-14.0213,49.1600,33.9204
07/14/2016,357.2327,-6.4369,49.1600,33.9204
07/13/2016,363.6696,1.6660,49.1600,33.9204
07/12/2016,362.0036,5.2940,49.1600,33.9204
07/11/2016,356.7096,0.1833,49.1600,33.9204
07/08/2016,356.5263,-1.2183,49.1600,33.9204
07/07/2016,357.7446,5.2425,49.1600,33.9204
07/06/2016,352.5021,1.7057,49.1600,34.4120
07/05/2016,350.7964,15.6915,49.1600,34.4120
07/01/2016,335.1049,0.6273,49.1600,34.4120
06/30/2016,334.4776,1.7099,49.1600,34.4120
06/29/2016,332.7677,0.3784,49.1600,33.9204
06/28/2016,332.3893,-12.6259,49.1600,33.9204
06/27/2016,345.0152,-1.0798,49.1600,33.9204
06/24/2016,346.0950,-1.1566,49.1600,33.9204
06/23/2016,347.2516,-1.4247,49.1600,34.4120
06/22/2016,348.6763,1.8804,49.1600,34.4120
06/21/2016,346.7959,-0.7103,49.1600,34.4120
06/20/2016,347.5062,-1.0296,49.1600,34.4120
06/17/2016,348.5358,-0.5470,49.1600,34.4120
06/16/2016,349.0828,-0.9615,49.1600,34.4120
06/15/2016,350.0443,0.0804,49.1600,34.9036
06/14/2016,349.9639,0.6122,49.1600,34.9036
06/13/2016,349.3517,-1.6059,49.1600,34.9036
06/10/2016,350.9576,-2.1432,49.1600,34.9036
06/09/2016,353.1008,3.5718,49.1600,34.9036
06/08/2016,349.5290,-2.1996,49.1600,35.3952
06/07/2016,351.7286,2.8114,49.1600,35.3952
06/06/2016,348.9172,-0.0452,49.1600,35.3952
06/03/2016,348.9624,2.4445,49.1600,35.3952
06/02/2016,346.5179,-2.0719,49.1600,35.3952
06/01/2016,348.5898,0.4909,49.1600,35.3952
05/31/2016,348.0989,-3.2757,49.1600,35.3952
05/27/2016,351.3746,0.1374,49.1600,35.3952
05/26/2016,351.2372,-1.9706,49.1600,35.3952
05/25/2016,353.2078,-0.3505,49.1600,36.3784
05/24/2016,353.5583,2.7398,49.1600,36.3784
05/23/2016,350.8185,-1.1610,49.1600,36.3784
05/20/2016,351.9795,-1.2129,49.1600,36.3784
05/19/2016,353.1924,2.8740,49.1600,36.3784
05/18/2016,350.3184,-1.2473,49.1600,32.9372
05/17/2016,351.5657,-2.0566,49.1600,32.9372
05/16/2016,353.6223,1.7208,49.1600,32.9372
05/13/2016,351.9015,3.0540,49.1600,32.9372
05/12/2016,348.8475,-0.8834,49.1600,32.9372
05/11/2016,349.7309,1.9703,49.1600,33.9204
05/10/2016,347.7606,0.8641,49.1600,33.9204
05/09/2016,346.8965,-1.6695,49.1600,33.9204
05/06/2016,348.5660,1.3673,49.1600,33.9204
05/05/2016,347.1987,-1.0239,49.1600,33.9204
05/04/2016,348.2226,-1.9430,49.1600,35.3952
05/03/2016,350.1656,0.2446,49.1600,35.3952
05/02/2016,349.9210,1.5815,49.1600,35.3952
04/29/2016,348.3395,-2.0542,49.1600,35.3952
04/28/2016,350.3937,2.1051,49.1600,35.3952
04/27/2016,348.2886,3.6910,49.1600,35.3952
04/26/2016,344.5976,-1.6683,49.1600,35.3952
04/25/2016,346.2659,1.4360,49.1600,35.3952
04/22/2016,344.8299,1.1749,49.1600,35.3952
04/21/2016,343.6550,-1.9280,49.1600,35.3952
04/20/2016,345.5830,0.8731,49.1600,35.3952
04/19/2016,344.7099,2.1236,49.1600,35.3952
04/18/2016,342.5863,-3.5162,49.1600,35.3952
04/15/2016,346.1025,-3.3769,49.1600,35.3952
04/14/2016,349.4794,-2.4884,49.1600,35.3952
04/13/2016,351.9678,-4.3782,49.1600,31.9540
04/12/2016,356.3460,-2.3232,49.1600,31.9540
04/11/2016,358.6692,3.8686,49.1600,31.9540
04/08/2016,354.8006,-3.5167,49.1600,31.9540
04/07/2016,358.3173,5.0924,49.1600,34.4120
04/06/2016,353.2249,1.4887,49.1600,34.4120
04/05/2016,351.7362,2.7648,49.1600,34.4120
04/04/2016,348.9714,-3.1737,49.1600,34.4120
04/01/2016,352.1451,2.0630,49.1600,34.4120
03/31/2016,350.0821,-1.1840,49.1600,34.4120
03/30/2016,351.2661,-0.3940,49.1600,35.3952
03/29/2016,351.6601,0.3874,49.1600,35.3952
03/28/2016,351.2727,-2.9531,49.1600,35.3952
03/25/2016,354.2258,-1.1898,49.1600,35.3952
03/24/2016,355.4156,-0.5836,49.1600,35.3952
03/23/2016,355.9992,-0.6562,49.1600,36.3784
03/22/2016,356.6554,-0.8348,49.1600,36.3784
03/21/2016,357.4902,-1.3222,49.1600,36.3784
03/18/2016,358.8124,-1.3807,49.1600,36.3784
03/17/2016,360.1931,1.1935,49.1600,36.3784
03/16/2016,358.9996,-0.0617,49.1600,36.3784
03/15/2016,359.0613,1.3389,49.1600,36.3784
03/14/2016,357.7224,3.3740,49.1600,36.3784
03/11/2016,354.3484,-1.7855,49.1600,36.3784
03/10/2016,356.1339,-1.1770,49.1600,36.3784
03/09/2016,357.3109,-0.1764,49.1600,35.3952
03/08/2016,357.4873,-0.0908,49.1600,35.3952
03/07/2016,357.5781,-0.4359,49.1600,35.3952
03/04/2016,358.0140,1.3754,49.1600,35.3952
03/03/2016,356.6386,0.8356,49.1600,35.3952
03/02/2016,355.8030,1.6657,49.1600,35.3952
03/01/2016,354.1373,-2.8363,49.1600,35.3952
02/29/2016,356.9736,-1.8115,49.1600,35.3952
02/26/2016,358.7851,-0.0696,49.1600,35.3952
02/25/2016,358.8547,-1.0083,49.1600,35.3952
02/24/2016,359.8630,-2.7229,49.1600,35.8868
02/23/2016,362.5859,-1.1359,49.1600,35.8868
02/22/2016,363.7218,-0.2738,49.1600,35.8868
02/19/2016,363.9956,-0.3303,49.1600,35.8868
02/18/2016,364.3259,-1.4605,49.1600,35.8868
02/17/2016,365.7864,-3.3523,49.1600,35.8868
02/16/2016,369.1387,1.0768,49.1600,35.8868
02/15/2016,368.0619,-3.3284,49.1600,35.8868
02/12/2016,371.3903,0.9820,49.1600,35.8868
02/11/2016,370.4083,0.1567,49.1600,35.3952
02/10/2016,370.2516,-1.5794,49.1600,35.3952
02/09/2016,371.8310,-0.4339,49.1600,35.3952
02/08/2016,372.2649,-1.6963,49.1600,35.3952
02/05/2016,373.9612,-0.3091,49.1600,35.3952
02/04/2016,374.2703,0.0097,49.1600,35.3952
02/03/2016,374.2606,2.6233,49.1600,34.4120
02/02/2016,371.6373,0.0268,49.1600,34.4120
02/01/2016,371.6105,-0.8207,49.1600,34.4120
01/29/2016,372.4312,-1.6122,49.1600,34.4120
01/28/2016,374.0434,-0.5517,49.1600,34.4120
01/27/2016,374.5951,-1.3253,49.1600,34.4120
01/26/2016,375.9204,-1.3065,49.1600,34.4120
01/25/2016,377.2269,-1.3596,49.1600,34.4120
01/22/2016,378.5865,1.3693,49.1600,34.4120
01/21/2016,377.2172,0.4225,49.1600,34.4120
01/20/2016,376.7947,2.1272,49.1600,32.9372
01/19/2016,374.6675,6.9847,49.1600,32.9372
01/18/2016,367.6828,-0.8289,49.1600,32.9372
01/15/2016,368.5117,-1.5259,49.1600,32.9372
01/14/2016,370.0376,0.7783,49.1600,32.9372
01/13/2016,369.2593,-0.8335,49.1600,31.9540
01/12/2016,370.0928,-5.9666,49.1600,31.9540
01/11/2016,376.0594,-0.0658,49.1600,31.9540
01/08/2016,376.1252,2.0733,49.1600,31.9540
01/07/2016,374.0519,-0.3742,49.1600,31.9540
01/06/2016,374.4261,-1.3242,49.1600,33.4288
01/05/2016,375.7503,-0.1907,49.1600,33.4288
01/04/2016,375.9410,-0.8481,49.1600,33.4288
12/31/2015,376.7891,-0.9890,49.1600,33.4288
12/30/2015,377.7781,-0.7345,49.1600,33.4288
12/29/2015,378.5126,2.6759,49.1600,33.4288
12/28/2015,375.8367,0.5056,49.1600,33.4288
12/24/2015,375.3311,2.1572,49.1600,33.9204
12/23/2015,373.1739,0.5466,49.1600,33.9204
12/22/2015,372.6273,-1.1638,49.1600,33.9204
12/21/2015,373.7911,-3.3051,49.1600,33.9204
12/18/2015,377.0962,1.3543,49.1600,33.9204
12/17/2015,375.7419,-3.1898,49.1600,33.9204
12/16/2015,378.9317,-1.7576,49.1600,33.4288
12/15/2015,380.6893,-0.9076,49.1600,33.4288
12/14/2015,381.5969,0.2626,49.1600,33.4288
12/11/2015,381.3343,-1.4719,49.1600,33.4288
12/10/2015,382.8062,-0.9845,49.1600,33.4288
12/09/2015,383.7907,1.8998,49.1600,33.4288
12/08/2015,381.8909,-0.1188,49.1600,33.4288
12/07/2015,382.0097,-1.4040,49.1600,33.4288
12/04/2015,383.4137,1.2638,49.1600,33.4288
12/03/2015,382.1499,1.2241,49.1600,33.4288
12/02/2015,380.9258,3.8918,49.1600,32.9372
12/01/2015,377.0340,-3.0706,49.1600,32.9372
11/30/2015,380.1046,-0.6246,49.1600,32.9372
11/27/2015,380.7292,0.6993,49.1600,32.9372
11/25/2015,380.0299,-0.1974,49.1600,31.9540
11/24/2015,380.2273,0.4047,49.1600,31.9540
11/23/2015,379.8226,2.3061,49.1600,31.9540
11/20/2015,377.5165,-0.8135,49.1600,31.9540
11/19/2015,378.3300,-3.0899,49.1600,31.9540
11/18/2015,381.4199,-1.0981,49.1600,32.9372
11/17/2015,382.5180,0.8160,49.1600,32.9372
11/16/2015,381.7020,-1.0049,49.1600,32.9372
11/13/2015,382.7069,4.4090,49.1600,32.9372
11/12/2015,378.2979,2.2909,49.1600,32.4456
11/11/2015,376.0070,1.2552,49.1600,32.4456
11/10/2015,374.7518,-0.9176,49.1600,32.4456
11/09/2015,375.6694,0.7312,49.1600,32.4456
11/06/2015,374.9382,-1.3718,49.1600,32.4456
11/05/2015,376.3100,-2.1967,49.1600,32.4456
11/04/2015,378.5067,-0.2144,49.1600,31.9540
11/03/2015,378.7211,0.6834,49.1600,31.9540
11/02/2015,378.0377,-0.8084,49.1600,31.9540
10/30/2015,378.8461,-1.2788,49.1600,31.9540
10/29/2015,380.1249,0.6091,49.1600,31.9540
10/28/2015,379.5158,1.3650,49.1600,31.9540
10/27/2015,378.1508,-1.0953,49.1600,31.9540
10/26/2015,379.2461,-0.7276,49.1600,31.9540
10/23/2015,379.9737,-0.2301,49.1600,31.9540
10/22/2015,380.2038,-1.5045,49.1600,31.9540
10/21/2015,381.7083,-2.6910,49.1600,32.4456
10/20/2015,384.3993,-0.2069,49.1600,32.4456
10/19/2015,384.6062,-1.6376,49.1600,32.4456
10/16/2015,386.2438,-0.5694,49.1600,32.4456
10/15/2015,386.8132,0.3435,49.1600,32.4456
10/14/2015,386.4697,-0.0654,49.1600,31.4624
10/13/2015,386.5351,2.9841,49.1600,31.4624
10/12/2015,383.5510,3.7548,49.1600,31.4624
10/09/2015,379.7962,0.9603,49.1600,31.4624
10/08/2015,378.8359,1.4466,49.1600,31.4624
10/07/2015,377.3893,-1.0456,49.1600,32.4456
10/06/2015,378.4349,-0.8468,49.1600,32.4456
10/05/2015,379.2817,-0.0534,49.1600,32.4456
10/02/2015,379.3351,-0.3309,49.1600,32.4456
10/01/2015,379.6660,-0.6444,49.1600,32.4456
09/30/2015,380.3104,1.1998,49.1600,32.4456
09/29/2015,379.1106,-0.7894,49.1600,32.4456
09/28/2015,379.9000,-2.1515,49.1600,32.4456
09/25/2015,382.0515,1.3887,49.1600,32.4456
09/24/2015,380.6628,-2.2912,49.1600,32.4456
09/23/2015,382.9540,-0.1914,49.1600,33.9204
09/22/2015,383.1454,0.3011,49.1600,33.9204
09/21/2015,382.8443,0.6935,49.1600,33.9204
09/18/2015,382.1508,0.3891,49.1600,33.9204
09/17/2015,381.7617,4.4173,49.1600,33.9204
09/16/2015,377.3444,-0.6875,49.1600,33.4288
09/15/2015,378.0319,-0.3406,49.1600,33.4288
09/14/2015,378.3725,-0.6144,49.1600,33.4288
09/11/2015,378.9869,3.0641,49.1600,33.4288
09/10/2015,375.9228,0.3446,49.1600,33.4288
09/09/2015,375.5782,0.3798,49.1600,33.9204
09/08/2015,375.1984,-4.2458,49.1600,33.9204
09/04/2015,379.4442,-3.7583,49.1600,33.4288
09/03/2015,383.2025,-0.6481,49.1600,33.4288
09/02/2015,383.8506,0.1503,49.1600,33.4288
09/01/2015,383.7003,3.1903,49.1600,33.4288
08/31/2015,380.5100,-0.8962,49.1600,33.4288
08/28/2015,381.4062,2.5497,49.1600,33.4288
08/27/2015,378.8565,2.1196,49.1600,33.4288
08/26/2015,376.7369,0.8406,49.1600,34.4120
08/25/2015,375.8963,2.1978,49.1600,34.4120
08/24/2015,373.6985,0.5209,49.1600,34.4120
08/21/2015,373.1776,1.2072,49.1600,34.4120
08/20/2015,371.9704,-1.1431,49.1600,34.4120
08/19/2015,373.1135,-2.0511,49.1600,34.9036
08/18/2015,375.1646,-2.9838,49.1600,34.9036
08/17/2015,378.1484,1.0694,49.1600,34.9036
08/14/2015,377.0790,0.0273,49.1600,34.9036
08/13/2015,377.0517,1.1044,49.1600,34.9036
08/12/2015,375.9473,1.4139,49.1600,34.9036
08/11/2015,374.5334,0.3967,49.1600,34.9036
08/10/2015,374.1367,-0.0619,49.1600,34.9036
08/07/2015,374.1986,0.2431,49.1600,34.9036
08/06/2015,373.9555,-0.4981,49.1600,34.9036
08/05/2015,374.4536,-2.5323,49.1600,34.4120
08/04/2015,376.9859,1.3296,49.1600,34.4120
08/03/2015,375.6563,-0.4566,49.1600,34.4120
07/31/2015,376.1129,0.3965,49.1600,34.4120
07/30/2015,375.7164,2.2371,49.1600,34.4120
07/29/2015,373.4793,1.0713,49.1600,34.4120
07/28/2015,372.4080,-3.9359,49.1600,34.4120
07/27/2015,376.3439,-0.3381,49.1600,34.4120
07/24/2015,376.6820,-0.1512,49.1600,34.4120
07/23/2015,376.8332,-1.9007,49.1600,34.9036
07/22/2015,378.7339,-0.5483,49.1600,34.9036
07/21/2015,379.2822,0.7300,49.1600,34.9036
07/20/2015,378.5522,-1.0984,49.1600,34.9036
07/17/2015,379.6506,-0.4167,49.1600,34.9036
07/16/2015,380.0673,-0.1037,49.1600,34.9036
07/15/2015,380.1710,-1.7582,49.1600,34.9036
07/14/2015,381.9292,-0.9220,49.1600,34.9036
07/13/2015,382.8512,2.5463,49.1600,34.9036
07/10/2015,380.3049,-0.5705,49.1600,34.9036
07/09/2015,380.8754,1.0988,49.1600,34.9036
07/08/2015,379.7766,1.2558,49.1600,34.4120
07/07/2015,378.5208,2.1003,49.1600,34.4120
07/06/2015,376.4205,-2.6642,49.1600,34.4120
07/02/2015,379.0847,-2.0272,49.1600,34.4120
07/01/2015,381.1119,0.9652,49.1600,34.9036
06/30/2015,380.1467,0.3873,49.1600,34.9036
06/29/2015,379.7594,0.5753,49.1600,34.9036
06/26/2015,379.1841,3.8335,49.1600,34.9036
06/25/2015,375.3506,2.7038,49.1600,34.9036
06/24/2015,372.6468,-0.5265,49.1600,35.8868
06/23/2015,373.1733,-0.2082,49.1600,35.8868
06/22/2015,373.3815,1.6548,49.1600,35.8868
06/19/2015,371.7267,-1.7327,49.1600,35.8868
06/18/2015,373.4594,0.6340,49.1600,35.8868
06/17/2015,372.8254,-2.9807,49.1600,34.9036
06/16/2015,375.8061,-1.0860,49.1600,34.9036
06/15/2015,376.8921,-3.6439,49.1600,34.9036
06/12/2015,380.5360,-0.7979,49.1600,34.9036
06/11/2015,381.3339,-1.4863,49.1600,35.3952
06/10/2015,382.8202,1.1796,49.1600,35.3952
06/09/2015,381.6406,2.3279,49.1600,35.3952
06/08/2015,379.3127,-0.0187,49.1600,35.3952
06/05/2015,379.3314,1.3132,49.1600,35.3952
06/04/2015,378.0182,-0.7751,49.1600,35.8868
06/03/2015,378.7933,3.9578,49.1600,35.8868
06/02/2015,374.8355,-3.2220,49.1600,35.8868
06/01/2015,378.0575,1.1530,49.1600,35.8868
05/29/2015,376.9045,0.3968,49.1600,35.8868
05/28/2015,376.5077,0.6797,49.1600,35.8868
05/27/2015,375.8280,-3.0177,49.1600,35.8868
05/26/2015,378.8457,0.7300,49.1600,35.8868
05/22/2015,378.1157,-2.1665,49.1600,35.8868
05/21/2015,380.2822,0.8027,49.1600,35.8868
05/20/2015,379.4795,-0.1580,49.1600,36.3784
05/19/2015,379.6375,-0.8909,49.1600,36.3784
05/18/2015,380.5284,0.2581,49.1600,36.3784
05/15/2015,380.2703,0.2042,49.1600,36.3784
05/14/2015,380.0661,-1.5158,49.1600,36.3784
05/13/2015,381.5819,-0.8541,49.1600,36.3784
05/12/2015,382.4360,1.4259,49.1600,36.3784
05/11/2015,381.0101,0.9360,49.1600,36.3784
05/08/2015,380.0741,0.4939,49.1600,36.3784
05/07/2015,379.5802,-0.3588,49.1600,36.3784
05/06/2015,379.9390,2.2970,49.1600,35.8868
05/05/2015,377.6420,0.3300,49.1600,35.8868
05/04/2015,377.3120,-2.9819,49.1600,35.8868
05/01/2015,380.2939,-1.5395,49.1600,35.8868
04/30/2015,381.8334,-1.2894,49.1600,35.8868
04/29/2015,383.1228,-2.5358,49.1600,32.9372
04/28/2015,385.6586,-2.7814,49.1600,32.9372
04/27/2015,388.4400,1.9438,49.1600,32.9372
04/24/2015,386.4962,0.2366,49.1600,32.9372
04/23/2015,386.2596,-1.8417,49.1600,32.9372
04/22/2015,388.1013,-0.2728,49.1600,32.9372
04/21/2015,388.3741,0.3136,49.1600,32.9372
04/20/2015,388.0605,-0.9853,49.1600,32.9372
04/17/2015,389.0458,1.1102,49.1600,32.9372
04/16/2015,387.9356,2.8203,49.1600,34.4120
04/15/2015,385.1153,-0.5819,49.1600,34.4120
04/14/2015,385.6972,0.4627,49.1600,34.4120
04/13/2015,385.2345,0.7741,49.1600,34.4120
04/10/2015,384.4604,-6.5409,49.1600,34.4120
04/09/2015,391.0013,-2.4814,49.1600,34.4120
04/08/2015,393.4827,0.0887,49.1600,34.9036
04/07/2015,393.3940,-1.3518,49.1600,34.9036
04/06/2015,394.7458,4.8097,49.1600,34.9036
04/03/2015,389.9361,-1.7681,49.1600,34.9036
04/02/2015,391.7042,-0.2792,49.1600,34.9036
04/01/2015,391.9834,0.3571,49.1600,35.3952
03/31/2015,391.6263,-0.1540,49.1600,35.3952
03/30/2015,391.7803,-5.6913,49.1600,35.3952
03/27/2015,397.4716,1.9927,49.1600,35.3952
03/26/2015,395.4789,0.3231,49.1600,35.3952
03/25/2015,395.1558,-2.4892,49.1600,35.8868
03/24/2015,397.6450,-0.8027,49.1600,35.8868
03/23/2015,398.4477,0.5209,49.1600,35.8868
03/20/2015,397.9268,1.3684,49.1600,35.8868
03/19/2015,396.5584,-0.2713,49.1600,35.8868
03/18/2015,396.8297,0.1486,49.1600,35.8868
03/17/2015,396.6811,-0.5279,49.1600,35.8868
03/16/2015,397.2090,0.0771,49.1600,35.8868
03/13/2015,397.1319,2.3057,49.1600,35.8868
03/12/2015,394.8262,-3.5906,49.1600,35.8868
03/11/2015,398.4168,1.5314,49.1600,35.3952
03/10/2015,396.8854,-0.5003,49.1600,35.3952
03/09/2015,397.3857,0.1902,49.1600,35.3952
03/06/2015,397.1955,-2.9677,49.1600,35.3952
03/05/2015,400.1632,0.5706,49.1600,35.3952
03/04/2015,399.5926,-1.9738,49.1600,34.9036
03/03/2015,401.5664,1.1880,49.1600,34.9036
03/02/2015,400.3784,-2.3692,49.1600,34.9036
02/27/2015,402.7476,2.0216,49.1600,34.9036
02/26/2015,400.7260,0.9975,49.1600,34.9036
02/25/2015,399.7285,-0.1140,49.1600,34.9036
02/24/2015,399.8425,-0.2832,49.1600,34.9036
02/23/2015,400.1257,1.7582,49.1600,34.9036
02/20/2015,398.3675,1.3159,49.1600,34.9036
02/19/2015,397.0516,-0.6504,49.1600,34.9036
02/18/2015,397.7020,0.5907,49.1600,35.8868
02/17/2015,397.1113,-0.3972,49.1600,35.8868
02/16/2015,397.5085,-0.8381,49.1600,35.8868
02/13/2015,398.3466,-0.5235,49.1600,35.8868
02/12/2015,398.8701,-1.8360,49.1600,35.8868
02/11/2015,400.7061,-0.1421,49.1600,34.9036
02/10/2015,400.8482,-1.3717,49.1600,34.9036
02/09/2015,402.2199,0.5715,49.1600,34.9036
02/06/2015,401.6484,-4.5978,49.1600,34.9036
02/05/2015,406.2462,-0.0248,49.1600,34.9036
02/04/2015,406.2710,-0.2437,49.1600,34.9036
02/03/2015,406.5147,0.6850,49.1600,34.9036
02/02/2015,405.8297,-1.3063,49.1600,34.9036
01/30/2015,407.1360,1.9343,49.1600,34.9036
01/29/2015,405.2017,0.1626,49.1600,34.9036
01/28/2015,405.0391,-1.9609,49.1600,34.9036
01/27/2015,407.0000,1.6412,49.1600,34.9036
01/26/2015,405.3588,0.8392,49.1600,34.9036
01/23/2015,404.5196,-3.5047,49.1600,34.9036
01/22/2015,408.0243,-0.0061,49.1600,34.9036
01/21/2015,408.0304,2.1244,49.1600,34.4120
01/20/2015,405.9060,-0.0246,49.1600,34.4120
01/19/2015,405.9306,-2.9228,49.1600,34.4120
01/16/2015,408.8534,3.5279,49.1600,34.4120
01/15/2015,405.3255,-0.2036,49.1600,34.4120
01/14/2015,405.5291,1.1531,49.1600,33.4288
01/13/2015,404.3760,-2.1504,49.1600,33.4288
01/12/2015,406.5264,-1.5457,49.1600,33.4288
01/09/2015,408.0721,0.2352,49.1600,33.4288
01/08/2015,407.8369,0.1528,49.1600,33.4288
01/07/2015,407.6841,-6.1358,49.1600,33.4288
01/06/2015,413.8199,0.3532,49.1600,33.4288
01/05/2015,413.4667,7.8345,49.1600,33.4288
01/02/2015,405.6322,2.9366,49.1600,33.4288
12/31/2014,402.6956,0.1649,49.1600,33.4288
12/30/2014,402.5307,-0.3348,49.1600,34.4120
12/29/2014,402.8655,-1.4071,49.1600,34.4120
12/26/2014,404.2726,-1.9239,49.1600,34.4120
12/24/2014,406.1965,2.0429,49.1600,34.4120
12/23/2014,404.1536,-0.1643,49.1600,33.9204
12/22/2014,404.3179,1.2800,49.1600,33.9204
12/19/2014,403.0379,-1.1614,49.1600,33.9204
12/18/2014,404.1993,3.7348,49.1600,33.9204
12/17/2014,400.4645,-1.2060,49.1600,33.4288
12/16/2014,401.6705,-1.2734,49.1600,33.4288
12/15/2014,402.9439,-2.2534,49.1600,33.4288
12/12/2014,405.1973,-5.4541,49.1600,33.4288
12/11/2014,410.6514,2.8603,49.1600,33.4288
12/10/2014,407.7911,0.6927,49.1600,33.4288
12/09/2014,407.0984,1.1001,49.1600,33.4288
12/08/2014,405.9983,-7.8521,49.1600,33.4288
12/05/2014,413.8504,6.8140,49.1600,33.4288
12/04/2014,407.0364,-2.9375,49.1600,33.4288
12/03/2014,409.9739,2.7613,49.1600,33.4288
12/02/2014,407.2126,-5.0056,49.1600,33.4288
12/01/2014,412.2182,1.3074,49.1600,33.4288
11/28/2014,410.9108,-1.8866,49.1600,33.4288
11/26/2014,412.7974,-3.9967,49.1600,32.9372
11/25/2014,416.7941,1.5892,49.1600,32.9372
11/24/2014,415.2049,-1.8053,49.1600,32.9372
11/21/2014,417.0102,5.6028,49.1600,32.9372
11/20/2014,411.4074,1.1473,49.1600,32.9372
11/19/2014,410.2601,4.8301,49.1600,32.9372
11/18/2014,405.4300,-0.2499,49.1600,32.9372
11/17/2014,405.6799,2.0231,49.1600,32.9372
11/14/2014,403.6568,-1.5313,49.1600,32.9372
11/13/2014,405.1881,1.0874,49.1600,32.9372
11/12/2014,404.1007,-3.8644,49.1600,32.9372
11/11/2014,407.9651,1.6662,49.1600,32.9372
11/10/2014,406.2989,-0.6938,49.1600,32.9372
11/07/2014,406.9927,1.0184,49.1600,32.9372
11/06/2014,405.9743,-3.9175,49.1600,32.9372
11/05/2014,409.8918,2.0570,49.1600,32.4456
11/04/2014,407.8348,-2.5282,49.1600,32.4456
11/03/2014,410.3630,2.6565,49.1600,32.4456
10/31/2014,407.7065,-2.7060,49.1600,32.4456
10/30/2014,410.4125,1.6701,49.1600,32.4456
10/29/2014,408.7424,-2.0062,49.1600,31.9540
10/28/2014,410.7486,0.5495,49.1600,31.9540
10/27/2014,410.1991,-0.9734,49.1600,31.9540
10/24/2014,411.1725,0.6251,49.1600,31.9540
10/23/2014,410.5474,1.0687,49.1600,31.9540
10/22/2014,409.4787,1.2477,49.1600,31.4624
10/21/2014,408.2310,-1.5185,49.1600,31.4624
10/20/2014,409.7495,2.8206,49.1600,31.4624
10/16/2014,407.6101,-1.7549,49.1600,31.4624
10/15/2014,409.3650,0.0329,49.1600,31.9540
10/14/2014,409.3321,2.2085,49.1600,31.9540
10/13/2014,407.1236,1.6559,49.1600,31.9540
10/10/2014,405.4677,2.1215,49.1600,31.9540
10/09/2014,403.3462,0.1401,49.1600,31.9540
10/08/2014,403.2061,-0.0901,49.1600,31.9540
10/07/2014,403.2962,-1.4561,49.1600,31.9540
10/06/2014,404.7523,-0.3869,49.1600,31.9540
10/03/2014,405.1392,-0.5874,49.1600,31.9540
10/02/2014,405.7266,1.8900,49.1600,31.9540
10/01/2014,403.8366,0.1526,49.1600,31.9540
09/30/2014,403.6840,2.0518,49.1600,31.9540
09/29/2014,401.6322,-0.9421,49.1600,31.9540
09/26/2014,402.5743,0.4997,49.1600,31.9540
09/25/2014,402.0746,-0.4769,49.1600,31.9540
09/24/2014,402.5515,1.2308,49.1600,32.4456
09/23/2014,401.3207,0.8743,49.1600,32.4456
09/22/2014,400.4464,-0.0715,49.1600,32.4456
09/19/2014,400.5179,3.3466,49.1600,32.4456
09/18/2014,397.1713,1.7498,49.1600,32.4456
09/17/2014,395.4215,0.1320,49.1600,31.9540
09/16/2014,395.2895,0.1630,49.1600,31.9540
09/15/2014,395.1265,-1.3503,49.1600,31.9540
09/12/2014,396.4768,-5.3397,49.1600,31.9540
09/11/2014,401.8165,0.1994,49.1600,31.9540
09/10/2014,401.6171,1.1736,49.1600,31.9540
09/09/2014,400.4435,0.3050,49.1600,31.9540
09/08/2014,400.1385,-0.6958,49.1600,31.9540
09/05/2014,400.8343,6.6682,49.1600,31.9540
09/04/2014,394.1661,-0.6071,49.1600,31.9540
09/03/2014,394.7732,-0.3595,49.1600,32.4456
09/02/2014,395.1327,1.8462,49.1600,32.4456
08/29/2014,393.2865,-3.3397,49.1600,32.4456
08/28/2014,396.6262,1.7062,49.1600,32.4456
08/27/2014,394.9200,1.3029,49.1600,32.4456
08/26/2014,393.6171,1.5758,49.1600,32.4456
08/25/2014,392.0413,0.2640,49.1600,32.4456
08/22/2014,391.7773,3.4110,49.1600,32.4456
08/21/2014,388.3663,0.1815,49.1600,32.4456
08/20/2014,388.1848,1.0362,49.1600,34.4120
08/19/2014,387.1486,-0.6077,49.1600,34.4120
08/18/2014,387.7563,-0.0403,49.1600,34.4120
08/15/2014,387.7966,0.9268,49.1600,34.4120
08/14/2014,386.8698,0.8192,49.1600,34.4120
08/13/2014,386.0506,-0.8654,49.1600,32.9372
08/12/2014,386.9160,-1.5027,49.1600,32.9372
08/11/2014,388.4187,4.6659,49.1600,32.9372
08/08/2014,383.7528,0.3800,49.1600,32.9372
08/07/2014,383.3728,0.6672,49.1600,32.9372
08/06/2014,382.7056,1.0634,49.1600,32.9372
08/05/2014,381.6422,-2.7697,49.1600,32.9372
08/04/2014,384.4119,-2.0366,49.1600,32.9372
08/01/2014,386.4485,1.3295,49.1600,32.9372
07/31/2014,385.1190,3.4577,49.1600,32.9372
07/30/2014,381.6613,-2.7177,49.1600,33.4288
07/29/2014,384.3790,2.5250,49.1600,33.4288
07/28/2014,381.8540,0.1394,49.1600,33.4288
07/25/2014,381.7146,-2.6908,49.1600,33.4288
07/24/2014,384.4054,-2.3611,49.1600,33.4288
07/23/2014,386.7665,0.8494,49.1600,33.4288
07/22/2014,385.9171,-2.0353,49.1600,33.4288
07/21/2014,387.9524,4.0695,49.1600,33.4288
07/18/2014,383.8829,-0.8538,49.1600,33.4288
07/17/2014,384.7367,0.7429,49.1600,33.4288
07/16/2014,383.9938,1.1778,49.1600,33.9204
07/15/2014,382.8160,-0.6857,49.1600,33.9204
07/14/2014,383.5017,-1.4044,49.1600,33.9204
07/11/2014,384.9061,-0.5048,49.1600,33.9204
07/10/2014,385.4109,-0.7457,49.1600,33.9204
07/09/2014,386.1566,-1.4844,49.1600,34.9036
07/08/2014,387.6410,-1.0267,49.1600,34.9036
07/07/2014,388.6677,4.1075,49.1600,34.9036
07/03/2014,384.5602,1.5154,49.1600,34.9036
07/02/2014,383.0448,-0.4127,49.1600,35.3952
07/01/2014,383.4575,1.5127,49.1600,35.3952
06/30/2014,381.9448,-1.8157,49.1600,35.3952
06/27/2014,383.7605,1.0718,49.1600,35.3952
06/26/2014,382.6887,1.1407,49.1600,35.3952
06/25/2014,381.5480,0.4010,49.1600,35.8868
06/24/2014,381.1470,0.4369,49.1600,35.8868
06/23/2014,380.7101,1.0911,49.1600,35.8868
06/20/2014,379.6190,-0.8602,49.1600,35.8868
06/19/2014,380.4792,-2.6135,49.1600,35.8868
06/18/2014,383.0927,0.4321,49.1600,36.3784
06/17/2014,382.6606,-0.2059,49.1600,36.3784
06/16/2014,382.8665,-0.2667,49.1600,36.3784
06/13/2014,383.1332,-4.2179,49.1600,36.3784
06/12/2014,387.3511,1.6103,49.1600,36.3784
06/11/2014,385.7408,-1.2047,49.1600,35.8868
06/10/2014,386.9455,-1.1704,49.1600,35.8868
06/09/2014,388.1159,0.6236,49.1600,35.8868
06/06/2014,387.4923,3.0667,49.1600,35.8868
06/05/2014,384.4256,-0.3586,49.1600,35.8868
06/04/2014,384.7842,0.8740,49.1600,35.8868
06/03/2014,383.9102,2.0141,49.1600,35.8868
06/02/2014,381.8961,-0.3947,49.1600,35.8868
05/30/2014,382.2908,-2.1713,49.1600,35.8868
05/29/2014,384.4621,-0.1550,49.1600,35.8868
05/28/2014,384.6171,-0.3595,49.1600,36.3784
05/27/2014,384.9766,-0.8343,49.1600,36.3784
05/23/2014,385.8109,-1.1991,49.1600,36.3784
05/22/2014,387.0100,0.8660,49.1600,36.3784
05/21/2014,386.1440,-1.5570,49.1600,36.3784
05/20/2014,387.7010,-2.2233,49.1600,36.3784
05/19/2014,389.9243,-1.7528,49.1600,36.3784
05/16/2014,391.6771,-0.6462,49.1600,36.3784
05/15/2014,392.3233,-1.4073,49.1600,36.3784
05/14/2014,393.7306,0.8521,49.1600,36.3784
05/13/2014,392.8785,0.4115,49.1600,36.3784
05/12/2014,392.4670,1.0372,49.1600,36.3784
05/09/2014,391.4298,-0.0408,49.1600,36.3784
05/08/2014,391.4706,-0.5000,49.1600,36.3784
05/07/2014,391.9706,1.3204,49.1600,31.4624
05/06/2014,390.6502,-1.1427,49.1600,31.4624
05/05/2014,391.7929,-0.0458,49.1600,31.4624
05/02/2014,391.8387,1.9108,49.1600,31.4624
05/01/2014,389.9279,-0.1405,49.1600,31.4624
04/30/2014,390.0684,-1.4739,49.1600,34.4120
04/29/2014,391.5423,-0.6573,49.1600,34.4120
04/28/2014,392.1996,-0.8547,49.1600,34.4120
04/25/2014,393.0543,-1.1404,49.1600,34.4120
04/24/2014,394.1947,2.1066,49.1600,34.4120
04/23/2014,392.0881,-0.4768,49.1600,35.3952
04/22/2014,392.5649,0.9499,49.1600,35.3952
04/21/2014,391.6150,1.1973,49.1600,35.3952
04/18/2014,390.4177,0.4963,49.1600,35.3952
04/17/2014,389.9214,-3.1016,49.1600,35.3952
04/16/2014,393.0230,-0.3762,49.1600,34.9036
04/15/2014,393.3992,-1.6608,49.1600,34.9036
04/14/2014,395.0600,-1.9349,49.1600,34.9036
04/11/2014,396.9949,1.4179,49.1600,34.9036
04/10/2014,395.5770,3.4610,49.1600,34.9036
04/09/2014,392.1160,-0.3645,49.1600,34.9036
04/08/2014,392.4805,-0.1470,49.1600,34.9036
04/07/2014,392.6275,1.0160,49.1600,34.9036
04/04/2014,391.6115,-0.9240,49.1600,34.9036
04/03/2014,392.5355,-1.4488,49.1600,34.9036
04/02/2014,393.9843,1.2974,49.1600,34.9036
04/01/2014,392.6869,-0.0502,49.1600,34.9036
03/31/2014,392.7371,-2.9301,49.1600,34.9036
03/28/2014,395.6672,2.1771,49.1600,34.9036
03/27/2014,393.4901,-1.1987,49.1600,34.9036
03/26/2014,394.6888,-0.3992,49.1600,34.9036
03/25/2014,395.0880,0.7578,49.1600,34.9036
03/24/2014,394.3302,0.8912,49.1600,34.9036
03/21/2014,393.4390,-1.9469,49.1600,34.9036
03/20/2014,395.3859,0.4317,49.1600,34.9036
03/19/2014,394.9542,0.8715,49.1600,34.9036
03/18/2014,394.0827,2.4647,49.1600,34.9036
03/17/2014,391.6180,-1.6967,49.1600,34.9036
03/14/2014,393.3147,1.5357,49.1600,34.9036
03/13/2014,391.7790,-0.2305,49.1600,34.9036
03/12/2014,392.0095,-1.7690,49.1600,34.4120
03/11/2014,393.7785,-3.8926,49.1600,34.4120
03/10/2014,397.6711,1.2463,49.1600,34.4120
03/07/2014,396.4248,-3.3314,49.1600,34.4120
03/06/2014,399.7562,2.1995,49.1600,34.4120
03/05/2014,397.5567,-0.8294,49.1600,34.9036
03/04/2014,398.3861,5.1915,49.1600,34.9036
03/03/2014,393.1946,-0.7867,49.1600,34.9036
02/28/2014,393.9813,-3.6159,49.1600,34.9036
02/27/2014,397.5972,1.0029,49.1600,34.9036
02/26/2014,396.5943,-0.7294,49.1600,34.4120
02/25/2014,397.3237,-0.2291,49.1600,34.4120
02/24/2014,397.5528,1.3064,49.1600,34.4120
02/21/2014,396.2464,-0.3398,49.1600,34.4120
02/20/2014,396.5862,0.6034,49.1600,34.4120
02/19/2014,395.9828,-0.5619,49.1600,34.4120
02/18/2014,396.5447,-1.3514,49.1600,34.4120
02/17/2014,397.8961,4.4537,49.1600,34.4120
02/14/2014,393.4424,0.9890,49.1600,34.4120
02/13/2014,392.4534,-1.0021,49.1600,34.4120
02/12/2014,393.4555,2.1083,49.1600,34.9036
02/11/2014,391.3472,0.7740,49.1600,34.9036
02/10/2014,390.5732,-1.2815,49.1600,34.9036
02/07/2014,391.8547,4.0659,49.1600,34.9036
02/06/2014,387.7888,2.4217,49.1600,34.9036
02/05/2014,385.3671,0.2057,49.1600,34.4120
02/04/2014,385.1614,-0.2840,49.1600,34.4120
02/03/2014,385.4454,0.8631,49.1600,34.4120
01/31/2014,384.5823,-1.0031,49.1600,34.4120
01/30/2014,385.5854,0.3366,49.1600,34.4120
01/29/2014,385.2488,2.2368,49.1600,34.4120
01/28/2014,383.0120,2.3618,49.1600,34.4120
01/27/2014,380.6502,-4.0910,49.1600,34.4120
01/24/2014,384.7412,-0.8627,49.1600,34.4120
01/23/2014,385.6039,0.2732,49.1600,34.4120
01/22/2014,385.3307,-1.9754,49.1600,33.4288
01/21/2014,387.3061,0.5092,49.1600,33.4288
01/20/2014,386.7969,5.0209,49.1600,33.4288
01/17/2014,381.7760,-1.2932,49.1600,33.4288
01/16/2014,383.0692,-5.9091,49.1600,33.4288
01/15/2014,388.9783,-2.7791,49.1600,32.9372
01/14/2014,391.7574,1.5791,49.1600,32.9372
01/13/2014,390.1783,-0.4933,49.1600,32.9372
01/10/2014,390.6716,2.4008,49.1600,32.9372
01/09/2014,388.2708,2.5590,49.1600,32.4456
01/08/2014,385.7118,3.7215,49.1600,32.4456
01/07/2014,381.9903,2.1999,49.1600,32.4456
01/06/2014,379.7904,2.4956,49.1600,32.4456
01/03/2014,377.2948,-7.1452,49.2029,32.4740
01/02/2014,384.4400,-0.1726,49.2029,32.4740
12/31/2013,384.6126,1.0192,49.2029,32.9659
12/30/2013,383.5934,4.0891,49.2029,32.9659
12/27/2013,379.5043,4.9047,49.2029,32.9659
12/26/2013,374.5996,-3.0576,49.2029,32.9659
12/24/2013,377.6572,-0.0506,49.2029,32.9659
12/23/2013,377.7078,1.4900,49.2029,32.9659
12/20/2013,376.2178,0.0444,49.2029,32.9659
12/19/2013,376.1734,3.4451,49.2029,32.9659
12/18/2013,372.7283,0.4888,49.2029,32.4740
12/17/2013,372.2395,-1.6019,49.2029,32.4740
12/16/2013,373.8414,1.4911,49.2029,32.4740
12/13/2013,372.3503,1.2823,49.2029,32.4740
12/12/2013,371.0680,3.8003,49.2029,32.4740
12/11/2013,367.2677,-0.9057,49.2029,32.4740
12/10/2013,368.1734,-0.1015,49.2029,32.4740
12/09/2013,368.2749,-0.3781,49.2029,32.4740
12/06/2013,368.6530,0.3663,49.2029,32.4740
12/05/2013,368.2867,0.7445,49.2029,32.4740
12/04/2013,367.5422,3.5089,49.2029,32.4740
12/03/2013,364.0333,2.9375,49.2029,32.4740
12/02/2013,361.0958,5.7452,49.2029,32.4740
11/29/2013,355.3506,2.8395,49.2029,32.4740
11/27/2013,352.5111,8.8703,49.2029,31.9818
11/26/2013,343.6408,2.4455,49.2029,31.9818
11/22/2013,340.5187,1.0312,49.2029,31.9818
11/21/2013,339.4875,-7.3884,49.2029,31.9818
11/20/2013,346.8759,2.8992,49.2029,31.9818
11/19/2013,343.9767,-1.2393,49.2029,31.9818
11/18/2013,345.2160,3.6030,49.2029,31.9818
11/15/2013,341.6130,0.5305,49.2029,31.9818
11/14/2013,341.0825,1.4783,49.2029,31.9818
11/13/2013,339.6042,4.4770,49.2029,32.4740
11/12/2013,335.1272,5.3590,49.2029,32.4740
11/08/2013,329.7682,6.6673,49.2029,32.4740
11/07/2013,323.1009,1.8643,49.2029,32.4740
11/06/2013,321.2366,0.0747,49.2029,30.9979
11/05/2013,321.1619,1.6591,49.2029,30.9979
11/04/2013,319.5028,3.2831,49.2029,30.9979
10/31/2013,306.6138,2.0628,49.2029,30.9979
10/30/2013,304.5510,3.2843,49.2029,31.4899
10/29/2013,301.2667,0.0519,49.2029,31.4899
10/28/2013,301.2148,1.8818,49.2029,31.4899
10/25/2013,299.3330,6.2901,49.2029,31.4899
10/24/2013,293.0429,0.5095,49.2029,31.4899
10/23/2013,292.5334,3.8395,49.2029,31.4899
10/22/2013,288.6939,3.1939,49.2029,31.9818
10/21/2013,285.5000,-0.2670,49.2029,31.9818
10/18/2013,285.7670,3.7706,49.2029,31.4899
10/17/2013,281.9964,5.8097,49.2029,31.4899
09/30/2013,276.1867,-0.8618,49.2029,31.4899
09/27/2013,277.0485,3.7977,49.2029,31.4899
09/26/2013,273.2508,0.5179,49.2029,31.4899
09/25/2013,272.7329,2.1645,49.2029,31.9818
09/24/2013,270.5684,-3.1423,49.2029,31.9818
09/23/2013,273.7107,2.4403,49.2029,31.9818
09/20/2013,271.2704,2.5984,49.2029,31.9818
09/19/2013,268.6720,0.1035,49.2029,31.9818
09/18/2013,268.5685,2.3749,49.2029,32.9659
09/17/2013,266.1936,0.8935,49.2029,32.9659
09/16/2013,265.3001,-1.6207,49.2029,32.9659
09/13/2013,266.9208,-2.0505,49.2029,32.9659
09/12/2013,268.9713,-6.5668,49.2029,32.9659
09/11/2013,275.5381,0.2581,49.2029,33.4580
09/10/2013,275.2800,0.4956,49.2029,33.4580
09/09/2013,274.7844,1.0371,49.2029,33.4580
09/06/2013,273.7473,9.8403,49.2029,33.4580
09/05/2013,263.9070,2.1474,49.2029,33.4580
09/04/2013,261.7596,-0.4829,49.2029,33.9500
09/03/2013,262.2425,-1.4522,49.2029,33.9500
08/30/2013,263.6947,3.2013,49.2029,33.9500
08/29/2013,260.4934,-1.7096,49.2029,33.9500
08/28/2013,262.2030,-1.2432,49.2029,32.9659
08/27/2013,263.4462,-3.0525,49.2029,32.9659
08/26/2013,266.4987,-7.3904,49.2029,32.9659
08/23/2013,273.8891,5.3834,49.2029,32.9659
08/22/2013,268.5057,-7.5885,49.2029,32.9659
08/21/2013,276.0942,2.1630,49.2029,33.4580
08/20/2013,273.7194,0.1789,49.2029,33.4580
08/19/2013,273.5405,2.8621,49.2029,33.4580
08/16/2013,270.6784,4.1266,49.2029,33.4580
08/15/2013,266.5518,-0.5255,49.2029,33.4580
08/14/2013,267.0773,2.5046,49.2029,33.9500
08/13/2013,264.5727,1.9268,49.2029,33.9500
08/12/2013,262.6459,3.5590,49.2029,33.9500
08/09/2013,259.0869,3.9472,49.2029,33.9500
08/08/2013,255.1397,-1.7464,49.2029,33.4580
08/07/2013,256.8861,-0.5307,49.2029,33.4580
08/06/2013,257.4168,-2.2518,49.2029,33.4580
08/05/2013,259.6686,-5.2729,49.2029,33.4580
08/02/2013,264.9415,0.8853,49.2029,33.4580
08/01/2013,264.0562,-4.9778,49.2029,33.4580
07/31/2013,269.0340,0.7491,49.2029,32.9659
07/30/2013,268.2849,-1.7928,49.2029,32.9659
07/29/2013,270.0777,3.0387,49.2029,32.9659
07/26/2013,267.0390,5.5113,49.2029,32.9659
07/25/2013,261.5277,-1.8056,49.2029,32.9659
07/24/2013,263.3333,-1.7456,49.2029,35.4261
07/23/2013,265.0789,-2.7370,49.2029,35.4261
07/22/2013,267.8159,-2.9911,49.2029,35.4261
07/19/2013,270.8070,3.7680,49.2029,35.4261
07/18/2013,267.0390,-5.3067,49.2029,35.4261
07/17/2013,272.3457,1.4929,49.2029,35.4261
07/16/2013,270.8528,2.0430,49.2029,35.4261
07/15/2013,268.8098,1.3648,49.2029,35.4261
07/12/2013,267.4450,0.3597,49.2029,35.4261
07/10/2013,265.3343,0.3852,49.2029,34.9340
07/09/2013,264.9491,-3.9264,49.2029,34.9340
07/08/2013,268.8755,-1.7223,49.2029,34.9340
07/05/2013,270.5978,-2.5749,49.2029,34.9340
07/03/2013,273.1727,3.6211,49.2029,34.9340
07/02/2013,269.5516,-2.9376,49.2029,34.9340
07/01/2013,272.4892,-2.0835,49.2029,34.9340
06/28/2013,274.5727,7.2358,49.2029,34.9340
06/27/2013,267.3369,-1.5686,49.2029,34.9340
06/26/2013,268.9055,-2.2461,49.2029,35.4261
06/25/2013,271.1516,-0.6077,49.2029,35.4261
06/24/2013,271.7593,2.5445,49.2029,35.4261
06/21/2013,269.2148,0.7441,49.2029,35.4261
06/20/2013,268.4707,-0.8434,49.2029,35.4261
06/19/2013,269.3141,1.2186,49.2029,34.9340
06/18/2013,268.0955,-0.2467,49.2029,34.9340
06/17/2013,268.3422,0.5988,49.2029,34.9340
06/14/2013,267.7434,1.9937,49.2029,34.9340
06/13/2013,265.7497,-0.6559,49.2029,35.4261
06/12/2013,266.4056,1.7366,49.2029,35.4261
06/11/2013,264.6690,-0.7144,49.2029,35.4261
06/10/2013,265.3834,0.0478,49.2029,35.4261
06/07/2013,265.3356,2.0777,49.2029,35.4261
06/06/2013,263.2579,-0.5355,49.2029,35.4261
06/05/2013,263.7934,-0.9263,49.2029,36.4102
06/04/2013,264.7197,1.1171,49.2029,36.4102
05/30/2013,270.2367,1.2316,49.2029,34.9340
05/29/2013,269.0051,-4.9386,49.2029,34.9340
05/28/2013,273.9437,0.5423,49.2029,34.9340
05/24/2013,273.4014,3.3255,49.2029,34.9340
05/23/2013,270.0759,-1.6250,49.2029,34.9340
05/22/2013,271.7009,1.0824,49.2029,32.4740
05/21/2013,270.6185,0.8127,49.2029,32.4740
05/20/2013,269.8058,-0.7628,49.2029,32.4740
05/17/2013,270.5686,2.7231,49.2029,32.4740
05/16/2013,267.8455,0.1559,49.2029,34.9340
05/15/2013,267.6896,1.8133,49.2029,34.9340
05/14/2013,265.8763,-3.3594,49.2029,34.9340
05/13/2013,269.2357,1.8605,49.2029,34.9340
05/10/2013,267.3752,-0.7519,49.2029,34.9340
05/09/2013,268.1271,-2.4847,49.2029,36.9023
05/08/2013,270.6118,0.7361,49.2029,36.9023
05/07/2013,269.8757,-4.0537,49.2029,36.9023
05/06/2013,273.9294,3.7580,49.2029,36.9023
05/03/2013,270.1714,2.0080,49.2029,36.9023
05/02/2013,268.1634,-0.6688,49.2029,36.9023
05/01/2013,268.8322,1.3741,49.2029,36.9023
04/30/2013,267.4581,-1.6388,49.2029,36.9023
04/29/2013,269.0969,-5.0266,49.2029,36.9023
04/26/2013,274.1235,-0.2430,49.2029,36.9023
04/25/2013,274.3665,0.9165,49.2029,36.9023
04/24/2013,273.4500,-0.2753,49.2029,36.4102
04/23/2013,273.7253,-1.4897,49.2029,36.4102
04/22/2013,275.2150,0.5916,49.2029,36.4102
04/19/2013,274.6234,0.0155,49.2029,36.4102
04/18/2013,274.6079,-0.5053,49.2029,33.4580
04/17/2013,275.1132,-0.8461,49.2029,33.4580
04/16/2013,275.9593,-1.8508,49.2029,33.4580
04/15/2013,277.8101,2.7378,49.2029,33.4580
04/12/2013,275.0723,0.2967,49.2029,33.4580
04/11/2013,274.7756,-1.3666,49.2029,33.4580
04/10/2013,276.1422,1.3510,49.2029,34.9340
04/09/2013,274.7912,1.5817,49.2029,35.4261
04/08/2013,273.2095,-1.8569,49.2029,35.4261
04/05/2013,275.0664,5.7628,49.2029,35.4261
04/04/2013,269.3036,-1.1204,49.2029,35.4261
04/03/2013,270.4240,0.4968,49.2029,35.4261
04/02/2013,269.9272,0.1356,49.2029,35.4261
04/01/2013,269.7916,-2.4099,49.2029,35.4261
03/29/2013,272.2015,-1.9405,49.2029,35.4261
03/28/2013,274.1420,0.1551,49.2029,35.4261
03/27/2013,273.9869,-4.3249,49.2029,35.9180
03/26/2013,278.3118,-2.5816,49.2029,35.9180
03/25/2013,280.8934,1.1353,49.2029,35.9180
03/22/2013,279.7581,4.6157,49.2029,35.9180
03/21/2013,275.1424,0.4391,49.2029,36.9023
03/20/2013,274.7033,8.3340,49.2029,36.9023
03/19/2013,266.3693,-0.6426,49.2029,36.9023
03/18/2013,267.0119,2.0676,49.2029,36.9023
03/15/2013,264.9443,2.9712,49.2029,36.9023
03/14/2013,261.9734,-1.6108,49.2029,35.9180
03/13/2013,263.5842,-5.3647,49.2029,35.9180
03/12/2013,268.9489,-4.5393,49.2029,35.9180
03/11/2013,273.4882,0.1011,49.2029,35.9180
03/08/2013,273.3871,-1.6013,49.2029,35.9180
03/07/2013,274.9884,-4.5277,49.2029,35.9180
03/06/2013,279.5161,1.7044,49.2029,35.4261
03/05/2013,277.8117,-0.4747,49.2029,35.4261
03/04/2013,278.2864,2.0936,49.2029,35.4261
03/01/2013,276.1928,-1.0754,49.2029,35.4261
02/28/2013,277.2682,-1.8056,49.2029,35.4261
02/27/2013,279.0738,2.2738,49.2029,34.9340
02/26/2013,276.8000,-0.3123,49.2029,34.9340
02/25/2013,277.1123,-2.2035,49.2029,34.9340
02/22/2013,279.3158,3.5169,49.2029,34.9340
02/21/2013,275.7989,1.5070,49.2029,35.9180
02/20/2013,274.2919,0.4494,49.2029,35.9180
02/19/2013,273.8425,-2.3936,49.2029,35.9180
02/15/2013,276.2361,-2.1576,49.2029,35.9180
02/14/2013,278.3937,2.7694,49.2029,34.9340
02/13/2013,275.6243,-7.9127,49.2029,34.9340
02/12/2013,283.5370,-1.3283,49.2029,34.9340
02/11/2013,284.8653,3.7764,49.2029,34.9340
02/08/2013,281.0889,8.0993,49.2029,34.9340
02/07/2013,272.9896,0.0115,49.2029,34.9340
02/06/2013,272.9781,-1.1956,49.2029,34.9340
02/05/2013,274.1737,-0.5397,49.2029,34.9340
02/04/2013,274.7134,0.7484,49.2029,34.9340
02/01/2013,273.9650,-0.8000,49.2029,34.9340
01/31/2013,274.7650,-2.6946,49.2029,34.9340
01/30/2013,277.4596,-1.7376,49.2029,34.9340
01/29/2013,279.1972,-0.0703,49.2029,34.9340
01/28/2013,279.2675,-3.8629,49.2029,34.9340
01/25/2013,283.1304,-1.5221,49.2029,34.9340
01/24/2013,284.6525,0.8193,49.2029,34.9340
01/23/2013,283.8332,0.8838,49.2029,35.4261
01/22/2013,282.9494,4.0299,49.2029,35.4261
01/18/2013,278.9195,2.7955,49.2029,35.4261
01/17/2013,276.1240,-2.2643,49.2029,35.4261
01/16/2013,278.3883,0.3823,49.2029,33.4580
01/15/2013,278.0060,1.2965,49.2029,33.4580
01/14/2013,276.7095,-7.9904,49.2029,33.4580
01/11/2013,284.6999,1.9234,49.2029,33.4580
01/10/2013,282.7765,-0.6628,49.2029,33.4580
01/09/2013,283.4393,-2.1005,49.2029,33.4580
01/08/2013,285.5398,1.1528,49.2029,33.4580
01/04/2013,280.3536,9.7786,49.2029,33.4580
01/03/2013,270.5750,-2.6925,49.2029,33.4580
01/02/2013,273.2675,0.7986,49.2029,34.4421
12/31/2012,272.4689,-4.4436,49.2029,34.4421
12/28/2012,276.9125,-4.9389,49.2029,34.4421
12/27/2012,281.8514,-3.1508,49.2029,34.4421
12/26/2012,285.0022,0.7389,49.2029,34.9340
12/21/2012,284.2633,1.8099,49.2029,34.9340
12/20/2012,282.4534,-1.7261,49.2029,34.9340
12/18/2012,284.0006,-0.2250,49.2029,34.9340
12/17/2012,284.2256,1.2751,49.2029,34.9340
12/14/2012,282.9505,3.2535,49.2029,34.9340
12/13/2012,279.6970,-1.9266,49.2029,34.9340
12/12/2012,281.6236,3.3899,49.2029,34.4421
12/11/2012,278.2337,0.1301,49.2029,34.4421
12/10/2012,278.1036,-0.8102,49.2029,34.4421
12/07/2012,278.9138,-0.6682,49.2029,34.4421
12/06/2012,279.5820,-2.3038,49.2029,34.4421
12/05/2012,281.8858,0.4144,49.2029,34.9340
12/04/2012,281.4714,-1.4157,49.2029,34.9340
12/03/2012,282.8871,-0.0891,49.2029,34.9340
11/30/2012,282.9762,1.3928,49.2029,34.9340
11/29/2012,281.5834,-0.8349,49.2029,34.9340
11/28/2012,282.4183,-5.3342,49.2029,33.9500
11/27/2012,287.7525,0.0486,49.2029,33.9500
11/26/2012,287.7039,1.6685,49.2029,33.9500
11/23/2012,286.0354,3.5890,49.2029,33.9500
11/21/2012,282.4464,2.1880,49.2029,35.4261
11/20/2012,280.2584,0.1218,49.2029,35.4261
11/19/2012,280.1366,0.3343,49.2029,35.4261
11/16/2012,279.8023,-0.1841,49.2029,35.4261
11/15/2012,279.9864,-2.3420,49.2029,35.4261
11/14/2012,282.3284,-3.6624,49.2029,32.9659
11/13/2012,285.9908,-0.2050,49.2029,32.9659
11/12/2012,286.1958,1.5153,49.2029,32.9659
11/09/2012,284.6805,0.2833,49.2029,32.9659
11/08/2012,284.3972,-1.4725,49.2029,32.9659
11/07/2012,285.8697,5.0112,49.2029,35.4261
11/06/2012,280.8585,2.1311,49.2029,35.4261
11/05/2012,278.7274,-0.4551,49.2029,35.4261
11/02/2012,279.1825,-1.6919,49.2029,35.4261
11/01/2012,280.8744,-3.5330,49.2029,35.4261
10/31/2012,284.4074,1.7078,49.2029,36.4102
10/30/2012,278.4817,-2.7580,49.2029,36.4102
10/29/2012,281.2397,2.2257,49.2029,36.4102
10/26/2012,279.0140,2.1920,49.2029,36.4102
10/25/2012,276.8220,-2.1629,49.2029,36.4102
10/24/2012,278.9849,-7.3196,49.2029,35.9180
10/23/2012,286.3045,-2.6527,49.2029,35.9180
10/22/2012,288.9572,-0.7052,49.2029,35.9180
10/19/2012,289.6624,1.1691,49.2029,35.9180
10/18/2012,288.4933,-0.6952,49.2029,35.9180
10/17/2012,289.1885,0.1413,49.2029,36.4102
10/16/2012,289.0472,-1.0708,49.2029,36.4102
10/15/2012,290.1180,-2.9053,49.2029,36.4102
10/11/2012,292.7719,-1.3772,49.2029,36.4102
10/10/2012,294.1491,-0.3891,49.2029,36.4102
10/09/2012,294.5382,0.2642,49.2029,36.4102
10/08/2012,294.2740,-3.4590,49.2029,36.4102
10/05/2012,297.7330,2.6834,49.2029,36.4102
10/04/2012,295.0496,-4.7712,49.2029,36.4102
10/03/2012,299.8208,3.3115,49.2029,36.9023
10/02/2012,296.5093,0.4466,49.2029,36.9023
10/01/2012,296.0627,2.3961,49.2029,36.9023
09/28/2012,293.6666,3.7595,49.2029,36.9023
09/27/2012,289.9071,-2.1767,49.2029,36.9023
09/26/2012,292.0838,-3.0764,49.2029,37.3942
09/25/2012,295.1602,-3.8159,49.2029,37.3942
09/24/2012,298.9761,4.1251,49.2029,37.3942
09/21/2012,294.8510,-0.4050,49.2029,37.3942
09/20/2012,295.2560,2.1838,49.2029,37.3942
09/19/2012,293.0722,0.5942,49.2029,36.4102
09/18/2012,292.4780,-1.0635,49.2029,36.4102
09/17/2012,293.5415,-0.2014,49.2029,36.4102
09/14/2012,293.7429,1.8063,49.2029,36.4102
09/13/2012,291.9366,-2.9594,49.2029,36.4102
09/12/2012,294.8960,0.9971,49.2029,35.9180
09/11/2012,293.8989,2.2223,49.2029,35.9180
09/10/2012,291.6766,1.8248,49.2029,35.9180
09/07/2012,289.8518,2.4231,49.2029,35.9180
09/06/2012,287.4287,-0.9178,49.2029,35.9180
09/05/2012,288.3465,1.9084,49.2029,33.9500
09/04/2012,286.4381,-2.2597,49.2029,33.9500
08/31/2012,288.6978,-3.1172,49.2029,33.9500
08/30/2012,291.8150,-1.2529,49.2029,33.9500
08/29/2012,293.0679,-7.5866,49.2029,35.9180
08/28/2012,300.6545,-0.0510,49.2029,35.9180
08/27/2012,300.7055,-1.1214,49.2029,35.9180
08/24/2012,301.8269,5.0098,49.2029,35.9180
08/23/2012,296.8171,-0.2248,49.2029,35.9180
08/22/2012,297.0419,6.7377,49.2029,36.9023
08/21/2012,290.3042,0.3655,49.2029,36.9023
08/20/2012,289.9387,-1.6494,49.2029,36.9023
08/17/2012,291.5881,0.7321,49.2029,36.9023
08/16/2012,290.8560,-2.3198,49.2029,36.9023
08/15/2012,293.1758,-1.1396,49.2029,35.4261
08/14/2012,294.3154,1.1422,49.2029,35.4261
08/13/2012,293.1732,0.7048,49.2029,35.4261
08/10/2012,292.4684,2.9101,49.2029,35.4261
08/09/2012,289.5583,-4.4446,49.2029,35.4261
08/08/2012,294.0029,0.6050,49.2029,34.9340
08/07/2012,293.3979,1.3758,49.2029,34.9340
08/06/2012,292.0221,-1.0577,49.2029,34.9340
08/03/2012,293.0798,0.8415,49.2029,34.9340
08/02/2012,292.2383,,49.2029,34.9340
08/01/2012,296.4028,0.6447,49.2029,35.4261
07/31/2012,295.7581,-3.4138,49.2029,35.4261
07/30/2012,299.1719,-2.1880,49.2029,35.4261
07/27/2012,301.3599,-3.7270,49.2029,35.4261
07/26/2012,305.0869,5.5626,49.2029,35.4261
07/25/2012,299.5243,0.2218,49.2029,37.3942
07/24/2012,299.3025,0.2877,49.2029,37.3942
07/23/2012,299.0148,0.2215,49.2029,37.3942
07/20/2012,298.7933,3.0572,49.2029,37.3942
07/19/2012,295.7361,-5.9596,49.2029,37.3942
07/17/2012,303.1373,-0.0422,49.2029,37.3942
07/16/2012,303.1795,-3.0948,49.2029,37.3942
07/13/2012,306.2743,0.4949,49.2029,37.3942
07/12/2012,305.7794,-1.3163,49.2029,37.3942
07/11/2012,307.0957,-0.7786,49.2029,37.3942
07/10/2012,307.8743,-3.8569,49.2029,37.3942
07/09/2012,290.2064,-22.6564,49.2029,37.3942
07/06/2012,312.8628,5.9496,49.2029,37.3942
07/05/2012,306.9132,-2.4546,49.2029,37.8862
07/03/2012,309.3678,-1.0602,49.2029,37.8862
07/02/2012,310.4280,4.5070,49.2029,37.8862
06/29/2012,305.9210,-2.3680,49.2029,37.8862
06/28/2012,308.2890,-0.7788,49.2029,37.8862
06/27/2012,309.0678,-0.7547,49.2029,38.3783
06/26/2012,309.8225,3.3102,49.2029,38.3783
06/25/2012,306.5123,-8.8623,49.2029,38.3783
06/22/2012,315.3746,-0.2306,49.2029,38.3783
06/21/2012,315.6052,2.4855,49.2029,38.3783
06/20/2012,313.1197,-0.7558,49.2029,38.8703
06/19/2012,313.8755,-1.5517,49.2029,38.8703
06/18/2012,315.4272,6.3369,49.2029,38.8703
06/15/2012,309.0903,0.5160,49.2029,38.8703
06/14/2012,308.5743,-3.0135,49.2029,38.8703
06/13/2012,311.5878,-2.9078,49.2029,38.8703
06/12/2012,314.4956,-0.9057,49.2029,38.8703
06/11/2012,315.4013,-10.2080,49.2029,38.8703
06/08/2012,325.6093,0.6129,49.2029,38.8703
06/07/2012,324.9964,7.8051,49.2029,38.8703
06/06/2012,317.1913,1.4434,49.2029,38.3783
06/05/2012,315.7479,1.3044,49.2029,38.3783
06/04/2012,314.4435,1.6906,49.2029,38.3783
06/01/2012,312.7529,3.0596,49.2029,38.3783
05/31/2012,309.6933,-9.8389,49.2029,38.3783
05/30/2012,319.5322,0.6022,49.2029,38.8703
05/29/2012,318.9300,-7.2006,49.2029,38.8703
05/25/2012,326.1306,-1.2318,49.2029,38.8703
05/24/2012,327.3624,-2.3139,49.2029,38.8703
05/23/2012,329.6763,-0.8503,49.2029,39.8544
05/22/2012,330.5266,-1.5727,49.2029,39.8544
05/21/2012,332.0993,-1.5579,49.2029,39.8544
05/14/2012,334.0218,-2.2182,49.2029,38.8700
02/15/2012,370.0476,-2.0124,49.2029,38.3800
