Report Date,NET CARCASS PRICE,NET CARCASS CHANGE
06/29/2020,347.6594,2.4994
06/26/2020,345.1627,-1.0473
06/25/2020,346.2096,0.9096
06/24/2020,345.2975,-3.5825
06/23/2020,348.8804,-0.0696
06/22/2020,348.9491,-5.3009
06/19/2020,354.2507,0.6807
06/18/2020,353.5748,-2.3152
06/17/2020,355.8917,0.8617
06/16/2020,355.0328,-0.8672
06/15/2020,355.9043,0.2543
06/12/2020,355.6539,-2.0361
06/11/2020,357.6872,1.1072
06/10/2020,356.5782,0.4182
06/09/2020,356.1647,-3.1853
06/08/2020,359.3508,1.2608
06/05/2020,358.0927,-5.8273
06/04/2020,363.9220,0.9120
06/03/2020,363.0081,3.2081
06/02/2020,359.8044,1.8844
06/01/2020,357.9195,-0.6305
05/29/2020,353.3503,-5.1997
05/28/2020,358.5501,4.4301
05/27/2020,354.1233,-1.3667
05/26/2020,355.4891,7.8391
05/22/2020,351.0622,3.4122
05/21/2020,347.6478,-1.9322
05/20/2020,349.5822,1.6322
05/19/2020,347.9479,-1.9621
05/18/2020,349.9075,-0.3525
05/15/2020,350.2645,0.7245
05/14/2020,349.5385,2.0085
05/13/2020,347.5342,-1.7358
05/12/2020,349.2743,0.0143
05/11/2020,349.2628,-2.6072
05/08/2020,351.8666,-0.2334
05/07/2020,352.0977,-0.4923
05/06/2020,352.5870,-1.2630
05/05/2020,353.8470,-0.1330
05/04/2020,353.9840,2.2240
05/01/2020,351.7551,-1.1749
04/30/2020,352.9303,-2.8697
04/29/2020,355.7987,1.9387
04/28/2020,353.8553,4.2553
04/27/2020,349.6014,-11.1486
04/24/2020,360.7544,-0.9356
04/23/2020,361.6856,-3.5944
04/22/2020,365.2795,-4.2305
04/21/2020,369.5097,-1.4703
04/20/2020,370.9847,-0.8053
04/17/2020,371.7949,-5.9651
04/16/2020,377.7644,0.0744
04/15/2020,377.6864,-0.9536
04/14/2020,378.6356,-0.8044
04/13/2020,379.4394,0.8194
04/10/2020,378.6157,2.8657
04/09/2020,375.7527,-0.7273
04/08/2020,376.4766,1.3266
04/07/2020,375.1519,1.3519
04/06/2020,373.8033,-2.0967
04/03/2020,375.8987,-0.8613
04/02/2020,376.7609,1.6709
04/01/2020,375.0879,0.3679
03/31/2020,374.7183,0.0183
03/30/2020,374.6978,1.0678
03/27/2020,373.6250,0.0850
03/26/2020,373.5441,3.3841
03/25/2020,370.1628,0.5728
03/24/2020,369.5883,-0.2317
03/23/2020,369.8229,3.0129
03/20/2020,366.8132,2.7932
03/19/2020,364.0228,-1.0172
03/18/2020,365.0411,-0.7989
03/17/2020,365.8376,0.5876
03/16/2020,365.2501,-2.3299
03/13/2020,367.5826,-2.4574
03/12/2020,370.0423,-1.6277
03/11/2020,371.6719,-0.6381
03/10/2020,372.3066,-1.3034
03/09/2020,373.6071,-2.2629
03/06/2020,375.8740,0.2240
03/05/2020,375.6539,5.4739
03/04/2020,370.1783,2.2583
03/03/2020,367.9202,2.5102
03/02/2020,365.4111,2.8211
02/28/2020,362.5874,1.0774
02/27/2020,361.5072,-0.6028
02/26/2020,362.1052,0.4152
02/25/2020,361.6940,-1.6260
02/24/2020,363.3226,1.8326
02/21/2020,361.4930,-0.9270
02/20/2020,362.4168,-2.3533
02/19/2020,364.7745,1.6445
02/18/2020,363.1287,-1.6113
02/17/2020,364.7412,-3.9188
02/14/2020,368.6602,-1.3798
02/13/2020,370.0412,3.0412
02/12/2020,366.9996,-2.1604
02/11/2020,369.1636,2.4236
02/10/2020,366.7442,3.1542
02/07/2020,363.5932,1.3032
02/06/2020,362.2906,-1.4394
02/05/2020,363.7314,0.5114
02/04/2020,363.2245,-0.9255
02/03/2020,364.1471,1.6171
01/31/2020,362.5286,0.2786
01/30/2020,362.2543,1.2043
01/29/2020,361.0480,-1.0020
01/28/2020,362.0515,-0.5285
01/27/2020,362.5755,0.5455
01/24/2020,362.0344,-0.7756
01/23/2020,362.8101,-2.3699
01/22/2020,365.1817,1.2917
01/21/2020,363.8928,1.7828
01/20/2020,362.1148,-1.5352
01/17/2020,363.6496,1.5996
01/16/2020,362.0498,4.3598
01/15/2020,357.6856,-1.3844
01/14/2020,359.0701,0.1001
01/13/2020,358.9661,-0.8139
01/10/2020,359.7788,-2.0912
01/09/2020,361.8663,-1.3137
01/08/2020,363.1830,0.8330
01/07/2020,362.3467,0.5367
01/06/2020,361.8120,0.6120
01/03/2020,356.4737,2.1537
01/02/2020,354.3240,-0.1960
12/31/2019,354.5221,-1.5279
12/30/2019,356.0534,3.2834
12/27/2019,352.7708,-3.3092
12/26/2019,356.0825,7.1825
12/23/2019,348.9038,1.0638
12/20/2019,347.8442,2.0542
12/19/2019,345.7925,-0.1375
12/18/2019,345.9306,-1.9594
12/17/2019,347.8881,-2.6119
12/16/2019,350.4959,2.2559
12/13/2019,348.2445,-1.1155
12/12/2019,349.3561,0.7161
12/11/2019,348.6380,-0.0920
12/10/2019,348.7319,-1.2081
12/09/2019,349.9357,1.4657
12/06/2019,348.4661,2.7861
12/05/2019,345.6840,-0.4560
12/04/2019,346.1388,0.4988
12/03/2019,345.6379,0.1879
12/02/2019,345.4490,-6.7710
11/29/2019,352.2201,-3.2299
11/27/2019,355.4523,-0.1077
11/26/2019,355.5641,2.0741
11/25/2019,353.4859,-0.4041
11/22/2019,353.8922,0.2222
11/21/2019,353.6671,0.1071
11/20/2019,353.5579,0.7179
11/19/2019,352.8382,-1.0518
11/18/2019,353.8865,3.2065
11/15/2019,350.6761,-0.5439
11/14/2019,351.2154,-0.7746
11/13/2019,351.9920,-1.4980
11/12/2019,353.4896,-0.5104
11/11/2019,354.0041,-0.4459
11/08/2019,354.4495,-0.0405
11/07/2019,354.4879,0.8979
11/06/2019,353.5929,3.6529
11/05/2019,349.9402,-0.1598
11/04/2019,350.1001,0.2701
11/01/2019,349.8298,0.2498
10/31/2019,349.5811,3.3911
10/30/2019,346.1919,-1.5481
10/29/2019,347.7365,-1.8435
10/28/2019,349.5803,-2.6097
10/25/2019,352.1936,0.2436
10/24/2019,351.9547,-3.6953
10/23/2019,355.6478,-0.7622
10/22/2019,356.4079,1.4879
10/21/2019,354.9180,3.9080
10/18/2019,351.0132,0.6132
10/17/2019,350.4014,3.0214
10/16/2019,347.3802,-1.6798
10/15/2019,349.0636,1.1836
10/14/2019,347.8814,-1.0086
10/11/2019,348.8917,-0.9383
10/10/2019,349.8332,0.1032
10/09/2019,349.7337,2.4337
10/08/2019,347.3030,-0.8870
10/07/2019,348.1901,1.5001
10/04/2019,346.6853,0.3553
10/03/2019,346.3323,0.5723
10/02/2019,345.7560,-1.1740
10/01/2019,346.9253,-1.4747
09/30/2019,348.3981,-0.8419
09/27/2019,349.2386,1.2186
09/26/2019,348.0178,1.3178
09/25/2019,346.7007,0.8907
09/24/2019,345.8085,1.5585
09/23/2019,344.2539,-0.3261
09/20/2019,344.5792,-1.4308
09/19/2019,346.0083,-4.2317
09/18/2019,350.2357,0.4557
09/17/2019,349.7801,-1.2099
09/16/2019,350.9855,-0.9945
09/13/2019,351.9769,2.1769
09/12/2019,349.8008,-1.2692
09/11/2019,351.0671,1.2471
09/10/2019,349.8234,2.2834
09/09/2019,347.5428,0.6728
09/06/2019,346.8693,-1.1107
09/05/2019,347.9769,-2.2031
09/04/2019,350.1751,0.8751
09/03/2019,349.2998,0.6898
08/30/2019,348.6115,1.8115
08/29/2019,346.8031,1.1331
08/28/2019,345.6662,0.9862
08/27/2019,344.6826,5.2926
08/26/2019,339.3853,-0.4847
08/23/2019,339.8739,-1.1861
08/22/2019,341.0605,0.5905
08/21/2019,340.4726,0.6926
08/20/2019,339.7756,-4.8944
08/19/2019,344.6687,0.1687
08/16/2019,344.5013,0.2513
08/15/2019,344.2536,-0.2164
08/14/2019,344.4728,-1.8272
08/13/2019,346.3022,-0.3778
08/12/2019,346.6808,-1.4392
08/09/2019,348.1240,-1.0660
08/08/2019,349.1899,0.4799
08/07/2019,348.7078,1.7778
08/06/2019,346.9342,-0.9258
08/05/2019,347.8594,4.2394
08/02/2019,343.6159,0.4559
08/01/2019,343.1643,-2.9757
07/31/2019,346.1412,-2.2088
07/30/2019,348.3494,1.7394
07/29/2019,346.6079,-2.2021
07/26/2019,348.8067,-0.9033
07/25/2019,349.7137,-0.7363
07/24/2019,350.4511,-4.7089
07/23/2019,355.1568,-1.9432
07/22/2019,357.0955,2.5155
07/19/2019,354.5809,1.5009
07/18/2019,353.0798,2.9898
07/17/2019,350.0887,2.7187
07/16/2019,347.3707,1.3207
07/15/2019,346.0496,-1.8704
07/12/2019,347.9200,0.7600
07/11/2019,347.1629,-3.3471
07/10/2019,350.5075,0.5875
07/09/2019,349.9204,2.3204
07/08/2019,347.5955,4.5855
07/05/2019,343.0099,0.1999
07/03/2019,342.8084,2.0284
07/02/2019,340.7805,-2.7795
07/01/2019,343.5582,-0.4818
06/28/2019,344.0365,-1.6235
06/27/2019,345.6582,0.8982
06/26/2019,344.7610,-1.7390
06/25/2019,346.4992,0.5192
06/24/2019,345.9771,0.9671
06/21/2019,345.0066,1.1066
06/20/2019,343.9032,-0.1968
06/19/2019,344.1020,-0.2480
06/18/2019,344.3470,-0.0330
06/17/2019,344.3787,-1.8013
06/14/2019,346.1796,0.7296
06/13/2019,345.4494,1.3494
06/12/2019,344.0988,3.4388
06/11/2019,340.6642,0.8542
06/10/2019,339.8079,1.5879
06/07/2019,338.2207,-2.5293
06/06/2019,340.7476,0.1776
06/05/2019,340.5701,-3.0799
06/04/2019,343.6533,3.0233
06/03/2019,340.6286,-2.9914
05/31/2019,343.6234,0.3734
05/30/2019,343.2545,-0.3755
05/29/2019,343.6300,-1.5800
05/28/2019,345.2102,0.2302
05/24/2019,344.9811,1.7511
05/23/2019,343.2319,-0.7181
05/22/2019,339.9606,3.8806
05/21/2019,336.0844,-0.3856
05/20/2019,336.4726,-0.9874
05/17/2019,337.4610,0.3410
05/16/2019,337.1241,-1.1059
05/15/2019,338.2280,-0.7120
05/14/2019,338.9354,0.4154
05/13/2019,338.5219,1.1319
05/10/2019,337.3897,-1.0303
05/09/2019,338.4189,-1.2311
05/08/2019,339.6462,-0.2338
05/07/2019,339.8754,-0.4246
05/06/2019,340.3048,-1.3952
05/03/2019,341.6980,0.5780
05/02/2019,341.1153,-1.8647
05/01/2019,342.9828,1.9228
04/30/2019,341.0593,3.3593
04/29/2019,337.7030,2.2130
04/26/2019,335.4942,1.2942
04/25/2019,334.1953,3.6753
04/24/2019,330.5189,1.9089
04/23/2019,328.6092,-1.2308
04/22/2019,329.8386,-0.0914
04/19/2019,329.9316,-1.2784
04/18/2019,331.2078,-2.2522
04/17/2019,333.4550,1.4350
04/16/2019,332.0157,2.0857
04/15/2019,329.9324,-1.1776
04/12/2019,331.1123,1.5923
04/11/2019,329.5240,0.0140
04/10/2019,329.5129,-1.2371
04/09/2019,330.7472,-2.8428
04/08/2019,333.5944,2.2444
04/05/2019,331.3504,0.1004
04/04/2019,331.2530,-0.7570
04/03/2019,332.0136,-2.9064
04/02/2019,334.9210,1.8410
04/01/2019,333.0837,-0.9063
03/29/2019,333.9928,3.6828
03/28/2019,330.3114,1.0114
03/27/2019,329.3006,1.0806
03/26/2019,328.2172,-1.1128
03/25/2019,329.3278,0.0678
03/22/2019,329.2626,1.1126
03/21/2019,328.1513,-0.5987
03/20/2019,328.7544,0.3644
03/19/2019,328.3870,-2.2830
03/18/2019,330.6686,-0.5614
03/15/2019,331.2310,1.8310
03/14/2019,329.3991,1.5891
03/13/2019,327.8057,-2.4343
03/12/2019,330.2367,6.5267
03/11/2019,323.7120,-2.8380
03/08/2019,326.5519,-1.5781
03/07/2019,328.1306,4.3406
03/06/2019,323.7927,2.2427
03/05/2019,321.5455,-4.7745
03/04/2019,326.3213,2.6513
03/01/2019,323.6682,-1.8918
02/28/2019,325.5564,-3.2736
02/27/2019,328.8349,0.7249
02/26/2019,328.1089,-0.5711
02/25/2019,328.6783,-2.0117
02/22/2019,330.6890,3.9990
02/21/2019,326.6851,-1.1449
02/20/2019,327.8257,-2.9843
02/19/2019,330.8138,0.9038
02/18/2019,329.9070,4.0070
02/15/2019,325.8963,0.2763
02/14/2019,325.6202,-0.8998
02/13/2019,326.5183,-0.0317
02/12/2019,326.5460,1.1460
02/11/2019,325.3978,-5.0722
02/08/2019,330.4658,-3.7242
02/07/2019,334.1910,2.2510
02/06/2019,331.9375,1.8975
02/05/2019,330.0396,-2.4104
02/04/2019,332.4537,0.1437
02/01/2019,332.3135,-3.8965
01/31/2019,336.2096,-1.9404
01/30/2019,338.1450,-1.0650
01/29/2019,339.2083,1.3283
01/28/2019,337.8847,0.3047
01/25/2019,337.5800,0.3300
01/24/2019,337.2516,1.3216
01/23/2019,335.9324,-1.3176
01/22/2019,337.2495,-0.9505
01/21/2019,338.2019,2.0219
01/18/2019,336.1844,4.1044
01/17/2019,332.0775,-0.0625
01/16/2019,332.1415,4.6715
01/15/2019,327.4729,-1.7971
01/14/2019,329.2680,-0.7320
01/11/2019,330.0013,-1.2287
01/10/2019,331.2332,-2.6068
01/09/2019,333.8406,-5.0694
01/08/2019,338.9144,1.2144
01/07/2019,337.6974,1.5274
01/04/2019,339.7710,-1.7390
01/03/2019,341.5097,-2.9903
01/02/2019,344.4963,-0.2337
12/31/2018,344.7311,-1.3089
12/28/2018,346.0356,-0.5944
12/27/2018,346.6322,8.1722
12/26/2018,338.4587,7.4787
12/21/2018,330.9833,0.0633
12/20/2018,330.9165,-4.6135
12/19/2018,335.5277,-0.8923
12/18/2018,336.4161,0.5961
12/17/2018,335.8210,0.4210
12/14/2018,335.4004,-2.0696
12/13/2018,337.4672,2.5572
12/12/2018,334.9106,-1.9594
12/11/2018,336.8652,-2.3448
12/10/2018,339.2101,-2.4099
12/07/2018,341.6189,3.7089
12/06/2018,337.9147,-0.2853
12/05/2018,338.2023,-1.7477
12/04/2018,339.9472,1.4472
12/03/2018,338.4982,-0.1418
11/30/2018,338.6428,3.9828
11/29/2018,334.6614,-1.0286
11/28/2018,335.6868,4.8168
11/27/2018,330.8729,-0.6771
11/26/2018,331.5467,-3.1633
11/23/2018,334.7089,-0.2811
11/21/2018,334.9912,2.7612
11/20/2018,332.2343,-0.2957
11/19/2018,332.5331,0.4831
11/16/2018,332.0512,-0.0688
11/15/2018,332.1207,-1.9393
11/14/2018,334.0569,-1.9931
11/13/2018,336.0491,0.6691
11/12/2018,335.3821,2.2321
11/09/2018,333.1476,2.4376
11/08/2018,330.7138,-0.3562
11/07/2018,331.0679,-2.7321
11/06/2018,333.7964,1.4764
11/05/2018,332.3182,-1.8118
11/02/2018,334.1275,-1.6825
11/01/2018,335.8137,2.8237
10/31/2018,332.9904,0.5904
10/30/2018,332.4031,-1.3569
10/29/2018,333.7589,0.7789
10/26/2018,332.9822,-0.8578
10/25/2018,333.8408,-5.4392
10/24/2018,339.2778,2.0978
10/23/2018,337.1842,0.7242
10/22/2018,336.4589,0.1789
10/19/2018,336.2820,-0.1180
10/18/2018,336.3958,2.2558
10/17/2018,334.1382,4.0982
10/16/2018,330.0367,-1.1233
10/15/2018,331.1629,-0.9971
10/12/2018,332.1576,-1.5524
10/11/2018,333.7066,-0.2134
10/10/2018,333.9228,-1.6472
10/09/2018,335.5699,-1.2101
10/08/2018,336.7845,0.5645
10/05/2018,336.2187,4.1487
10/04/2018,332.0667,0.2967
10/03/2018,331.7720,-0.2880
10/02/2018,332.0588,1.7588
10/01/2018,330.3040,0.0840
09/28/2018,330.2156,-3.2544
09/27/2018,333.4727,-0.5773
09/26/2018,334.0460,-3.0140
09/25/2018,337.0591,3.1491
09/24/2018,333.9136,-0.0964
09/21/2018,334.0101,0.4901
09/20/2018,333.5214,3.1314
09/19/2018,330.3888,-2.5912
09/18/2018,332.9796,-3.0204
09/17/2018,336.0049,2.3349
09/14/2018,333.6684,0.2784
09/13/2018,333.3892,-2.9008
09/12/2018,336.2862,1.5762
09/11/2018,334.7133,2.4133
09/10/2018,332.3008,-3.3192
09/07/2018,335.6190,-2.0110
09/06/2018,337.6345,1.2045
09/05/2018,336.4344,-0.6056
09/04/2018,337.0358,-0.8942
08/31/2018,337.9260,-0.6840
08/30/2018,338.6060,0.1460
08/29/2018,338.4621,0.9921
08/28/2018,337.4730,-1.3470
08/27/2018,338.8210,7.5910
08/24/2018,331.2323,0.9223
08/23/2018,330.3149,-0.1551
08/22/2018,330.4709,1.5609
08/21/2018,328.9079,-0.2421
08/20/2018,329.1548,0.8448
08/17/2018,328.3090,-0.0210
08/16/2018,328.3256,-0.1044
08/15/2018,328.4271,-0.5229
08/14/2018,328.9465,3.1265
08/13/2018,325.8216,-3.2384
08/10/2018,329.0593,0.2993
08/09/2018,328.7630,1.1630
08/08/2018,327.6024,-1.5976
08/07/2018,329.1973,-0.0027
08/06/2018,329.2036,0.6336
08/03/2018,328.5673,0.2073
08/02/2018,328.3634,-2.0766
08/01/2018,330.4422,-1.5678
07/31/2018,332.0122,0.6822
07/30/2018,331.3278,-5.3622
07/27/2018,336.6896,-0.1704
07/26/2018,336.8644,1.4344
07/25/2018,335.4257,-2.8043
07/24/2018,338.2257,-0.8843
07/23/2018,339.1129,-2.4571
07/20/2018,341.5741,0.6241
07/19/2018,340.9511,-1.5089
07/18/2018,342.4648,3.1048
07/17/2018,339.3600,-0.5000
07/16/2018,339.8568,1.2068
07/13/2018,338.6455,4.1155
07/12/2018,334.5340,1.1240
07/11/2018,333.4102,1.8902
07/10/2018,331.5163,-1.1537
07/09/2018,332.6724,2.3324
07/06/2018,330.3397,-0.4503
07/05/2018,330.7872,-0.6828
07/03/2018,331.4743,1.1843
07/02/2018,330.2856,2.9556
06/29/2018,327.3266,-3.2634
06/28/2018,330.5938,-0.1462
06/27/2018,330.7428,0.6328
06/26/2018,330.1095,0.5695
06/25/2018,329.5354,-5.1246
06/22/2018,334.6550,0.9550
06/21/2018,333.6969,1.8969
06/20/2018,331.7963,-1.8237
06/19/2018,333.6238,-0.8862
06/18/2018,334.5095,-0.0105
06/15/2018,334.5236,-2.5364
06/14/2018,337.0595,0.5595
06/13/2018,336.5042,0.6642
06/12/2018,335.8440,1.4040
06/11/2018,334.4351,0.6351
06/08/2018,333.8040,2.0040
06/07/2018,331.8016,0.4516
06/06/2018,331.3512,-0.3288
06/05/2018,331.6773,2.6973
06/04/2018,328.9768,-0.4732
06/01/2018,329.4535,-3.3565
05/31/2018,332.8061,-1.2639
05/30/2018,334.0746,-2.1054
05/29/2018,336.1819,0.2919
05/25/2018,335.8936,-0.3664
05/24/2018,336.2580,-0.3620
05/23/2018,336.6213,2.7813
05/22/2018,333.8352,0.5352
05/21/2018,333.2996,0.6896
05/18/2018,332.6116,3.9016
05/17/2018,328.7060,-0.9840
05/16/2018,329.6919,-1.5381
05/15/2018,331.2300,-2.8500
05/14/2018,334.0755,2.4355
05/11/2018,331.6381,-2.0819
05/10/2018,333.7214,-1.2486
05/09/2018,334.9671,5.0171
05/08/2018,329.9496,0.4496
05/07/2018,329.5027,-0.6873
05/04/2018,330.1887,1.1287
05/03/2018,329.0639,-1.4161
05/02/2018,330.4785,-0.5615
05/01/2018,331.0381,1.2781
04/30/2018,329.7589,-4.2811
04/27/2018,334.0415,4.9515
04/26/2018,329.0904,0.9404
04/25/2018,328.1536,-0.5364
04/24/2018,328.6898,3.1698
04/23/2018,325.5230,2.7830
04/20/2018,322.7350,-1.4850
04/19/2018,324.2241,-1.8559
04/18/2018,326.0829,1.4129
04/17/2018,324.6742,-2.3658
04/16/2018,327.0363,1.0663
04/13/2018,325.9728,-1.2172
04/12/2018,327.1936,0.2236
04/11/2018,326.9675,-1.8325
04/10/2018,328.8014,-0.0786
04/09/2018,328.8808,-1.9592
04/06/2018,330.8428,3.4028
04/05/2018,327.4443,2.8043
04/04/2018,324.6353,1.1153
04/03/2018,323.5201,1.8401
04/02/2018,321.6803,-3.0297
03/30/2018,324.7115,-2.8185
03/29/2018,327.5291,-6.3209
03/28/2018,333.8521,0.8821
03/27/2018,332.9705,-1.3795
03/26/2018,334.3488,5.4688
03/23/2018,328.8820,-0.4681
03/22/2018,329.3472,2.9872
03/21/2018,326.3586,3.1186
03/20/2018,323.2446,0.9046
03/19/2018,322.3366,-0.0734
03/16/2018,322.4063,2.7563
03/15/2018,319.6530,-0.1570
03/14/2018,319.8138,-5.7862
03/13/2018,325.5953,2.8753
03/12/2018,322.7154,-10.0046
03/09/2018,332.0758,0.8058
03/08/2018,331.2727,7.7227
03/07/2018,323.5529,3.0429
03/06/2018,320.5148,2.1448
03/05/2018,318.3673,1.3073
03/02/2018,317.0622,-1.2578
03/01/2018,318.3164,-5.1236
02/28/2018,323.4409,-1.5391
02/27/2018,324.9842,0.0742
02/26/2018,324.9128,-1.6972
02/23/2018,326.6116,-0.5284
02/22/2018,327.1379,0.8879
02/21/2018,326.2462,-0.5138
02/20/2018,326.7582,-0.9318
02/19/2018,327.6920,1.5420
02/16/2018,326.1507,4.9407
02/15/2018,321.2145,-3.4255
02/14/2018,324.6359,-2.3741
02/13/2018,327.0116,-0.4784
02/12/2018,327.4874,2.7274
02/09/2018,324.7595,-0.4705
02/08/2018,325.2303,-0.8397
02/07/2018,326.0722,4.9122
02/06/2018,321.1596,0.7496
02/05/2018,320.4133,-4.5367
02/02/2018,324.9525,6.4225
02/01/2018,318.5305,0.7705
01/31/2018,317.7603,0.2203
01/30/2018,317.5428,0.0528
01/29/2018,317.4851,0.6051
01/26/2018,316.8765,-2.6435
01/25/2018,319.5187,1.5987
01/24/2018,317.9172,-5.0428
01/23/2018,322.9621,-0.9279
01/22/2018,323.8947,-1.5553
01/19/2018,325.4545,-3.9855
01/18/2018,329.4372,-1.1528
01/17/2018,330.5933,2.2033
01/16/2018,328.3921,0.1821
01/15/2018,328.2082,2.7382
01/12/2018,325.4703,3.3403
01/11/2018,322.1264,-1.7136
01/10/2018,323.8409,-0.7791
01/09/2018,324.6217,-0.3983
01/08/2018,325.0177,-3.1623
01/05/2018,328.1760,-4.8240
01/04/2018,332.9982,1.9682
01/03/2018,331.0299,-2.1901
01/02/2018,333.2167,-0.8033
12/29/2017,334.0160,-5.8840
12/28/2017,339.9012,1.5512
12/27/2017,338.3484,4.0484
12/26/2017,334.2985,-2.8615
12/22/2017,337.1606,-1.0094
12/21/2017,338.1709,1.1909
12/20/2017,336.9829,-1.8771
12/19/2017,338.8635,3.2235
12/18/2017,335.6376,1.7176
12/15/2017,333.9243,2.8943
12/14/2017,331.0290,-2.8810
12/13/2017,333.9088,-4.3312
12/12/2017,338.2360,-2.9240
12/11/2017,341.1552,-0.8248
12/08/2017,341.9793,-1.4807
12/07/2017,343.4572,1.4872
12/06/2017,341.9747,-0.8653
12/05/2017,342.8449,-0.7351
12/04/2017,343.5754,1.5354
12/01/2017,342.0389,1.0289
11/30/2017,341.0104,-5.5696
11/29/2017,346.5808,4.8108
11/28/2017,341.7658,-1.7242
11/27/2017,343.4943,-0.5857
11/24/2017,344.0836,-0.0464
11/22/2017,344.1287,-1.6313
11/21/2017,345.7625,4.6625
11/20/2017,341.1029,0.8029
11/17/2017,340.2954,0.3154
11/16/2017,339.9767,-3.2633
11/15/2017,343.2390,0.8290
11/14/2017,342.4102,-6.0498
11/13/2017,348.4570,5.4170
11/10/2017,343.0430,3.6030
11/09/2017,339.4357,1.1357
11/08/2017,338.2966,-0.1734
11/07/2017,338.4697,2.0897
11/06/2017,336.3838,-3.7462
11/03/2017,340.1283,-4.1217
11/02/2017,344.2485,-0.7815
11/01/2017,345.0344,0.1444
10/31/2017,344.8889,-2.5011
10/30/2017,347.3877,1.0877
10/27/2017,346.2954,-1.7346
10/26/2017,348.0326,0.3826
10/25/2017,347.6483,-4.1217
10/24/2017,351.7749,0.0049
10/23/2017,351.7688,1.3888
10/20/2017,350.3846,3.1946
10/19/2017,347.1921,-0.0779
10/18/2017,347.2682,3.5082
10/17/2017,343.7638,-0.7362
10/16/2017,344.5044,-2.1756
10/13/2017,346.6837,-1.0063
10/12/2017,347.6938,-6.4262
10/11/2017,354.1198,-2.3402
10/10/2017,356.4587,3.2887
10/09/2017,353.1677,-5.3023
10/06/2017,358.4720,1.1220
10/05/2017,357.3515,-1.7285
10/04/2017,359.0757,-3.2743
10/03/2017,362.3517,-2.5183
10/02/2017,364.8711,3.1411
09/29/2017,361.7290,0.0790
09/28/2017,361.6535,2.6735
09/27/2017,358.9750,-2.2250
09/26/2017,361.1974,-0.6126
09/25/2017,361.8088,3.2588
09/22/2017,358.5457,-0.8743
09/21/2017,359.4249,0.9549
09/20/2017,358.4702,0.4702
09/19/2017,357.9950,-0.5950
09/18/2017,358.5878,-3.9022
09/15/2017,362.4912,-1.8688
09/14/2017,364.3647,1.5747
09/13/2017,362.7859,0.1259
09/12/2017,362.6604,1.9904
09/11/2017,360.6717,-1.9083
09/08/2017,362.5821,2.0521
09/07/2017,360.5316,0.1016
09/06/2017,360.4321,-6.2379
09/05/2017,366.6721,-2.9979
09/01/2017,369.6665,-2.7135
08/31/2017,372.3800,1.7400
08/30/2017,370.6412,-0.9588
08/29/2017,371.6037,-0.4763
08/28/2017,372.0840,4.3640
08/25/2017,367.7187,-1.2413
08/24/2017,368.9600,-2.3300
08/23/2017,371.2939,0.9739
08/22/2017,370.3194,-1.4906
08/21/2017,371.8073,-5.9827
08/18/2017,377.7906,0.9406
08/17/2017,376.8451,-0.8549
08/16/2017,377.7007,-0.6193
08/15/2017,378.3220,1.7720
08/14/2017,376.5482,0.8482
08/11/2017,375.6971,-3.4529
08/10/2017,379.1545,-1.8055
08/09/2017,380.9644,0.0244
08/08/2017,380.9416,-1.2184
08/07/2017,382.1643,-3.1357
08/04/2017,385.2963,1.3563
08/03/2017,383.9416,-0.8384
08/02/2017,384.7770,-0.1730
08/01/2017,384.9487,-0.9113
07/31/2017,385.8621,1.6521
07/28/2017,384.2052,-1.4648
07/27/2017,385.6749,1.1449
07/26/2017,384.5253,-2.3147
07/25/2017,386.8383,0.6083
07/24/2017,386.2339,-1.0461
07/21/2017,387.2846,-0.7954
07/20/2017,388.0849,0.0949
07/19/2017,387.9913,2.3613
07/18/2017,385.6300,1.3400
07/17/2017,384.2900,-0.2600
07/14/2017,384.5476,8.9276
07/13/2017,375.6200,-0.5500
07/12/2017,376.1704,-3.4296
07/11/2017,379.6037,-0.5563
07/10/2017,380.1587,-0.2213
07/07/2017,380.3774,-4.2726
07/06/2017,384.6453,-0.3247
07/05/2017,384.9708,-1.4392
07/03/2017,386.4120,0.5620
06/30/2017,385.8489,-1.6911
06/29/2017,387.5424,0.1124
06/28/2017,387.4266,2.2766
06/27/2017,385.1527,0.0827
06/26/2017,385.0714,2.9014
06/23/2017,382.1657,3.0057
06/22/2017,379.1588,-3.5312
06/21/2017,382.6855,-0.1045
06/20/2017,382.7897,2.3497
06/19/2017,380.4421,-0.5979
06/16/2017,381.0373,-1.4127
06/15/2017,382.4517,2.9317
06/14/2017,379.5246,0.4646
06/13/2017,379.0645,1.3745
06/12/2017,377.6904,1.2304
06/09/2017,376.4637,2.7037
06/08/2017,373.7558,-0.5442
06/07/2017,374.2954,-0.0346
06/06/2017,374.3316,-1.2484
06/05/2017,375.5800,-1.8700
06/02/2017,377.4514,-2.7886
06/01/2017,380.2449,7.7849
05/31/2017,372.4599,0.7199
05/30/2017,371.7361,4.9361
05/26/2017,366.8032,1.3232
05/25/2017,365.4836,-1.0364
05/24/2017,366.5154,1.7454
05/23/2017,364.7745,-0.7555
05/22/2017,365.5273,1.1273
05/19/2017,364.4037,2.1137
05/18/2017,362.2878,1.9178
05/17/2017,360.3715,3.6615
05/16/2017,356.7066,1.9766
05/15/2017,354.7317,2.4617
05/12/2017,352.2650,7.8750
05/11/2017,344.3881,3.4981
05/10/2017,340.8877,-0.4923
05/09/2017,341.3806,0.4706
05/08/2017,340.9095,3.1495
05/05/2017,337.7564,0.8564
05/04/2017,336.8958,4.9058
05/03/2017,331.9856,2.7356
05/02/2017,329.2543,4.2843
05/01/2017,324.9719,2.5819
04/28/2017,322.3860,2.2860
04/27/2017,320.1030,-0.6170
04/26/2017,320.7249,1.3749
04/25/2017,319.3469,5.1069
04/24/2017,314.2430,0.2330
04/21/2017,314.0133,4.5333
04/20/2017,309.4811,1.3511
04/19/2017,308.1279,0.4979
04/18/2017,307.6321,-2.0179
04/17/2017,309.6530,2.3030
04/14/2017,307.3535,2.0135
04/13/2017,305.3435,3.4535
04/12/2017,301.8866,2.3366
04/11/2017,299.5488,1.9888
04/10/2017,297.5645,-1.2755
04/07/2017,298.8429,0.3129
04/06/2017,298.5264,-2.4936
04/05/2017,301.0165,-1.9235
04/04/2017,302.9380,-0.1220
04/03/2017,303.0598,4.1298
03/31/2017,298.9344,-0.5456
03/30/2017,299.4845,4.1945
03/29/2017,295.2862,5.3562
03/28/2017,289.9328,0.7928
03/27/2017,289.1350,2.1650
03/24/2017,286.9676,-1.4224
03/23/2017,288.3918,5.5318
03/22/2017,282.8631,1.2631
03/21/2017,281.5954,0.1854
03/20/2017,281.4148,-1.6252
03/17/2017,283.0387,1.2387
03/16/2017,281.7999,-6.5901
03/15/2017,288.3900,-1.9000
03/14/2017,290.2941,1.0141
03/13/2017,289.2834,1.6134
03/10/2017,287.6746,-2.0054
03/09/2017,289.6822,1.0922
03/08/2017,288.5890,-3.5510
03/07/2017,292.1428,0.2228
03/06/2017,291.9204,7.9304
03/03/2017,283.9860,1.2860
03/02/2017,282.7011,-0.8089
03/01/2017,283.5137,-3.6863
02/28/2017,287.2024,4.0124
02/27/2017,283.1862,-6.3038
02/24/2017,289.4911,-0.5889
02/23/2017,290.0796,1.0696
02/22/2017,289.0111,-1.4189
02/21/2017,290.4256,-6.4544
02/20/2017,296.8811,3.0711
02/17/2017,293.8097,0.2497
02/16/2017,293.5597,-2.4903
02/15/2017,296.0530,-0.1470
02/14/2017,296.1958,1.1858
02/13/2017,295.0065,4.5765
02/10/2017,290.4314,-3.3486
02/09/2017,293.7757,1.4257
02/08/2017,292.3497,1.5497
02/07/2017,290.7955,-1.2645
02/06/2017,292.0558,-9.8842
02/03/2017,301.9431,0.6331
02/02/2017,301.3079,0.9979
02/01/2017,300.3102,-0.9198
01/31/2017,301.2294,0.7094
01/30/2017,300.5211,-1.4889
01/27/2017,302.0125,-0.7175
01/26/2017,302.7296,1.0296
01/25/2017,301.6964,-0.6236
01/24/2017,302.3222,-0.5778
01/23/2017,302.8956,2.3856
01/20/2017,300.5104,0.9904
01/19/2017,299.5225,-0.8175
01/18/2017,300.3414,-0.4086
01/17/2017,300.7506,-0.9194
01/16/2017,301.6747,-3.5253
01/13/2017,305.1965,1.6865
01/12/2017,303.5066,0.2666
01/11/2017,303.2376,1.9476
01/10/2017,301.2890,-1.1610
01/09/2017,302.4474,-1.6826
01/06/2017,317.3343,-6.0657
01/05/2017,323.4018,1.1318
01/04/2017,323.9436,-2.6064
01/03/2017,326.5483,5.3883
12/30/2016,321.1569,-2.4131
12/29/2016,323.5654,-2.5146
12/28/2016,326.0795,0.9895
12/27/2016,325.0919,2.0919
12/23/2016,322.9992,2.1692
12/22/2016,320.8276,0.1576
12/21/2016,320.6664,1.1464
12/20/2016,319.5167,2.5767
12/19/2016,316.9414,-4.4586
12/16/2016,321.3968,1.5368
12/15/2016,319.8570,-0.2330
12/14/2016,320.0905,0.2005
12/13/2016,319.8925,1.4525
12/12/2016,318.4413,3.7313
12/09/2016,314.7056,-0.4944
12/08/2016,315.2020,1.9820
12/07/2016,313.2196,-0.7804
12/06/2016,314.0026,-4.5874
12/05/2016,318.5900,-0.6900
12/02/2016,319.2786,-1.8214
12/01/2016,321.1018,-1.9182
11/30/2016,323.0184,-1.9516
11/29/2016,324.9701,0.3301
11/28/2016,324.6448,1.3048
11/25/2016,323.3386,2.7086
11/23/2016,320.6345,1.1745
11/22/2016,319.4550,-0.1050
11/21/2016,319.5602,0.2002
11/18/2016,319.3643,-0.0557
11/17/2016,319.4183,-0.9417
11/16/2016,320.3578,0.6878
11/15/2016,319.6654,1.0154
11/14/2016,318.6506,-0.9094
11/11/2016,319.5610,1.1810
11/10/2016,318.3819,-0.6181
11/09/2016,318.9983,0.0383
11/08/2016,318.9579,0.0479
11/07/2016,318.9107,-1.6993
11/04/2016,320.6057,-0.4443
11/03/2016,321.0468,2.5268
11/02/2016,318.5165,-2.1835
11/01/2016,320.6986,3.2586
10/31/2016,317.4428,0.9828
10/28/2016,316.4572,1.1172
10/27/2016,315.3400,-1.8800
10/26/2016,317.2227,-0.9673
10/25/2016,318.1857,-1.6543
10/24/2016,319.8393,-1.6507
10/21/2016,321.4890,1.9690
10/20/2016,319.5233,-1.9067
10/19/2016,321.4323,-2.0677
10/18/2016,323.4992,0.3092
10/17/2016,323.1932,-1.0568
10/14/2016,324.2544,-0.3156
10/13/2016,324.5711,2.4811
10/12/2016,322.0871,3.1971
10/11/2016,318.8878,-1.8522
10/10/2016,320.7402,1.0002
10/07/2016,319.7375,-0.4225
10/06/2016,320.1626,-2.9974
10/05/2016,323.1554,1.2654
10/04/2016,321.8889,1.8889
10/03/2016,319.9992,0.6092
09/30/2016,319.3940,0.3940
09/29/2016,318.9972,-1.6128
09/28/2016,320.6125,-2.4075
09/27/2016,323.0197,0.8397
09/26/2016,322.1841,-1.8159
09/23/2016,323.9965,3.3565
09/22/2016,320.6440,0.1240
09/21/2016,320.5235,-1.2365
09/20/2016,321.7570,1.1670
09/19/2016,320.5915,-1.3485
09/16/2016,321.9351,-3.0549
09/15/2016,324.9926,0.7426
09/14/2016,324.2455,-1.1645
09/13/2016,325.4130,-2.6370
09/12/2016,328.0502,-1.7398
09/09/2016,329.7947,2.3247
09/08/2016,327.4677,-0.9023
09/07/2016,328.3670,4.1570
09/06/2016,324.2138,4.2338
09/02/2016,319.9770,-1.2130
09/01/2016,321.1938,-0.3162
08/31/2016,321.5064,-0.4036
08/30/2016,321.9102,-1.4198
08/29/2016,323.3291,-2.0109
08/26/2016,325.3422,-1.1978
08/25/2016,326.5420,0.1820
08/24/2016,326.3552,-0.6648
08/23/2016,327.0173,1.7173
08/22/2016,325.3021,0.0521
08/19/2016,325.2513,0.2613
08/18/2016,324.9874,0.6174
08/17/2016,324.3678,3.1278
08/16/2016,321.2381,1.9581
08/15/2016,319.2780,1.0880
08/12/2016,318.1921,-0.0879
08/11/2016,318.2843,2.1143
08/10/2016,316.1738,-1.3562
08/09/2016,317.5330,0.9230
08/08/2016,316.6149,-1.2851
08/05/2016,317.9028,0.6428
08/04/2016,317.2636,1.3536
08/03/2016,315.9070,3.8970
08/02/2016,312.0087,-0.6413
08/01/2016,312.6454,-0.4446
07/29/2016,313.0892,-4.6208
07/28/2016,317.7054,-3.9746
07/27/2016,321.6822,-3.7178
07/26/2016,325.3964,2.9864
07/25/2016,322.4114,2.5114
07/22/2016,319.9008,10.1208
07/21/2016,309.7808,2.2108
07/20/2016,307.5684,2.1784
07/19/2016,305.3883,-2.6817
07/18/2016,308.0747,-0.6153
07/15/2016,308.6949,-7.1751
07/14/2016,315.8711,-2.6389
07/13/2016,318.5062,0.8462
07/12/2016,317.6586,3.3886
07/11/2016,314.2724,0.8524
07/08/2016,313.4213,-0.5487
07/07/2016,313.9665,4.0365
07/06/2016,309.9331,1.2131
07/05/2016,308.7237,7.9437
07/01/2016,300.7806,2.5406
06/30/2016,298.2440,0.9640
06/29/2016,297.2778,-0.0522
06/28/2016,297.3300,-6.2800
06/27/2016,303.6077,-1.1223
06/24/2016,304.7317,-4.0783
06/23/2016,308.8138,-1.3462
06/22/2016,310.1570,3.0070
06/21/2016,307.1500,0.3400
06/20/2016,306.8118,-0.3882
06/17/2016,307.1955,0.0055
06/16/2016,307.1875,-1.0825
06/15/2016,308.2659,-2.4341
06/14/2016,310.7005,1.2405
06/13/2016,309.4622,-0.1978
06/10/2016,309.6578,-1.5822
06/09/2016,311.2441,2.1141
06/08/2016,309.1256,0.4756
06/07/2016,308.6473,1.4773
06/06/2016,307.1710,-0.4790
06/03/2016,307.6485,1.6985
06/02/2016,305.9502,-0.9998
06/01/2016,306.9510,0.5510
05/31/2016,306.3974,-3.3826
05/27/2016,309.7753,1.0753
05/26/2016,308.6991,-1.4809
05/25/2016,310.1830,0.2430
05/24/2016,309.9443,2.0043
05/23/2016,307.9351,-0.9049
05/20/2016,308.8355,-2.4145
05/19/2016,311.2546,0.9746
05/18/2016,310.2816,-1.5084
05/17/2016,311.7949,-1.1551
05/16/2016,312.9468,2.4268
05/13/2016,310.5241,0.6541
05/12/2016,309.8653,0.8253
05/11/2016,309.0438,1.9138
05/10/2016,307.1268,1.2068
05/09/2016,305.9190,-0.4810
05/06/2016,306.3961,1.6461
05/05/2016,304.7517,-1.4483
05/04/2016,306.1969,-1.4431
05/03/2016,307.6420,0.3020
05/02/2016,307.3390,-0.2210
04/29/2016,307.5631,-1.5969
04/28/2016,309.1565,0.9065
04/27/2016,308.2518,2.7318
04/26/2016,305.5165,-1.4035
04/25/2016,306.9246,0.6246
04/22/2016,306.2983,0.1483
04/21/2016,306.1508,-0.2792
04/20/2016,306.4322,-1.4878
04/19/2016,307.9235,1.0935
04/18/2016,306.8289,-1.5211
04/15/2016,308.3540,-0.5660
04/14/2016,308.9167,-1.2833
04/13/2016,310.2041,-3.6859
04/12/2016,313.8944,-0.6256
04/11/2016,314.5182,1.4882
04/08/2016,313.0298,-3.4602
04/07/2016,316.4911,2.4911
04/06/2016,314.0039,1.8639
04/05/2016,312.1447,1.0447
04/04/2016,311.1023,-0.1577
04/01/2016,311.2551,0.9451
03/31/2016,310.3141,-1.6059
03/30/2016,311.9160,-0.4240
03/29/2016,312.3388,0.6888
03/28/2016,311.6511,-0.9089
03/25/2016,312.5594,0.3694
03/24/2016,312.1862,0.4262
03/23/2016,311.7636,1.0536
03/22/2016,310.7081,-1.9119
03/21/2016,312.6193,-1.2507
03/18/2016,313.8701,-0.7599
03/17/2016,314.6270,0.9470
03/16/2016,313.6801,-2.3799
03/15/2016,316.0575,2.4975
03/14/2016,313.5555,2.3855
03/11/2016,311.1666,-1.9534
03/10/2016,313.1233,-2.2567
03/09/2016,315.3829,1.0229
03/08/2016,314.3626,-0.6474
03/07/2016,315.0082,-0.9718
03/04/2016,315.9785,0.3885
03/03/2016,315.5881,2.1681
03/02/2016,313.4238,0.6338
03/01/2016,312.7894,-2.4106
02/29/2016,315.2027,1.7027
02/26/2016,313.4957,4.7457
02/25/2016,308.7492,-1.1208
02/24/2016,309.8704,-1.7996
02/23/2016,311.6691,0.2491
02/22/2016,311.4231,0.7131
02/19/2016,310.7129,-6.4071
02/18/2016,317.1247,-1.3753
02/17/2016,318.5037,-0.2563
02/16/2016,318.7625,0.1825
02/15/2016,318.5820,-3.9380
02/12/2016,322.5160,0.0460
02/11/2016,322.4659,0.7459
02/10/2016,321.7216,-1.3784
02/09/2016,323.0951,-0.1149
02/08/2016,323.2100,0.0300
02/05/2016,323.1782,-0.1718
02/04/2016,323.3545,-0.7755
02/03/2016,324.1329,2.4929
02/02/2016,321.6352,-1.2048
02/01/2016,322.8421,-1.9679
01/29/2016,324.8090,0.1590
01/28/2016,324.6542,0.8342
01/27/2016,323.8159,-2.4941
01/26/2016,326.3129,-1.5171
01/25/2016,327.8313,0.2913
01/22/2016,327.5438,0.7638
01/21/2016,326.7800,-1.1200
01/20/2016,327.9045,1.9545
01/19/2016,325.9530,5.5230
01/18/2016,320.4288,-1.1312
01/15/2016,321.5601,-1.6299
01/14/2016,323.1869,-0.3831
01/13/2016,323.5669,0.1469
01/12/2016,323.4224,-5.6676
01/11/2016,329.0948,3.0548
01/08/2016,326.0396,1.7296
01/07/2016,324.3080,-0.8320
01/06/2016,325.1401,-1.3699
01/05/2016,326.5118,0.1218
01/04/2016,326.3920,-3.0880
12/31/2015,329.4769,0.1969
12/30/2015,329.2766,0.5466
12/29/2015,328.7271,2.2371
12/28/2015,326.4850,2.2950
12/24/2015,324.1874,-0.0726
12/23/2015,324.2563,1.2363
12/22/2015,323.0163,-2.6537
12/21/2015,325.6725,-2.9775
12/18/2015,328.6530,2.7930
12/17/2015,325.8618,-1.2882
12/16/2015,327.1481,-1.4619
12/15/2015,328.6101,2.0401
12/14/2015,326.5696,0.2896
12/11/2015,326.2820,-3.7580
12/10/2015,330.0363,1.4163
12/09/2015,328.6166,-0.0534
12/08/2015,328.6686,0.2486
12/07/2015,328.4178,-0.5522
12/04/2015,328.9693,0.4393
12/03/2015,328.5293,-0.4007
12/02/2015,328.9261,2.7361
12/01/2015,326.1856,-1.2544
11/30/2015,327.4379,-1.2621
11/27/2015,328.6956,-0.3744
11/25/2015,329.0720,-0.6780
11/24/2015,329.7524,1.3124
11/23/2015,328.4385,2.6585
11/20/2015,325.7752,-0.3148
11/19/2015,326.0925,-0.7475
11/18/2015,326.8358,-0.8942
11/17/2015,327.7330,0.4830
11/16/2015,327.2501,-2.5899
11/13/2015,329.8363,2.0863
11/12/2015,327.7535,1.7435
11/11/2015,326.0099,0.5799
11/10/2015,325.4324,-1.4276
11/09/2015,326.8632,3.9532
11/06/2015,322.9077,-0.4423
11/05/2015,323.3490,-0.3610
11/04/2015,323.7081,-0.2419
11/03/2015,323.9462,0.3262
11/02/2015,323.6216,-0.3184
10/30/2015,323.9398,-1.1902
10/29/2015,325.1266,1.7266
10/28/2015,323.4007,1.1707
10/27/2015,322.2268,-1.2332
10/26/2015,323.4625,-3.3875
10/23/2015,326.8518,0.8118
10/22/2015,326.0354,-2.4946
10/21/2015,328.5262,-1.7838
10/20/2015,330.3122,1.3522
10/19/2015,328.9631,2.7331
10/16/2015,326.2349,-0.1251
10/15/2015,326.3594,-0.3506
10/14/2015,326.7081,1.2281
10/13/2015,325.4783,0.1683
10/12/2015,325.3098,0.0698
10/09/2015,325.2371,-0.0629
10/08/2015,325.2996,0.4196
10/07/2015,324.8772,-1.4628
10/06/2015,326.3419,0.4819
10/05/2015,325.8552,0.1452
10/02/2015,325.7127,-0.6173
10/01/2015,326.3267,0.4567
09/30/2015,325.8747,0.6847
09/29/2015,325.1936,-0.5664
09/28/2015,325.7583,-1.6717
09/25/2015,327.4268,4.3468
09/24/2015,323.0830,-0.5470
09/23/2015,323.6308,0.3008
09/22/2015,323.3259,0.1959
09/21/2015,323.1265,-0.3835
09/18/2015,323.5051,-4.1249
09/17/2015,327.6326,1.2826
09/16/2015,326.3488,0.5488
09/15/2015,325.7962,0.1562
09/14/2015,325.6390,0.2590
09/11/2015,325.3796,2.8696
09/10/2015,322.5133,0.2333
09/09/2015,322.2816,-1.6584
09/08/2015,323.9430,-2.0970
09/04/2015,326.0390,-2.3110
09/03/2015,328.3516,0.0616
09/02/2015,328.2883,0.4383
09/01/2015,327.8500,2.9600
08/31/2015,324.8936,-0.1164
08/28/2015,325.0124,1.4324
08/27/2015,323.5793,1.3193
08/26/2015,322.2582,-0.1718
08/25/2015,322.4335,1.0835
08/24/2015,321.3501,0.1401
08/21/2015,321.2138,0.9238
08/20/2015,320.2850,-0.6850
08/19/2015,320.9674,-1.7826
08/18/2015,322.7517,-1.4683
08/17/2015,324.2184,0.3784
08/14/2015,323.8438,-0.1562
08/13/2015,324.0016,0.4516
08/12/2015,323.5497,1.5697
08/11/2015,321.9835,0.4035
08/10/2015,321.5846,1.5246
08/07/2015,320.0605,-0.8395
08/06/2015,320.9041,2.1241
08/05/2015,318.7832,0.1432
08/04/2015,318.6415,0.0315
08/03/2015,318.6115,-0.1085
07/31/2015,318.7177,0.1677
07/30/2015,318.5502,-1.1198
07/29/2015,319.6654,-0.1646
07/28/2015,319.8251,-1.7849
07/27/2015,321.6066,0.0366
07/24/2015,321.5732,-1.2168
07/23/2015,322.7926,-0.6974
07/22/2015,323.4942,-1.4558
07/21/2015,324.9517,0.2517
07/20/2015,324.6973,-2.1927
07/17/2015,326.8926,1.4926
07/16/2015,325.4032,0.0432
07/15/2015,325.3629,-0.0671
07/14/2015,325.4315,-1.9385
07/13/2015,327.3666,1.8166
07/10/2015,325.5473,-1.3927
07/09/2015,326.9423,0.2923
07/08/2015,326.6504,0.8204
07/07/2015,325.8322,1.7122
07/06/2015,324.1180,-2.9320
07/02/2015,327.0452,-0.4248
07/01/2015,327.4725,0.6725
06/30/2015,326.7981,0.5981
06/29/2015,326.2012,2.8512
06/26/2015,323.3495,3.0295
06/25/2015,320.3185,0.9585
06/24/2015,319.3623,1.7423
06/23/2015,317.6166,0.1366
06/22/2015,317.4826,2.0826
06/19/2015,315.3979,-0.7621
06/18/2015,316.1577,0.8677
06/17/2015,315.2926,-2.5074
06/16/2015,317.8036,0.7836
06/15/2015,317.0171,-4.6629
06/12/2015,321.6820,-1.0080
06/11/2015,322.6912,-0.4888
06/10/2015,323.1826,-0.0974
06/09/2015,323.2813,-0.4287
06/08/2015,323.7091,-1.5509
06/05/2015,325.2599,0.9799
06/04/2015,324.2779,-0.3721
06/03/2015,324.6514,1.0314
06/02/2015,323.6161,0.0361
06/01/2015,323.5785,1.1285
05/29/2015,322.4538,-0.2662
05/28/2015,322.7238,0.7738
05/27/2015,321.9518,-1.1582
05/26/2015,323.1052,0.5752
05/22/2015,322.5281,-0.3119
05/21/2015,322.8380,-0.8120
05/20/2015,323.6477,0.0677
05/19/2015,323.5837,-0.8563
05/18/2015,324.4352,-1.5048
05/15/2015,325.9396,0.2496
05/14/2015,325.6904,-1.3596
05/13/2015,327.0456,-0.6044
05/12/2015,327.6536,0.8536
05/11/2015,326.7955,-0.3845
05/08/2015,327.1795,0.4495
05/07/2015,326.7313,0.8813
05/06/2015,325.8522,1.0822
05/05/2015,324.7662,-0.5938
05/04/2015,325.3587,4.3387
05/01/2015,321.0167,-1.7033
04/30/2015,322.7169,-0.4731
04/29/2015,323.1877,0.4177
04/28/2015,322.7664,-1.3036
04/27/2015,324.0690,-3.7110
04/24/2015,327.7827,0.1927
04/23/2015,327.5859,-1.0341
04/22/2015,328.6232,-4.0768
04/21/2015,332.6962,-0.1638
04/20/2015,332.8584,-2.4616
04/17/2015,335.3245,0.7845
04/16/2015,334.5414,1.6114
04/15/2015,332.9264,-0.5436
04/14/2015,333.4715,2.1815
04/13/2015,331.2866,1.1466
04/10/2015,330.1437,-2.3863
04/09/2015,332.5279,0.2579
04/08/2015,332.2705,1.1705
04/07/2015,331.0998,-1.0502
04/06/2015,332.1542,1.2642
04/03/2015,330.8880,-2.6720
04/02/2015,333.5580,-0.3820
04/01/2015,333.9421,1.0021
03/31/2015,332.9437,-0.9963
03/30/2015,333.9399,-2.9701
03/27/2015,336.9079,2.7679
03/26/2015,334.1357,0.2157
03/25/2015,333.9205,-2.3495
03/24/2015,336.2677,0.1577
03/23/2015,336.1050,2.4150
03/20/2015,333.6862,0.5162
03/19/2015,333.1735,1.0935
03/18/2015,332.0775,-1.2725
03/17/2015,333.3505,0.5905
03/16/2015,332.7558,-0.7842
03/13/2015,333.5431,-0.9969
03/12/2015,334.5410,-4.2590
03/11/2015,338.8003,-0.1497
03/10/2015,338.9496,-1.0804
03/09/2015,340.0269,1.7369
03/06/2015,338.2916,6.5516
03/05/2015,331.7358,0.6158
03/04/2015,331.1159,0.4959
03/03/2015,330.6203,0.4303
03/02/2015,330.1916,-2.3884
02/27/2015,332.5763,-4.7837
02/26/2015,337.3619,4.3819
02/25/2015,332.9806,1.5806
02/24/2015,331.4021,-0.2979
02/23/2015,331.6969,4.3969
02/20/2015,327.2973,0.1373
02/19/2015,327.1559,-1.3241
02/18/2015,328.4799,0.0299
02/17/2015,328.4534,-0.1266
02/16/2015,328.5846,-2.6954
02/13/2015,331.2780,-2.4020
02/12/2015,333.6781,-2.5819
02/11/2015,336.2635,-0.9265
02/10/2015,337.1861,-3.2239
02/09/2015,340.4081,-1.1419
02/06/2015,341.5461,-1.9339
02/05/2015,343.4794,0.2194
02/04/2015,343.2605,1.1505
02/03/2015,342.1139,-0.2061
02/02/2015,342.3247,-2.7953
01/30/2015,345.1175,2.3275
01/29/2015,342.7924,-0.2476
01/28/2015,343.0354,-2.0846
01/27/2015,345.1164,1.0564
01/26/2015,344.0573,1.2973
01/23/2015,342.7615,-3.5285
01/22/2015,346.2868,-0.9332
01/21/2015,347.2223,-0.5477
01/20/2015,347.7672,9.1072
01/19/2015,338.6581,-2.6819
01/16/2015,341.3365,2.2765
01/15/2015,339.0571,0.0771
01/14/2015,338.9775,3.1875
01/13/2015,335.7878,-9.8022
01/12/2015,345.5897,0.1597
01/09/2015,345.4267,-0.4833
01/08/2015,345.9103,0.6003
01/07/2015,345.3104,-6.4996
01/06/2015,351.8057,-0.0143
01/05/2015,351.8211,9.3511
01/02/2015,342.4747,1.7247
12/31/2014,340.7538,-0.6862
12/30/2014,341.4436,1.1636
12/29/2014,340.2823,-0.8777
12/26/2014,341.1608,-2.1992
12/24/2014,343.3560,1.6460
12/23/2014,341.7057,-2.7743
12/22/2014,344.4835,-2.0365
12/19/2014,346.5186,0.9086
12/18/2014,345.6060,2.1760
12/17/2014,343.4270,-0.4530
12/16/2014,343.8770,2.3670
12/15/2014,341.5080,-0.7021
12/12/2014,342.2114,-4.3086
12/11/2014,346.5165,1.8365
12/10/2014,344.6784,0.3184
12/09/2014,344.3583,-1.5517
12/08/2014,345.9110,-5.1190
12/05/2014,351.0262,1.9662
12/04/2014,349.0638,-1.6762
12/03/2014,350.7380,2.0880
12/02/2014,348.6539,-1.6461
12/01/2014,350.3033,2.7233
11/28/2014,347.5783,-0.4418
11/26/2014,348.0231,-4.7169
11/25/2014,352.7444,-0.1356
11/24/2014,352.8828,1.8028
11/21/2014,351.0780,2.0680
11/20/2014,349.0067,1.1567
11/19/2014,347.8479,4.2479
11/18/2014,343.6017,0.6017
11/17/2014,342.9968,-2.8532
11/14/2014,345.8517,1.8117
11/13/2014,344.0369,0.6769
11/12/2014,343.3616,-1.2384
11/11/2014,344.6016,1.8016
11/10/2014,342.7971,-0.4829
11/07/2014,343.2810,0.3910
11/06/2014,342.8899,-2.3601
11/05/2014,345.2549,0.4649
11/04/2014,344.7863,-1.6537
11/03/2014,346.4398,2.9198
10/31/2014,343.5227,-1.9973
10/30/2014,345.5219,1.6119
10/29/2014,343.9092,-0.4208
10/28/2014,344.3336,0.3736
10/27/2014,343.9578,-0.6922
10/24/2014,344.6475,0.6575
10/23/2014,343.9926,0.0526
10/22/2014,343.9415,0.0515
10/21/2014,343.8941,-2.0759
10/20/2014,345.9697,1.4997
10/16/2014,345.1961,-0.6539
10/15/2014,345.8489,1.2089
10/14/2014,344.6449,1.9649
10/13/2014,342.6793,2.0893
10/10/2014,340.5904,0.6904
10/09/2014,339.8956,0.1156
10/08/2014,339.7805,0.8205
10/07/2014,338.9626,-0.3074
10/06/2014,339.2682,-1.2818
10/03/2014,340.5533,0.0133
10/02/2014,340.5394,0.7894
10/01/2014,339.7461,0.2061
09/30/2014,339.5437,0.9037
09/29/2014,338.6410,-0.8090
09/26/2014,339.4464,2.8964
09/25/2014,336.5492,0.2892
09/24/2014,336.2630,0.6130
09/23/2014,335.6480,0.9880
09/22/2014,334.6605,0.2005
09/19/2014,334.4634,-1.2366
09/18/2014,335.6958,0.9958
09/17/2014,334.6994,-0.4406
09/16/2014,335.1438,-0.3862
09/15/2014,335.5325,0.0325
09/12/2014,335.5007,-0.2993
09/11/2014,335.8034,-0.6766
09/10/2014,336.4798,2.7198
09/09/2014,333.7574,0.9474
09/08/2014,332.8126,0.1926
09/05/2014,332.6194,1.3094
09/04/2014,331.3059,-0.0341
09/03/2014,331.3419,-3.6481
09/02/2014,334.9935,2.2835
08/29/2014,332.7109,-0.7291
08/28/2014,333.4363,1.2763
08/27/2014,332.1647,1.8247
08/26/2014,330.3352,1.5552
08/25/2014,328.7753,-1.4747
08/22/2014,330.2527,2.1127
08/21/2014,328.1449,-0.0051
08/20/2014,328.1529,0.4529
08/19/2014,327.6968,0.5568
08/18/2014,327.1391,0.3391
08/15/2014,326.7996,-0.3204
08/14/2014,327.1223,2.3623
08/13/2014,324.7593,-1.6107
08/12/2014,326.3720,-0.7580
08/11/2014,327.1264,1.9064
08/08/2014,325.2152,-1.5248
08/07/2014,326.7427,-1.9973
08/06/2014,328.7420,0.9120
08/05/2014,327.8346,-2.4954
08/04/2014,330.3251,-0.3649
08/01/2014,330.6867,2.0867
07/31/2014,328.6014,1.6914
07/30/2014,326.9088,-1.9012
07/29/2014,328.8050,2.9450
07/28/2014,325.8649,-0.6251
07/25/2014,326.4940,-1.6260
07/24/2014,328.1210,1.3510
07/23/2014,326.7741,1.8641
07/22/2014,324.9081,-1.1619
07/21/2014,326.0664,1.6064
07/18/2014,324.4588,-2.0612
07/17/2014,326.5155,-2.1245
07/16/2014,328.6407,0.8207
07/15/2014,327.8204,-0.8796
07/14/2014,328.6989,-0.1611
07/11/2014,328.8629,2.2429
07/10/2014,326.6155,0.8655
07/09/2014,325.7480,-2.4220
07/08/2014,328.1731,-0.0869
07/07/2014,328.2560,0.9660
07/03/2014,327.2906,1.0206
07/02/2014,326.2650,0.2750
07/01/2014,325.9853,1.2353
06/30/2014,324.7508,0.0208
06/27/2014,324.7256,0.0256
06/26/2014,324.6999,0.0699
06/25/2014,324.6297,-0.7003
06/24/2014,325.3314,-0.3586
06/23/2014,325.6866,0.2366
06/20/2014,325.4488,0.6888
06/19/2014,324.7636,-0.6664
06/18/2014,325.4305,0.9005
06/17/2014,324.5303,-1.0297
06/16/2014,325.5636,1.4036
06/13/2014,324.1580,-2.8620
06/12/2014,327.0194,0.7894
06/11/2014,326.2336,-0.9364
06/10/2014,327.1663,-1.1237
06/09/2014,328.2913,-2.7287
06/06/2014,331.0200,0.5300
06/05/2014,330.4863,-0.6337
06/04/2014,331.1218,1.4318
06/03/2014,329.6909,2.4009
06/02/2014,327.2885,0.3785
05/30/2014,326.9111,0.2111
05/29/2014,326.6968,-0.9732
05/28/2014,327.6685,-0.5715
05/27/2014,328.2391,-2.2509
05/23/2014,330.4918,-2.4782
05/22/2014,332.9728,-0.1172
05/21/2014,333.0892,-0.5308
05/20/2014,333.6215,-1.4485
05/19/2014,335.0694,-0.5806
05/16/2014,335.6516,-1.0984
05/15/2014,336.7497,-0.6203
05/14/2014,337.3673,-0.2427
05/13/2014,337.6052,-0.1348
05/12/2014,337.7417,0.0217
05/09/2014,337.7222,0.8922
05/08/2014,336.8254,-1.0246
05/07/2014,337.8528,1.1028
05/06/2014,336.7484,-1.1416
05/05/2014,337.8908,2.3708
05/02/2014,335.5247,-2.0353
05/01/2014,337.5568,0.5268
04/30/2014,337.0310,-1.3990
04/29/2014,338.4341,0.0441
04/28/2014,338.3905,-2.3195
04/25/2014,340.7110,0.6810
04/24/2014,340.0266,0.4866
04/23/2014,339.5405,0.1305
04/22/2014,339.4099,1.8099
04/21/2014,337.5996,1.7096
04/18/2014,335.8868,0.5768
04/17/2014,335.3056,-1.1444
04/16/2014,336.4497,0.1097
04/15/2014,336.3427,-1.5973
04/14/2014,337.9376,-2.3224
04/11/2014,340.2582,0.5882
04/10/2014,339.6702,1.5502
04/09/2014,338.1189,-1.5211
04/08/2014,339.6375,-0.1625
04/07/2014,339.8002,2.3202
04/04/2014,337.4817,-1.4583
04/03/2014,338.9358,-0.9242
04/02/2014,339.8631,3.2531
04/01/2014,336.6089,-0.9711
03/31/2014,337.5815,-2.9485
03/28/2014,340.5305,3.5905
03/27/2014,336.9372,0.1672
03/26/2014,336.7719,-1.4381
03/25/2014,338.2114,0.1014
03/24/2014,338.1103,0.7003
03/21/2014,337.4068,-3.2332
03/20/2014,340.6381,-1.8019
03/19/2014,342.4372,0.6072
03/18/2014,341.8319,1.4519
03/17/2014,340.3786,-0.6914
03/14/2014,341.0730,4.1430
03/13/2014,336.9333,1.1633
03/12/2014,335.7712,0.3012
03/11/2014,335.4725,-2.7575
03/10/2014,338.2297,2.0997
03/07/2014,336.1290,-1.0410
03/06/2014,337.1697,0.8997
03/05/2014,336.2692,-1.0008
03/04/2014,337.2743,2.5943
03/03/2014,334.6780,2.3980
02/28/2014,332.2760,-1.9840
02/27/2014,334.2558,-0.5542
02/26/2014,334.8110,0.1910
02/25/2014,334.6191,0.6691
02/24/2014,333.9537,-1.5164
02/21/2014,335.4734,-3.7566
02/20/2014,339.2292,0.0292
02/19/2014,339.1985,0.5185
02/18/2014,338.6838,-2.7462
02/17/2014,341.4262,5.4962
02/14/2014,335.9311,0.0211
02/13/2014,335.9070,0.3270
02/12/2014,335.5808,-2.6692
02/11/2014,338.2477,2.2177
02/10/2014,336.0254,0.3454
02/07/2014,335.6768,4.6668
02/06/2014,331.0097,0.3697
02/05/2014,330.6438,1.5138
02/04/2014,329.1300,-0.3800
02/03/2014,329.5085,2.5785
01/31/2014,326.9279,-0.5821
01/30/2014,327.5073,1.0273
01/29/2014,326.4805,0.9105
01/28/2014,325.5665,1.1565
01/27/2014,324.4082,-5.3818
01/24/2014,329.7944,-2.5256
01/23/2014,332.3179,-1.9021
01/22/2014,334.2171,-0.6329
01/21/2014,334.8501,-0.2699
01/20/2014,335.1161,5.4561
01/17/2014,329.6586,-1.6714
01/16/2014,331.3339,0.4339
01/15/2014,330.8988,-2.3112
01/14/2014,333.2135,0.1735
01/13/2014,333.0442,-1.7458
01/10/2014,334.7880,0.2680
01/09/2014,334.5171,-0.4629
01/08/2014,334.9814,1.6714
01/07/2014,333.3116,0.4716
01/06/2014,332.8413,2.5613
01/03/2014,332.5309,-4.5391
01/02/2014,337.0669,-1.3831
12/31/2013,338.4476,3.1676
12/30/2013,335.2822,4.1822
12/27/2013,331.0983,3.5283
12/26/2013,327.5662,-3.2438
12/24/2013,330.8062,-1.7738
12/23/2013,332.5801,0.2401
12/20/2013,332.3380,1.0780
12/19/2013,331.2641,4.4841
12/18/2013,326.7816,4.2616
12/17/2013,322.5194,-0.9106
12/16/2013,323.4269,-0.7031
12/13/2013,324.1275,0.5275
12/12/2013,323.6021,0.5321
12/11/2013,323.0701,-4.9199
12/10/2013,327.9924,0.1324
12/09/2013,327.8626,0.2526
12/06/2013,327.6063,2.0463
12/05/2013,325.5558,-0.2742
12/04/2013,325.8272,4.4572
12/03/2013,321.3686,1.4186
12/02/2013,319.9493,3.1693
11/29/2013,316.7849,1.4649
11/27/2013,315.3181,4.8181
11/26/2013,310.5011,1.5611
11/22/2013,301.1434,0.7234
11/21/2013,300.4236,-5.9964
11/20/2013,306.4203,0.1003
11/19/2013,306.3232,0.6032
11/18/2013,305.7188,-3.4012
11/15/2013,309.1185,0.6685
11/14/2013,308.4475,5.6175
11/13/2013,302.8252,4.2952
11/12/2013,298.5339,4.2239
11/08/2013,294.3127,4.0127
11/07/2013,290.3027,-0.3573
11/06/2013,290.6574,-1.2126
11/05/2013,291.8723,1.3823
11/04/2013,290.4906,3.5006
10/31/2013,281.6136,1.7736
10/30/2013,279.8387,1.5987
10/29/2013,278.2397,1.1997
10/28/2013,277.0363,2.5263
10/25/2013,274.5108,2.9708
10/24/2013,271.5408,0.1908
10/23/2013,271.3464,3.7564
10/22/2013,267.5896,1.0396
10/21/2013,266.5481,-2.4319
10/18/2013,268.9782,2.1082
10/17/2013,266.8712,14.3912
09/30/2013,252.4849,-0.3351
09/27/2013,252.8178,3.2978
09/26/2013,249.5227,0.9527
09/25/2013,248.5666,1.4266
09/24/2013,247.1425,-1.9875
09/23/2013,249.1272,-0.1928
09/20/2013,249.3242,4.8542
09/19/2013,244.4689,0.5889
09/18/2013,243.8793,1.0393
09/17/2013,242.8367,0.4967
09/16/2013,242.3448,-0.1252
09/13/2013,242.4738,-4.7562
09/12/2013,247.2332,-4.2368
09/11/2013,251.4716,0.1916
09/10/2013,251.2810,-0.0290
09/09/2013,251.3083,0.2483
09/06/2013,251.0644,6.6044
09/05/2013,244.4633,-1.2067
09/04/2013,245.6726,-2.7774
09/03/2013,248.4477,0.6877
08/30/2013,247.7632,1.4832
08/29/2013,246.2766,0.5066
08/28/2013,245.7688,-0.7712
08/27/2013,246.5430,-0.9270
08/26/2013,247.4690,-0.8010
08/23/2013,248.2745,1.4445
08/22/2013,246.8304,-3.5796
08/21/2013,250.4117,1.5117
08/20/2013,248.7956,-4.1244
08/19/2013,252.9177,2.2677
08/16/2013,250.6538,3.6538
08/15/2013,247.0005,0.1205
08/14/2013,246.8768,1.3468
08/13/2013,245.5261,1.6861
08/12/2013,243.8420,2.2320
08/09/2013,241.6097,3.4797
08/08/2013,238.1289,-1.0912
08/07/2013,239.2236,-0.4465
08/06/2013,239.6671,-0.1129
08/05/2013,239.7834,-3.3566
08/02/2013,243.1410,-1.3490
08/01/2013,244.4932,-2.6768
07/31/2013,247.1701,-0.5399
07/30/2013,247.7097,-1.3403
07/29/2013,249.0540,-2.3660
07/26/2013,251.4216,7.0716
07/25/2013,244.3457,0.4157
07/24/2013,243.9325,0.2725
07/23/2013,243.6601,-2.0699
07/22/2013,245.7327,-1.3873
07/19/2013,247.1243,2.1643
07/18/2013,244.9596,-2.3604
07/17/2013,247.3175,0.6475
07/16/2013,246.6717,1.6817
07/15/2013,244.9867,0.8267
07/12/2013,244.1640,-2.4260
07/10/2013,245.0678,0.0978
07/09/2013,244.9689,-3.5411
07/08/2013,248.5056,-1.3644
07/05/2013,249.8689,-2.4311
07/03/2013,252.3018,0.4918
07/02/2013,251.8064,-1.1136
07/01/2013,252.9231,-2.1569
06/28/2013,255.0773,5.1373
06/27/2013,249.9424,-5.9776
06/26/2013,255.9212,1.4412
06/25/2013,254.4762,-0.1838
06/24/2013,254.6551,0.9851
06/21/2013,253.6687,2.3487
06/20/2013,251.3169,0.3069
06/19/2013,251.0051,0.6951
06/18/2013,250.3135,-0.0765
06/17/2013,250.3871,-0.1629
06/14/2013,250.5521,2.5621
06/13/2013,247.9852,-0.5448
06/12/2013,248.5318,1.4218
06/11/2013,247.1124,-0.1576
06/10/2013,247.2741,1.5541
06/07/2013,245.7219,-1.7481
06/06/2013,247.4718,0.7918
06/05/2013,246.6810,-1.0090
06/04/2013,247.6914,0.5314
05/30/2013,252.4258,-0.2242
05/29/2013,252.6501,-2.0799
05/28/2013,254.7337,0.6337
05/24/2013,254.0981,2.0381
05/23/2013,252.0588,-0.8812
05/22/2013,252.9352,-0.7148
05/21/2013,253.6485,0.3785
05/20/2013,253.2684,2.1184
05/17/2013,251.1514,1.8914
05/16/2013,249.2571,-0.7129
05/15/2013,249.9696,1.0496
05/14/2013,248.9191,-0.1109
05/13/2013,249.0276,-1.6024
05/10/2013,250.6346,-0.7154
05/09/2013,251.3450,-2.1350
05/08/2013,253.4822,0.8822
05/07/2013,252.6026,-2.7974
05/06/2013,255.3992,1.7092
05/03/2013,253.6929,-0.3971
05/02/2013,254.0906,0.5506
05/01/2013,253.5363,0.5963
04/30/2013,252.9395,-1.0905
04/29/2013,254.0322,-2.4678
04/26/2013,256.5034,0.0534
04/25/2013,256.4505,-0.5495
04/24/2013,257.0006,0.1306
04/23/2013,256.8718,-1.8382
04/22/2013,258.7069,1.9169
04/19/2013,256.7927,-1.1273
04/18/2013,257.9236,0.4136
04/17/2013,257.5050,-0.3150
04/16/2013,257.8181,0.6481
04/15/2013,257.1653,0.5453
04/12/2013,256.6226,1.3926
04/11/2013,255.2329,-1.5771
04/10/2013,256.8136,0.6636
04/09/2013,256.1473,0.0173
04/08/2013,256.1311,-3.0189
04/05/2013,259.1476,2.5376
04/04/2013,256.6063,-1.6237
04/03/2013,258.2338,0.6238
04/02/2013,257.6064,-0.4036
04/01/2013,258.0111,-2.7289
03/29/2013,260.7415,-0.3285
03/28/2013,261.0656,1.6956
03/27/2013,259.3691,-1.0509
03/26/2013,260.4163,-1.1337
03/25/2013,261.5497,-0.3703
03/22/2013,261.9214,1.6614
03/21/2013,260.2643,-0.5257
03/20/2013,260.7868,3.9568
03/19/2013,256.8264,0.0564
03/18/2013,256.7708,1.9708
03/15/2013,254.7980,2.6280
03/14/2013,252.1738,-0.5362
03/13/2013,252.7142,-2.5458
03/12/2013,255.2592,-2.4708
03/11/2013,257.7272,0.5772
03/08/2013,257.1496,-2.6904
03/07/2013,259.8394,-1.9906
03/06/2013,261.8320,1.7720
03/05/2013,260.0576,-0.1324
03/04/2013,260.1939,1.6239
03/01/2013,258.5722,2.0422
02/28/2013,256.5317,-0.1083
02/27/2013,256.6374,0.6774
02/26/2013,255.9648,1.9248
02/25/2013,254.0350,-0.9350
02/22/2013,254.9742,-0.5758
02/21/2013,255.5511,0.7211
02/20/2013,254.8273,4.5773
02/19/2013,250.2454,-4.0746
02/15/2013,254.3228,-0.8972
02/14/2013,255.2230,-2.3570
02/13/2013,257.5759,-5.8841
02/12/2013,263.4570,-1.0430
02/11/2013,264.5042,6.8542
02/08/2013,257.6535,2.9335
02/07/2013,254.7155,-0.2645
02/06/2013,254.9849,-0.4951
02/05/2013,255.4807,-0.9693
02/04/2013,256.4469,-3.5531
02/01/2013,260.0017,-0.4683
01/31/2013,260.4727,2.5827
01/30/2013,257.8899,-1.8601
01/29/2013,259.7491,2.0291
01/28/2013,257.7196,-1.7904
01/25/2013,259.5136,-2.5464
01/24/2013,262.0613,-3.5487
01/23/2013,265.6131,2.1531
01/22/2013,263.4579,0.1579
01/18/2013,263.3048,3.2048
01/17/2013,260.1034,-2.1266
01/16/2013,262.2294,0.3294
01/15/2013,261.9014,-1.4586
01/14/2013,263.3630,-4.2970
01/11/2013,267.6603,-0.9897
01/10/2013,268.6520,-3.0780
01/09/2013,271.7309,0.7709
01/08/2013,270.9582,2.7682
01/04/2013,267.4132,4.3632
01/03/2013,263.0517,-0.9983
01/02/2013,264.0456,-0.0144
12/31/2012,264.0575,-3.1425
12/28/2012,267.1956,-3.5744
12/27/2012,270.7723,-1.4577
12/26/2012,272.2314,2.9114
12/21/2012,269.3237,2.1937
12/20/2012,267.1255,-0.0045
12/18/2012,267.3219,-0.1881
12/17/2012,267.5085,-1.1115
12/14/2012,268.6236,0.7936
12/13/2012,267.8252,-1.9948
12/12/2012,269.8233,3.7333
12/11/2012,266.0903,-1.4497
12/10/2012,267.5360,0.8960
12/07/2012,266.6446,-0.0454
12/06/2012,266.6873,-2.1028
12/05/2012,268.7865,-0.9935
12/04/2012,269.7752,0.7352
12/03/2012,269.0350,-0.7650
11/30/2012,269.8005,0.2205
11/29/2012,269.5831,-0.2869
11/28/2012,269.8662,-1.9638
11/27/2012,271.8305,-0.9095
11/26/2012,272.7430,-0.0370
11/23/2012,272.7808,2.7608
11/21/2012,270.0228,-0.3572
11/20/2012,270.3797,0.3897
11/19/2012,269.9945,0.6245
11/16/2012,269.3716,-0.7784
11/15/2012,270.1514,-2.2186
11/14/2012,272.3685,0.3285
11/13/2012,272.0413,-1.5587
11/12/2012,273.6049,1.8049
11/09/2012,271.7961,-0.2839
11/08/2012,272.0759,-0.2341
11/07/2012,272.3121,0.9521
11/06/2012,271.3621,-0.1979
11/05/2012,271.5556,0.8756
11/02/2012,270.6813,0.0613
11/01/2012,270.6189,-1.4811
10/31/2012,272.1043,-0.7057
10/30/2012,270.7363,-0.1837
10/29/2012,270.9243,2.0943
10/26/2012,268.8273,0.7973
10/25/2012,268.0348,-2.2952
10/24/2012,270.3305,-2.2495
10/23/2012,272.5753,-2.4047
10/22/2012,274.9785,-1.8115
10/19/2012,276.7893,0.5693
10/18/2012,276.2207,-0.3793
10/17/2012,276.6047,0.7047
10/16/2012,275.9015,-0.6485
10/15/2012,276.5475,-1.5125
10/11/2012,279.2101,-1.5599
10/10/2012,280.7730,-0.2770
10/09/2012,281.0512,0.5512
10/08/2012,280.5002,-0.5398
10/05/2012,281.0388,1.3688
10/04/2012,279.6685,-2.8115
10/03/2012,282.4783,2.9683
10/02/2012,279.5058,-1.9842
10/01/2012,281.4876,1.8376
09/28/2012,279.6508,0.2808
09/27/2012,279.3655,2.0955
09/26/2012,277.2722,-5.6578
09/25/2012,282.9318,-1.1182
09/24/2012,284.0538,3.2238
09/21/2012,280.8335,-0.7965
09/20/2012,281.6315,-1.6685
09/19/2012,283.3042,1.6842
09/18/2012,281.6192,-1.8308
09/17/2012,283.4533,-2.1268
09/14/2012,285.5751,1.2851
09/13/2012,284.2872,-0.5728
09/12/2012,284.8646,-1.7754
09/11/2012,286.6388,1.7888
09/10/2012,284.8452,2.5552
09/07/2012,282.2927,0.2327
09/06/2012,282.0577,-2.3323
09/05/2012,284.3884,3.1684
09/04/2012,281.2225,-2.3675
08/31/2012,283.5868,-1.4332
08/30/2012,285.0219,-0.4781
08/29/2012,285.5025,-3.8675
08/28/2012,289.3653,-0.1447
08/27/2012,289.5057,0.1757
08/24/2012,289.3250,0.9250
08/23/2012,288.4040,-0.3760
08/22/2012,288.7752,2.3852
08/21/2012,286.3899,0.1999
08/20/2012,286.1905,-2.7195
08/17/2012,288.9109,0.1809
08/16/2012,288.7349,-1.5251
08/15/2012,290.2616,-1.0184
08/14/2012,291.2843,0.2543
08/13/2012,291.0288,-0.7812
08/10/2012,291.8083,1.3283
08/09/2012,290.4758,-2.4442
08/08/2012,292.9230,1.0330
08/07/2012,291.8928,0.0128
08/06/2012,291.8773,2.1173
08/03/2012,289.7575,-0.8725
08/02/2012,290.6314,
08/01/2012,293.4587,0.2287
07/31/2012,293.2281,-0.4519
07/30/2012,293.6847,-4.1153
07/27/2012,297.7962,-0.4938
07/26/2012,298.2866,3.4966
07/25/2012,294.7898,-0.0002
07/24/2012,294.7868,-1.3332
07/23/2012,296.1186,0.2886
07/20/2012,295.8349,-0.0151
07/19/2012,295.8467,-4.6933
07/17/2012,302.3339,0.0639
07/16/2012,302.2689,-1.2511
07/13/2012,303.5216,-0.3284
07/12/2012,303.8481,-0.2919
07/11/2012,304.1360,-0.1540
07/10/2012,304.2898,-3.1302
07/09/2012,296.8320,-11.8280
07/06/2012,308.6597,4.8197
07/05/2012,303.8449,-2.0651
07/03/2012,305.9124,0.2524
07/02/2012,305.6638,0.3638
06/29/2012,305.3021,-1.5479
06/28/2012,306.8473,-0.9727
06/27/2012,307.8153,-1.3347
06/26/2012,309.1528,1.1628
06/25/2012,307.9905,-3.2195
06/22/2012,311.2058,-0.1742
06/21/2012,311.3842,2.5442
06/20/2012,308.8445,-0.3655
06/19/2012,309.2127,-1.4473
06/18/2012,310.6630,1.6730
06/15/2012,308.9903,-0.9197
06/14/2012,309.9110,-2.5490
06/13/2012,312.4553,-2.0547
06/12/2012,314.5122,-0.9278
06/11/2012,315.4421,-6.0279
06/08/2012,321.4682,-0.6018
06/07/2012,322.0745,3.0145
06/06/2012,319.0587,0.5187
06/05/2012,318.5378,2.1778
06/04/2012,316.3602,1.3602
06/01/2012,315.0048,1.8848
05/31/2012,313.1203,-6.0697
05/30/2012,319.1877,0.7377
05/29/2012,318.4498,-5.4002
05/25/2012,323.8460,-0.3440
05/24/2012,324.1878,-0.7722
05/23/2012,324.9568,-0.3332
05/22/2012,325.2946,-0.4954
05/21/2012,325.7921,0.2221
05/14/2012,323.5445,-1.0455
02/15/2012,351.4738,0.8938
