Report Date,GROSS CARCASS PRICE,GROSS CARCASS CHANGE,GROSS CARCASS %,GROSS CARCASS WEIGHT
06/29/2020,406.6594,2.4994,100.0000,67.0000
06/26/2020,404.1627,-1.0473,100.0000,67.0000
06/25/2020,405.2096,0.9096,100.0000,67.0000
06/24/2020,404.2975,-3.5825,100.0000,69.0000
06/23/2020,407.8804,-0.0696,100.0000,69.0000
06/22/2020,407.9491,-5.3009,100.0000,69.0000
06/19/2020,413.2507,0.6807,100.0000,69.0000
06/18/2020,412.5748,-2.3152,100.0000,69.0000
06/17/2020,414.8917,0.8617,100.0000,70.0000
06/16/2020,414.0328,-0.8672,100.0000,70.0000
06/15/2020,414.9043,0.2543,100.0000,70.0000
06/12/2020,414.6539,-2.0361,100.0000,70.0000
06/11/2020,416.6872,1.1072,100.0000,70.0000
06/10/2020,415.5782,0.4182,100.0000,67.0000
06/09/2020,415.1647,-3.1853,100.0000,67.0000
06/08/2020,418.3508,1.2608,100.0000,67.0000
06/05/2020,417.0927,-5.8273,100.0000,67.0000
06/04/2020,422.9220,0.9120,100.0000,67.0000
06/03/2020,422.0081,3.2081,100.0000,68.0000
06/02/2020,418.8044,1.8844,100.0000,68.0000
06/01/2020,416.9195,-0.6305,100.0000,68.0000
05/29/2020,412.3503,-5.1997,100.0000,67.0000
05/28/2020,417.5501,4.4301,100.0000,68.0000
05/27/2020,413.1233,-1.3667,100.0000,67.0000
05/26/2020,414.4891,7.8391,100.0000,67.0000
05/22/2020,410.0622,3.4122,100.0000,67.0000
05/21/2020,406.6478,-1.9322,100.0000,67.0000
05/20/2020,408.5822,1.6322,100.0000,68.0000
05/19/2020,406.9479,-1.9621,100.0000,68.0000
05/18/2020,408.9075,-0.3525,100.0000,68.0000
05/15/2020,409.2645,0.7245,100.0000,68.0000
05/14/2020,408.5385,2.0085,100.0000,68.0000
05/13/2020,406.5342,-1.7358,100.0000,62.0000
05/12/2020,408.2743,0.0143,100.0000,62.0000
05/11/2020,408.2628,-2.6072,100.0000,62.0000
05/08/2020,410.8666,-0.2334,100.0000,62.0000
05/07/2020,411.0977,-0.4923,100.0000,62.0000
05/06/2020,411.5870,-1.2630,100.0000,60.0000
05/05/2020,412.8470,-0.1330,100.0000,60.0000
05/04/2020,412.9840,2.2240,100.0000,60.0000
05/01/2020,410.7551,-1.1749,100.0000,60.0000
04/30/2020,411.9303,-2.8697,100.0000,60.0000
04/29/2020,414.7987,1.9387,100.0000,65.0000
04/28/2020,412.8553,4.2553,100.0000,65.0000
04/27/2020,408.6014,-11.1486,100.0000,65.0000
04/24/2020,419.7544,-0.9356,100.0000,65.0000
04/23/2020,420.6856,-3.5944,100.0000,65.0000
04/22/2020,424.2795,-4.2305,100.0000,68.0000
04/21/2020,428.5097,-1.4703,100.0000,68.0000
04/20/2020,429.9847,-0.8053,100.0000,68.0000
04/17/2020,430.7949,-5.9651,100.0000,68.0000
04/16/2020,436.7644,0.0744,100.0000,68.0000
04/15/2020,436.6864,-0.9536,100.0000,70.0000
04/14/2020,437.6356,-0.8044,100.0000,70.0000
04/13/2020,438.4394,0.8194,100.0000,70.0000
04/10/2020,437.6157,2.8657,100.0000,70.0000
04/09/2020,434.7527,-0.7273,100.0000,70.0000
04/08/2020,435.4766,1.3266,100.0000,66.0000
04/07/2020,434.1519,1.3519,100.0000,66.0000
04/06/2020,432.8033,-2.0967,100.0000,66.0000
04/03/2020,434.8987,-0.8613,100.0000,66.0000
04/02/2020,435.7609,1.6709,100.0000,66.0000
04/01/2020,434.0879,0.3679,100.0000,68.0000
03/31/2020,433.7183,0.0183,100.0000,68.0000
03/30/2020,433.6978,1.0678,100.0000,68.0000
03/27/2020,432.6250,0.0850,100.0000,68.0000
03/26/2020,432.5441,3.3841,100.0000,68.0000
03/25/2020,429.1628,0.5728,100.0000,69.0000
03/24/2020,428.5883,-0.2317,100.0000,69.0000
03/23/2020,428.8229,3.0129,100.0000,69.0000
03/20/2020,425.8132,2.7932,100.0000,69.0000
03/19/2020,423.0228,-1.0172,100.0000,69.0000
03/18/2020,424.0411,-0.7989,100.0000,69.0000
03/17/2020,424.8376,0.5876,100.0000,69.0000
03/16/2020,424.2501,-2.3299,100.0000,69.0000
03/13/2020,426.5826,-2.4574,100.0000,69.0000
03/12/2020,429.0423,-1.6277,100.0000,69.0000
03/11/2020,430.6719,-0.6381,100.0000,68.0000
03/10/2020,431.3066,-1.3034,100.0000,68.0000
03/09/2020,432.6071,-2.2629,100.0000,68.0000
03/06/2020,434.8740,0.2240,100.0000,68.0000
03/05/2020,434.6539,5.4739,100.0000,68.0000
03/04/2020,429.1783,2.2583,100.0000,68.0000
03/03/2020,426.9202,2.5102,100.0000,68.0000
03/02/2020,424.4111,2.8211,100.0000,68.0000
02/28/2020,421.5874,1.0774,100.0000,68.0000
02/27/2020,420.5072,-0.6028,100.0000,68.0000
02/26/2020,421.1052,0.4152,100.0000,68.0000
02/25/2020,420.6940,-1.6260,100.0000,68.0000
02/24/2020,422.3226,1.8326,100.0000,68.0000
02/21/2020,420.4930,-0.9270,100.0000,68.0000
02/20/2020,421.4168,-2.3533,100.0000,68.0000
02/19/2020,423.7745,1.6445,100.0000,68.0000
02/18/2020,422.1287,-1.6113,100.0000,68.0000
02/17/2020,423.7412,-3.9188,100.0000,68.0000
02/14/2020,427.6602,-1.3798,100.0000,68.0000
02/13/2020,429.0412,3.0412,100.0000,68.0000
02/12/2020,425.9996,-2.1604,100.0000,68.0000
02/11/2020,428.1636,2.4236,100.0000,68.0000
02/10/2020,425.7442,3.1542,100.0000,68.0000
02/07/2020,422.5932,1.3032,100.0000,68.0000
02/06/2020,421.2906,-1.4394,100.0000,68.0000
02/05/2020,422.7314,0.5114,100.0000,67.0000
02/04/2020,422.2245,-0.9255,100.0000,67.0000
02/03/2020,423.1471,1.6171,100.0000,67.0000
01/31/2020,421.5286,0.2786,100.0000,67.0000
01/30/2020,421.2543,1.2043,100.0000,67.0000
01/29/2020,420.0480,-1.0020,100.0000,67.0000
01/28/2020,421.0515,-0.5285,100.0000,67.0000
01/27/2020,421.5755,0.5455,100.0000,67.0000
01/24/2020,421.0344,-0.7756,100.0000,67.0000
01/23/2020,421.8101,-2.3699,100.0000,67.0000
01/22/2020,424.1817,1.2917,100.0000,65.0000
01/21/2020,422.8928,1.7828,100.0000,65.0000
01/20/2020,421.1148,-1.5352,100.0000,65.0000
01/17/2020,422.6496,1.5996,100.0000,65.0000
01/16/2020,421.0498,4.3598,100.0000,65.0000
01/15/2020,416.6856,-1.3844,100.0000,61.0000
01/14/2020,418.0701,0.1001,100.0000,61.0000
01/13/2020,417.9661,-0.8139,100.0000,61.0000
01/10/2020,418.7788,-2.0912,100.0000,61.0000
01/09/2020,420.8663,-1.3137,100.0000,61.0000
01/08/2020,422.1830,0.8330,100.0000,63.0000
01/07/2020,421.3467,0.5367,100.0000,63.0000
01/06/2020,420.8120,0.6120,100.0000,63.0000
01/03/2020,404.9237,2.1537,94.4700,59.5161
01/02/2020,402.7740,-0.1960,94.4700,60.4608
12/31/2019,402.9721,-1.5279,94.4700,60.4608
12/30/2019,404.5034,3.2834,94.4700,60.4608
12/27/2019,401.2208,-3.3092,94.4700,60.4608
12/26/2019,404.5325,7.1825,94.4700,62.3502
12/23/2019,397.3538,1.0638,94.4700,62.3502
12/20/2019,396.2942,2.0542,94.4700,59.5161
12/19/2019,394.2425,-0.1375,94.4700,59.5161
12/18/2019,394.3806,-1.9594,94.4700,59.5161
12/17/2019,396.3381,-2.6119,94.4700,59.5161
12/16/2019,398.9459,2.2559,94.4700,59.5161
12/13/2019,396.6945,-1.1155,94.4700,59.5161
12/12/2019,397.8061,0.7161,94.4700,59.5161
12/11/2019,397.0880,-0.0920,94.4700,61.4055
12/10/2019,397.1819,-1.2081,94.4700,61.4055
12/09/2019,398.3857,1.4657,94.4700,61.4055
12/06/2019,396.9161,2.7861,94.4700,61.4055
12/05/2019,394.1340,-0.4560,94.4700,61.4055
12/04/2019,394.5888,0.4988,94.4700,60.4608
12/03/2019,394.0879,0.1879,94.4700,60.4608
12/02/2019,393.8990,-6.7710,94.4700,60.4608
11/29/2019,400.6701,-3.2299,94.4700,60.4608
11/27/2019,403.9023,-0.1077,94.4700,60.4608
11/26/2019,404.0141,2.0741,94.4700,60.4608
11/25/2019,401.9359,-0.4041,94.4700,60.4608
11/22/2019,402.3422,0.2222,94.4700,60.4608
11/21/2019,402.1171,0.1071,94.4700,60.4608
11/20/2019,402.0079,0.7179,94.4700,59.5161
11/19/2019,401.2882,-1.0518,94.4700,59.5161
11/18/2019,402.3365,3.2065,94.4700,59.5161
11/15/2019,399.1261,-0.5439,94.4700,59.5161
11/14/2019,399.6654,-0.7746,94.4700,59.5161
11/13/2019,400.4420,-1.4980,94.4700,60.4608
11/12/2019,401.9396,-0.5104,94.4700,60.4608
11/11/2019,402.4541,-0.4459,94.4700,60.4608
11/08/2019,402.8995,-0.0405,94.4700,60.4608
11/07/2019,402.9379,0.8979,94.4700,60.4608
11/06/2019,402.0429,3.6529,94.4700,60.4608
11/05/2019,398.3902,-0.1598,94.4700,60.4608
11/04/2019,398.5501,0.2701,94.4700,60.4608
11/01/2019,398.2798,0.2498,94.4700,60.4608
10/31/2019,398.0311,3.3911,94.4700,60.4608
10/30/2019,394.6419,-1.5481,94.4700,60.4608
10/29/2019,396.1865,-1.8435,94.4700,60.4608
10/28/2019,398.0303,-2.6097,94.4700,60.4608
10/25/2019,400.6436,0.2436,94.4700,60.4608
10/24/2019,400.4047,-3.6953,94.4700,60.4608
10/23/2019,404.0978,-0.7622,94.4700,59.5161
10/22/2019,404.8579,1.4879,94.4700,59.5161
10/21/2019,403.3680,3.9080,94.4700,59.5161
10/18/2019,399.4632,0.6132,94.4700,59.5161
10/17/2019,398.8514,3.0214,94.4700,59.5161
10/16/2019,395.8302,-1.6798,94.4700,59.5161
10/15/2019,397.5136,1.1836,94.4700,59.5161
10/14/2019,396.3314,-1.0086,94.4700,59.5161
10/11/2019,397.3417,-0.9383,94.4700,59.5161
10/10/2019,398.2832,0.1032,94.4700,59.5161
10/09/2019,398.1837,2.4337,94.4700,58.5714
10/08/2019,395.7530,-0.8870,94.4700,58.5714
10/07/2019,396.6401,1.5001,94.4700,58.5714
10/04/2019,395.1353,0.3553,94.4700,58.5714
10/03/2019,394.7823,0.5723,94.4700,58.5714
10/02/2019,394.2060,-1.1740,94.4700,59.5161
10/01/2019,395.3753,-1.4747,94.4700,59.5161
09/30/2019,396.8481,-0.8419,94.4700,59.5161
09/27/2019,397.6886,1.2186,94.4700,59.5161
09/26/2019,396.4678,1.3178,94.4700,59.5161
09/25/2019,395.1507,0.8907,94.4700,60.4608
09/24/2019,394.2585,1.5585,94.4700,60.4608
09/23/2019,392.7039,-0.3261,94.4700,60.4608
09/20/2019,393.0292,-1.4308,94.4700,60.4608
09/19/2019,394.4583,-4.2317,94.4700,60.4608
09/18/2019,398.6857,0.4557,94.4700,61.4055
09/17/2019,398.2301,-1.2099,94.4700,61.4055
09/16/2019,399.4355,-0.9945,94.4700,61.4055
09/13/2019,400.4269,2.1769,94.4700,61.4055
09/12/2019,398.2508,-1.2692,94.4700,61.4055
09/11/2019,399.5171,1.2471,94.4700,61.4055
09/10/2019,398.2734,2.2834,94.4700,61.4055
09/09/2019,395.9928,0.6728,94.4700,61.4055
09/06/2019,395.3193,-1.1107,94.4700,61.4055
09/05/2019,396.4269,-2.2031,94.4700,61.4055
09/04/2019,398.6251,0.8751,94.4700,61.4055
09/03/2019,397.7498,0.6898,94.4700,61.4055
08/30/2019,397.0615,1.8115,94.4700,61.4055
08/29/2019,395.2531,1.1331,94.4700,61.4055
08/28/2019,394.1162,0.9862,94.4700,60.4608
08/27/2019,393.1326,5.2926,94.4700,60.4608
08/26/2019,387.8353,-0.4847,94.4700,60.4608
08/23/2019,388.3239,-1.1861,94.4700,60.4608
08/22/2019,389.5105,0.5905,94.4700,60.4608
08/21/2019,388.9226,0.6926,94.4700,62.3502
08/20/2019,388.2256,-4.8944,94.4700,62.3502
08/19/2019,393.1187,0.1687,94.4700,62.3502
08/16/2019,392.9513,0.2513,94.4700,62.3502
08/15/2019,392.7036,-0.2164,94.4700,62.3502
08/14/2019,392.9228,-1.8272,94.4700,61.4055
08/13/2019,394.7522,-0.3778,94.4700,61.4055
08/12/2019,395.1308,-1.4392,94.4700,61.4055
08/09/2019,396.5740,-1.0660,94.4700,61.4055
08/08/2019,397.6399,0.4799,94.4700,61.4055
08/07/2019,397.1578,1.7778,94.4700,63.2949
08/06/2019,395.3842,-0.9258,94.4700,63.2949
08/05/2019,396.3094,4.2394,94.4700,63.2949
08/02/2019,392.0659,0.4559,94.4700,63.2949
08/01/2019,391.6143,-2.9757,94.4700,63.2949
07/31/2019,394.5912,-2.2088,94.4700,62.3502
07/30/2019,396.7994,1.7394,94.4700,62.3502
07/29/2019,395.0579,-2.2021,94.4700,62.3502
07/26/2019,397.2567,-0.9033,94.4700,62.3502
07/25/2019,398.1637,-0.7363,94.4700,62.3502
07/24/2019,398.9011,-4.7089,94.4700,60.4608
07/23/2019,403.6068,-1.9432,94.4700,60.4608
07/22/2019,405.5455,2.5155,94.4700,60.4608
07/19/2019,403.0309,1.5009,94.4700,60.4608
07/18/2019,401.5298,2.9898,94.4700,60.4608
07/17/2019,398.5387,2.7187,94.4700,62.3502
07/16/2019,395.8207,1.3207,94.4700,62.3502
07/15/2019,394.4996,-1.8704,94.4700,62.3502
07/12/2019,396.3700,0.7600,94.4700,62.3502
07/11/2019,395.6129,-3.3471,94.4700,62.3502
07/10/2019,398.9575,0.5875,94.4700,64.2396
07/09/2019,398.3704,2.3204,94.4700,64.2396
07/08/2019,396.0455,4.5855,94.4700,64.2396
07/05/2019,391.4599,0.1999,94.4700,65.1843
07/03/2019,391.2584,2.0284,94.4700,65.1843
07/02/2019,389.2305,-2.7795,94.4700,65.1843
07/01/2019,392.0082,-0.4818,94.4700,65.1843
06/28/2019,392.4865,-1.6235,94.4700,65.1843
06/27/2019,394.1082,0.8982,94.4700,65.1843
06/26/2019,393.2110,-1.7390,94.4700,64.2396
06/25/2019,394.9492,0.5192,94.4700,64.2396
06/24/2019,394.4271,0.9671,94.4700,64.2396
06/21/2019,393.4566,1.1066,94.4700,64.2396
06/20/2019,392.3532,-0.1968,94.4700,64.2396
06/19/2019,392.5520,-0.2480,94.4700,62.3502
06/18/2019,392.7970,-0.0330,94.4700,62.3502
06/17/2019,392.8287,-1.8013,94.4700,62.3502
06/14/2019,394.6296,0.7296,94.4700,62.3502
06/13/2019,393.8994,1.3494,94.4700,62.3502
06/12/2019,392.5488,3.4388,94.4700,63.2949
06/11/2019,389.1142,0.8542,94.4700,63.2949
06/10/2019,388.2579,1.5879,94.4700,63.2949
06/07/2019,386.6707,-2.5293,94.4700,63.2949
06/06/2019,389.1976,0.1776,94.4700,63.2949
06/05/2019,389.0201,-3.0799,94.4700,64.2396
06/04/2019,392.1033,3.0233,94.4700,64.2396
06/03/2019,389.0786,-2.9914,94.4700,64.2396
05/31/2019,392.0734,0.3734,94.4700,64.2396
05/30/2019,391.7045,-0.3755,94.4700,64.2396
05/29/2019,392.0800,-1.5800,94.4700,62.3502
05/28/2019,393.6602,0.2302,94.4700,62.3502
05/24/2019,393.4311,1.7511,94.4700,62.3502
05/23/2019,391.6819,-0.7181,94.4700,62.3502
05/22/2019,388.4106,3.8806,94.4700,63.2949
05/21/2019,384.5344,-0.3856,94.4700,62.3502
05/20/2019,384.9226,-0.9874,94.4700,62.3502
05/17/2019,385.9110,0.3410,94.4700,62.3502
05/16/2019,385.5741,-1.1059,94.4700,62.3502
05/15/2019,386.6780,-0.7120,94.4700,60.4608
05/14/2019,387.3854,0.4154,94.4700,60.4608
05/13/2019,386.9719,1.1319,94.4700,60.4608
05/10/2019,385.8397,-1.0303,94.4700,60.4608
05/09/2019,386.8689,-1.2311,94.4700,60.4608
05/08/2019,388.0962,-0.2338,94.4700,60.4608
05/07/2019,388.3254,-0.4246,94.4700,60.4608
05/06/2019,388.7548,-1.3952,94.4700,60.4608
05/03/2019,390.1480,0.5780,94.4700,60.4608
05/02/2019,389.5653,-1.8647,94.4700,60.4608
05/01/2019,391.4328,1.9228,94.4700,65.1843
04/30/2019,389.5093,3.3593,94.4700,65.1843
04/29/2019,386.1530,2.2130,94.4700,65.1843
04/26/2019,383.9442,1.2942,94.4700,65.1843
04/25/2019,382.6453,3.6753,94.4700,65.1843
04/24/2019,378.9689,1.9089,94.4700,67.0737
04/23/2019,377.0592,-1.2308,94.4700,67.0737
04/22/2019,378.2886,-0.0914,94.4700,67.0737
04/19/2019,378.3816,-1.2784,94.4700,67.0737
04/18/2019,379.6578,-2.2522,94.4700,67.0737
04/17/2019,381.9050,1.4350,94.4700,67.0737
04/16/2019,380.4657,2.0857,94.4700,67.0737
04/15/2019,378.3824,-1.1776,94.4700,67.0737
04/12/2019,379.5623,1.5923,94.4700,67.0737
04/11/2019,377.9740,0.0140,94.4700,67.0737
04/10/2019,377.9629,-1.2371,94.4700,67.0737
04/09/2019,379.1972,-2.8428,94.4700,67.0737
04/08/2019,382.0444,2.2444,94.4700,67.0737
04/05/2019,379.8004,0.1004,94.4700,67.0737
04/04/2019,379.7030,-0.7570,94.4700,67.0737
04/03/2019,380.4636,-2.9064,94.4700,66.1290
04/02/2019,383.3710,1.8410,94.4700,66.1290
04/01/2019,381.5337,-0.9063,94.4700,66.1290
03/29/2019,382.4428,3.6828,94.4700,66.1290
03/28/2019,378.7614,1.0114,94.4700,66.1290
03/27/2019,377.7506,1.0806,94.4700,67.0737
03/26/2019,376.6672,-1.1128,94.4700,67.0737
03/25/2019,377.7778,0.0678,94.4700,67.0737
03/22/2019,377.7126,1.1126,94.4700,67.0737
03/21/2019,376.6013,-0.5987,94.4700,67.0737
03/20/2019,377.2044,0.3644,94.4700,67.0737
03/19/2019,376.8370,-2.2830,94.4700,67.0737
03/18/2019,379.1186,-0.5614,94.4700,67.0737
03/15/2019,379.6810,1.8310,94.4700,67.0737
03/14/2019,377.8491,1.5891,94.4700,67.0737
03/13/2019,376.2557,-2.4343,94.4700,65.1843
03/12/2019,378.6867,6.5267,94.4700,65.1843
03/11/2019,372.1620,-2.8380,94.4700,65.1843
03/08/2019,375.0019,-1.5781,94.4700,65.1843
03/07/2019,376.5806,4.3406,94.4700,65.1843
03/06/2019,372.2427,2.2427,94.4700,65.1843
03/05/2019,369.9955,-4.7745,94.4700,65.1843
03/04/2019,374.7713,2.6513,94.4700,66.1290
03/01/2019,372.1182,-1.8918,94.4700,66.1290
02/28/2019,374.0064,-3.2736,94.4700,66.1290
02/27/2019,377.2849,0.7249,94.4700,66.1290
02/26/2019,376.5589,-0.5711,94.4700,66.1290
02/25/2019,377.1283,-2.0117,94.4700,66.1290
02/22/2019,379.1390,3.9990,94.4700,66.1290
02/21/2019,375.1351,-1.1449,94.4700,66.1290
02/20/2019,376.2757,-2.9843,94.4700,65.1843
02/19/2019,379.2638,0.9038,94.4700,65.1843
02/18/2019,378.3570,4.0070,94.4700,65.1843
02/15/2019,374.3463,0.2763,94.4700,65.1843
02/14/2019,374.0702,-0.8998,94.4700,62.3502
02/13/2019,374.9683,-0.0317,94.4700,62.3502
02/12/2019,374.9960,1.1460,94.4700,62.3502
02/11/2019,373.8478,-5.0722,94.4700,62.3502
02/08/2019,378.9158,-3.7242,94.4700,62.3502
02/07/2019,382.6410,2.2510,94.4700,62.3502
02/06/2019,380.3875,1.8975,94.4700,62.3502
02/05/2019,378.4896,-2.4104,94.4700,65.1843
02/04/2019,380.9037,0.1437,94.4700,65.1843
02/01/2019,380.7635,-3.8965,94.4700,65.1843
01/31/2019,384.6596,-1.9404,94.4700,65.1843
01/30/2019,386.5950,-1.0650,94.4700,65.1843
01/29/2019,387.6583,1.3283,94.4700,65.1843
01/28/2019,386.3347,0.3047,94.4700,65.1843
01/25/2019,386.0300,0.3300,94.4700,65.1843
01/24/2019,385.7016,1.3216,94.4700,65.1843
01/23/2019,384.3824,-1.3176,94.4700,65.1843
01/22/2019,385.6995,-0.9505,94.4700,65.1843
01/21/2019,386.6519,2.0219,94.4700,65.1843
01/18/2019,384.6344,4.1044,94.4700,65.1843
01/17/2019,380.5275,-0.0625,94.4700,65.1843
01/16/2019,380.5915,4.6715,94.4700,65.1843
01/15/2019,375.9229,-1.7971,94.4700,65.1843
01/14/2019,377.7180,-0.7320,94.4700,65.1843
01/11/2019,378.4513,-1.2287,94.4700,65.1843
01/10/2019,379.6832,-2.6068,94.4700,65.1843
01/09/2019,382.2906,-5.0694,94.4700,65.1843
01/08/2019,387.3644,1.2144,94.4700,65.1843
01/07/2019,386.1474,1.5274,94.4700,65.1843
01/04/2019,384.6210,-1.7390,94.1300,64.9497
01/03/2019,386.3597,-2.9903,94.1300,64.9497
01/02/2019,389.3463,-0.2337,94.1300,64.9497
12/31/2018,389.5811,-1.3089,94.1300,64.9497
12/28/2018,390.8856,-0.5944,94.1300,64.9497
12/27/2018,391.4822,8.1722,94.1300,64.9497
12/26/2018,383.3087,7.4787,94.1300,64.9497
12/21/2018,375.8333,0.0633,94.1300,64.9497
12/20/2018,375.7665,-4.6135,94.1300,64.9497
12/19/2018,380.3777,-0.8923,94.1300,65.8910
12/18/2018,381.2661,0.5961,94.1300,65.8910
12/17/2018,380.6710,0.4210,94.1300,65.8910
12/14/2018,380.2504,-2.0696,94.1300,65.8910
12/13/2018,382.3172,2.5572,94.1300,65.8910
12/12/2018,379.7606,-1.9594,94.1300,63.0671
12/11/2018,381.7152,-2.3448,94.1300,63.0671
12/10/2018,384.0601,-2.4099,94.1300,63.0671
12/07/2018,386.4689,3.7089,94.1300,63.0671
12/06/2018,382.7647,-0.2853,94.1300,63.0671
12/05/2018,383.0523,-1.7477,94.1300,64.9497
12/04/2018,384.7972,1.4472,94.1300,64.9497
12/03/2018,383.3482,-0.1418,94.1300,64.9497
11/30/2018,383.4928,3.9828,94.1300,64.9497
11/29/2018,379.5114,-1.0286,94.1300,64.9497
11/28/2018,380.5368,4.8168,94.1300,62.1258
11/27/2018,375.7229,-0.6771,94.1300,62.1258
11/26/2018,376.3967,-3.1633,94.1300,62.1258
11/23/2018,379.5589,-0.2811,94.1300,62.1258
11/21/2018,379.8412,2.7612,94.1300,62.1258
11/20/2018,377.0843,-0.2957,94.1300,62.1258
11/19/2018,377.3831,0.4831,94.1300,62.1258
11/16/2018,376.9012,-0.0688,94.1300,62.1258
11/15/2018,376.9707,-1.9393,94.1300,62.1258
11/14/2018,378.9069,-1.9931,94.1300,62.1258
11/13/2018,380.8991,0.6691,94.1300,62.1258
11/12/2018,380.2321,2.2321,94.1300,62.1258
11/09/2018,377.9976,2.4376,94.1300,62.1258
11/08/2018,375.5638,-0.3562,94.1300,62.1258
11/07/2018,375.9179,-2.7321,94.1300,63.0671
11/06/2018,378.6464,1.4764,94.1300,63.0671
11/05/2018,377.1682,-1.8118,94.1300,63.0671
11/02/2018,378.9775,-1.6825,94.1300,63.0671
11/01/2018,380.6637,2.8237,94.1300,64.9497
10/31/2018,377.8404,0.5904,94.1300,64.9497
10/30/2018,377.2531,-1.3569,94.1300,64.9497
10/29/2018,378.6089,0.7789,94.1300,64.9497
10/26/2018,377.8322,-0.8578,94.1300,64.9497
10/25/2018,378.6908,-5.4392,94.1300,64.9497
10/24/2018,384.1278,2.0978,94.1300,64.9497
10/23/2018,382.0342,0.7242,94.1300,64.9497
10/22/2018,381.3089,0.1789,94.1300,64.9497
10/19/2018,381.1320,-0.1180,94.1300,64.9497
10/18/2018,381.2458,2.2558,94.1300,64.9497
10/17/2018,378.9882,4.0982,94.1300,64.9497
10/16/2018,374.8867,-1.1233,94.1300,64.9497
10/15/2018,376.0129,-0.9971,94.1300,64.9497
10/12/2018,377.0076,-1.5524,94.1300,64.9497
10/11/2018,378.5566,-0.2134,94.1300,64.9497
10/10/2018,378.7728,-1.6472,94.1300,64.0084
10/09/2018,380.4199,-1.2101,94.1300,64.0084
10/08/2018,381.6345,0.5645,94.1300,64.0084
10/05/2018,381.0687,4.1487,94.1300,64.0084
10/04/2018,376.9167,0.2967,94.1300,64.0084
10/03/2018,376.6220,-0.2880,94.1300,64.9497
10/02/2018,376.9088,1.7588,94.1300,64.9497
10/01/2018,375.1540,0.0840,94.1300,64.9497
09/28/2018,375.0656,-3.2544,94.1300,64.9497
09/27/2018,378.3227,-0.5773,94.1300,64.9497
09/26/2018,378.8960,-3.0140,94.1300,63.0671
09/25/2018,381.9091,3.1491,94.1300,63.0671
09/24/2018,378.7636,-0.0964,94.1300,63.0671
09/21/2018,378.8601,0.4901,94.1300,63.0671
09/20/2018,378.3714,3.1314,94.1300,63.0671
09/19/2018,375.2388,-2.5912,94.1300,63.0671
09/18/2018,377.8296,-3.0204,94.1300,63.0671
09/17/2018,380.8549,2.3349,94.1300,63.0671
09/14/2018,378.5184,0.2784,94.1300,63.0671
09/13/2018,378.2392,-2.9008,94.1300,63.0671
09/12/2018,381.1362,1.5762,94.1300,63.0671
09/11/2018,379.5633,2.4133,94.1300,63.0671
09/10/2018,377.1508,-3.3192,94.1300,63.0671
09/07/2018,380.4690,-2.0110,94.1300,63.0671
09/06/2018,382.4845,1.2045,94.1300,63.0671
09/05/2018,381.2844,-0.6056,94.1300,64.9497
09/04/2018,381.8858,-0.8942,94.1300,64.9497
08/31/2018,382.7760,-0.6840,94.1300,64.9497
08/30/2018,383.4560,0.1460,94.1300,64.9497
08/29/2018,383.3121,0.9921,94.1300,65.8910
08/28/2018,382.3230,-1.3470,94.1300,65.8910
08/27/2018,383.6710,7.5910,94.1300,65.8910
08/24/2018,376.0823,0.9223,94.1300,65.8910
08/23/2018,375.1649,-0.1551,94.1300,65.8910
08/22/2018,375.3209,1.5609,94.1300,66.8323
08/21/2018,373.7579,-0.2421,94.1300,66.8323
08/20/2018,374.0048,0.8448,94.1300,66.8323
08/17/2018,373.1590,-0.0210,94.1300,66.8323
08/16/2018,373.1756,-0.1044,94.1300,66.8323
08/15/2018,373.2771,-0.5229,94.1300,64.9497
08/14/2018,373.7965,3.1265,94.1300,64.9497
08/13/2018,370.6716,-3.2384,94.1300,64.9497
08/10/2018,373.9093,0.2993,94.1300,64.9497
08/09/2018,373.6130,1.1630,94.1300,64.9497
08/08/2018,372.4524,-1.5976,94.1300,66.8323
08/07/2018,374.0473,-0.0027,94.1300,66.8323
08/06/2018,374.0536,0.6336,94.1300,66.8323
08/03/2018,373.4173,0.2073,94.1300,64.9497
08/02/2018,373.2134,-2.0766,94.1300,64.9497
08/01/2018,375.2922,-1.5678,94.1300,64.9497
07/31/2018,376.8622,0.6822,94.1300,64.9497
07/30/2018,376.1778,-5.3622,94.1300,64.9497
07/27/2018,381.5396,-0.1704,94.1300,64.9497
07/26/2018,381.7144,1.4344,94.1300,64.9497
07/25/2018,380.2757,-2.8043,94.1300,64.9497
07/24/2018,383.0757,-0.8843,94.1300,64.9497
07/23/2018,383.9629,-2.4571,94.1300,64.9497
07/20/2018,386.4241,0.6241,94.1300,67.7736
07/19/2018,385.8011,-1.5089,94.1300,67.7736
07/18/2018,387.3148,3.1048,94.1300,67.7736
07/17/2018,384.2100,-0.5000,94.1300,67.7736
07/16/2018,384.7068,1.2068,94.1300,67.7736
07/13/2018,383.4955,4.1155,94.1300,67.7736
07/12/2018,379.3840,1.1240,94.1300,67.7736
07/11/2018,378.2602,1.8902,94.1300,67.7736
07/10/2018,376.3663,-1.1537,94.1300,67.7736
07/09/2018,377.5224,2.3324,94.1300,67.7736
07/06/2018,375.1897,-0.4503,94.1300,67.7736
07/05/2018,375.6372,-0.6828,94.1300,65.8910
07/03/2018,376.3243,1.1843,94.1300,65.8910
07/02/2018,375.1356,2.9556,94.1300,65.8910
06/29/2018,372.1766,-3.2634,94.1300,65.8910
06/28/2018,375.4438,-0.1462,94.1300,65.8910
06/27/2018,375.5928,0.6328,94.1300,65.8910
06/26/2018,374.9595,0.5695,94.1300,65.8910
06/25/2018,374.3854,-5.1246,94.1300,65.8910
06/22/2018,379.5050,0.9550,94.1300,65.8910
06/21/2018,378.5469,1.8969,94.1300,65.8910
06/20/2018,376.6463,-1.8237,94.1300,64.9497
06/19/2018,378.4738,-0.8862,94.1300,64.9497
06/18/2018,379.3595,-0.0105,94.1300,64.9497
06/15/2018,379.3736,-2.5364,94.1300,64.9497
06/14/2018,381.9095,0.5595,94.1300,64.9497
06/13/2018,381.3542,0.6642,94.1300,67.7736
06/12/2018,380.6940,1.4040,94.1300,67.7736
06/11/2018,379.2851,0.6351,94.1300,67.7736
06/08/2018,378.6540,2.0040,94.1300,67.7736
06/07/2018,376.6516,0.4516,94.1300,67.7736
06/06/2018,376.2012,-0.3288,94.1300,66.8323
06/05/2018,376.5273,2.6973,94.1300,66.8323
06/04/2018,373.8268,-0.4732,94.1300,66.8323
06/01/2018,374.3035,-3.3565,94.1300,66.8323
05/31/2018,377.6561,-1.2639,94.1300,66.8323
05/30/2018,378.9246,-2.1054,94.1300,64.0084
05/29/2018,381.0319,0.2919,94.1300,64.0084
05/25/2018,380.7436,-0.3664,94.1300,64.0084
05/24/2018,381.1080,-0.3620,94.1300,64.0084
05/23/2018,381.4713,2.7813,94.1300,65.8910
05/22/2018,378.6852,0.5352,94.1300,65.8910
05/21/2018,378.1496,0.6896,94.1300,65.8910
05/18/2018,377.4616,3.9016,94.1300,65.8910
05/17/2018,373.5560,-0.9840,94.1300,65.8910
05/16/2018,374.5419,-1.5381,94.1300,68.7149
05/15/2018,376.0800,-2.8500,94.1300,68.7149
05/14/2018,378.9255,2.4355,94.1300,68.7149
05/11/2018,376.4881,-2.0819,94.1300,68.7149
05/10/2018,378.5714,-1.2486,94.1300,68.7149
05/09/2018,379.8171,5.0171,94.1300,68.7149
05/08/2018,374.7996,0.4496,94.1300,68.7149
05/07/2018,374.3527,-0.6873,94.1300,68.7149
05/04/2018,375.0387,1.1287,94.1300,68.7149
05/03/2018,373.9139,-1.4161,94.1300,68.7149
05/02/2018,375.3285,-0.5615,94.1300,68.7149
05/01/2018,375.8881,1.2781,94.1300,68.7149
04/30/2018,374.6089,-4.2811,94.1300,68.7149
04/27/2018,378.8915,4.9515,94.1300,68.7149
04/26/2018,373.9404,0.9404,94.1300,68.7149
04/25/2018,373.0036,-0.5364,94.1300,62.1258
04/24/2018,373.5398,3.1698,94.1300,62.1258
04/23/2018,370.3730,2.7830,94.1300,62.1258
04/20/2018,367.5850,-1.4850,94.1300,62.1258
04/19/2018,369.0741,-1.8559,94.1300,62.1258
04/18/2018,370.9329,1.4129,94.1300,63.0671
04/17/2018,369.5242,-2.3658,94.1300,63.0671
04/16/2018,371.8863,1.0663,94.1300,63.0671
04/13/2018,370.8228,-1.2172,94.1300,63.0671
04/12/2018,372.0436,0.2236,94.1300,66.8323
04/11/2018,371.8175,-1.8325,94.1300,66.8323
04/10/2018,373.6514,-0.0786,94.1300,66.8323
04/09/2018,373.7308,-1.9592,94.1300,66.8323
04/06/2018,375.6928,3.4028,94.1300,66.8323
04/05/2018,372.2943,2.8043,94.1300,66.8323
04/04/2018,369.4853,1.1153,94.1300,68.7149
04/03/2018,368.3701,1.8401,94.1300,68.7149
04/02/2018,366.5303,-3.0297,94.1300,68.7149
03/30/2018,369.5615,-2.8185,94.1300,68.7149
03/29/2018,372.3791,-6.3209,94.1300,68.7149
03/28/2018,378.7021,0.8821,94.1300,69.6562
03/27/2018,377.8205,-1.3795,94.1300,69.6562
03/26/2018,379.1988,5.4688,94.1300,69.6562
03/23/2018,373.7320,-0.4681,94.1300,69.6562
03/22/2018,374.1972,2.9872,94.1300,69.6562
03/21/2018,371.2086,3.1186,94.1300,71.5388
03/20/2018,368.0946,0.9046,94.1300,71.5388
03/19/2018,367.1866,-0.0734,94.1300,71.5388
03/16/2018,367.2563,2.7563,94.1300,71.5388
03/15/2018,364.5030,-0.1570,94.1300,71.5388
03/14/2018,364.6638,-5.7862,94.1300,70.5975
03/13/2018,370.4453,2.8753,94.1300,70.5975
03/12/2018,367.5654,-10.0046,94.1300,70.5975
03/09/2018,376.9258,0.8058,94.1300,70.5975
03/08/2018,376.1227,7.7227,94.1300,70.5975
03/07/2018,368.4029,3.0429,94.1300,69.6562
03/06/2018,365.3648,2.1448,94.1300,69.6562
03/05/2018,363.2173,1.3073,94.1300,69.6562
03/02/2018,361.9122,-1.2578,94.1300,69.6562
03/01/2018,363.1664,-5.1236,94.1300,69.6562
02/28/2018,368.2909,-1.5391,94.1300,69.6562
02/27/2018,369.8342,0.0742,94.1300,69.6562
02/26/2018,369.7628,-1.6972,94.1300,69.6562
02/23/2018,371.4616,-0.5284,94.1300,69.6562
02/22/2018,371.9879,0.8879,94.1300,69.6562
02/21/2018,371.0962,-0.5138,94.1300,67.7736
02/20/2018,371.6082,-0.9318,94.1300,67.7736
02/19/2018,372.5420,1.5420,94.1300,67.7736
02/16/2018,371.0007,4.9407,94.1300,67.7736
02/15/2018,366.0645,-3.4255,94.1300,67.7736
02/14/2018,369.4859,-2.3741,94.1300,69.6562
02/13/2018,371.8616,-0.4784,94.1300,69.6562
02/12/2018,372.3374,2.7274,94.1300,69.6562
02/09/2018,369.6095,-0.4705,94.1300,69.6562
02/08/2018,370.0803,-0.8397,94.1300,69.6562
02/07/2018,370.9222,4.9122,94.1300,68.7149
02/06/2018,366.0096,0.7496,94.1300,68.7149
02/05/2018,365.2633,-4.5367,94.1300,68.7149
02/02/2018,369.8025,6.4225,94.1300,68.7149
02/01/2018,363.3805,0.7705,94.1300,68.7149
01/31/2018,362.6103,0.2203,94.1300,67.7736
01/30/2018,362.3928,0.0528,94.1300,67.7736
01/29/2018,362.3351,0.6051,94.1300,67.7736
01/26/2018,361.7265,-2.6435,94.1300,67.7736
01/25/2018,364.3687,1.5987,94.1300,67.7736
01/24/2018,362.7672,-5.0428,94.1300,67.7736
01/23/2018,367.8121,-0.9279,94.1300,67.7736
01/22/2018,368.7447,-1.5553,94.1300,67.7736
01/19/2018,370.3045,-3.9855,94.1300,67.7736
01/18/2018,374.2872,-1.1528,94.1300,67.7736
01/17/2018,375.4433,2.2033,94.1300,64.0084
01/16/2018,373.2421,0.1821,94.1300,64.0084
01/15/2018,373.0582,2.7382,94.1300,64.0084
01/12/2018,370.3203,3.3403,94.1300,64.0084
01/11/2018,366.9764,-1.7136,94.1300,64.0084
01/10/2018,368.6909,-0.7791,94.1300,64.0084
01/09/2018,369.4717,-0.3983,94.1300,64.0084
01/08/2018,369.8677,-3.1623,94.1300,64.0084
01/05/2018,373.0260,-4.8240,94.1300,64.9497
01/04/2018,377.8482,1.9682,94.1300,64.9497
01/03/2018,375.8799,-2.1901,94.1300,64.9497
01/02/2018,378.0667,-0.8033,94.1300,64.9497
12/29/2017,378.8660,-5.8840,94.1300,64.9497
12/28/2017,384.7512,1.5512,94.1300,64.9497
12/27/2017,383.1984,4.0484,94.1300,66.8323
12/26/2017,379.1485,-2.8615,94.1300,66.8323
12/22/2017,382.0106,-1.0094,94.1300,66.8323
12/21/2017,383.0209,1.1909,94.1300,66.8323
12/20/2017,381.8329,-1.8771,94.1300,66.8323
12/19/2017,383.7135,3.2235,94.1300,66.8323
12/18/2017,380.4876,1.7176,94.1300,66.8323
12/15/2017,378.7743,2.8943,94.1300,66.8323
12/14/2017,375.8790,-2.8810,94.1300,66.8323
12/13/2017,378.7588,-4.3312,94.1300,62.1258
12/12/2017,383.0860,-2.9240,94.1300,62.1258
12/11/2017,386.0052,-0.8248,94.1300,62.1258
12/08/2017,386.8293,-1.4807,94.1300,62.1258
12/07/2017,388.3072,1.4872,94.1300,62.1258
12/06/2017,386.8247,-0.8653,94.1300,64.9497
12/05/2017,387.6949,-0.7351,94.1300,64.9497
12/04/2017,388.4254,1.5354,94.1300,64.9497
12/01/2017,386.8889,1.0289,94.1300,64.9497
11/30/2017,385.8604,-5.5696,94.1300,64.9497
11/29/2017,391.4308,4.8108,94.1300,63.0671
11/28/2017,386.6158,-1.7242,94.1300,63.0671
11/27/2017,388.3443,-0.5857,94.1300,63.0671
11/24/2017,388.9336,-0.0464,94.1300,63.0671
11/22/2017,388.9787,-1.6313,94.1300,64.0084
11/21/2017,390.6125,4.6625,94.1300,64.0084
11/20/2017,385.9529,0.8029,94.1300,64.0084
11/17/2017,385.1454,0.3154,94.1300,64.0084
11/16/2017,384.8267,-3.2633,94.1300,64.0084
11/15/2017,388.0890,0.8290,94.1300,63.0671
11/14/2017,387.2602,-6.0498,94.1300,63.0671
11/13/2017,393.3070,5.4170,94.1300,63.0671
11/10/2017,387.8930,3.6030,94.1300,63.0671
11/09/2017,384.2857,1.1357,94.1300,63.0671
11/08/2017,383.1466,-0.1734,94.1300,62.1258
11/07/2017,383.3197,2.0897,94.1300,62.1258
11/06/2017,381.2338,-3.7462,94.1300,62.1258
11/03/2017,384.9783,-4.1217,94.1300,62.1258
11/02/2017,389.0985,-0.7815,94.1300,62.1258
11/01/2017,389.8844,0.1444,94.1300,62.1258
10/31/2017,389.7389,-2.5011,94.1300,62.1258
10/30/2017,392.2377,1.0877,94.1300,62.1258
10/27/2017,391.1454,-1.7346,94.1300,62.1258
10/26/2017,392.8826,0.3826,94.1300,62.1258
10/25/2017,392.4983,-4.1217,94.1300,60.2432
10/24/2017,396.6249,0.0049,94.1300,60.2432
10/23/2017,396.6188,1.3888,94.1300,60.2432
10/20/2017,395.2346,3.1946,94.1300,60.2432
10/19/2017,392.0421,-0.0779,94.1300,60.2432
10/18/2017,392.1182,3.5082,94.1300,63.0671
10/17/2017,388.6138,-0.7362,94.1300,63.0671
10/16/2017,389.3544,-2.1756,94.1300,63.0671
10/13/2017,391.5337,-1.0063,94.1300,63.0671
10/12/2017,392.5438,-6.4262,94.1300,63.0671
10/11/2017,398.9698,-2.3402,94.1300,62.1258
10/10/2017,401.3087,3.2887,94.1300,62.1258
10/09/2017,398.0177,-5.3023,94.1300,62.1258
10/06/2017,403.3220,1.1220,94.1300,62.1258
10/05/2017,402.2015,-1.7285,94.1300,62.1258
10/04/2017,403.9257,-3.2743,94.1300,62.1258
10/03/2017,407.2017,-2.5183,94.1300,62.1258
10/02/2017,409.7211,3.1411,94.1300,62.1258
09/29/2017,406.5790,0.0790,94.1300,62.1258
09/28/2017,406.5035,2.6735,94.1300,62.1258
09/27/2017,403.8250,-2.2250,94.1300,62.1258
09/26/2017,406.0474,-0.6126,94.1300,62.1258
09/25/2017,406.6588,3.2588,94.1300,62.1258
09/22/2017,403.3957,-0.8743,94.1300,60.2432
09/21/2017,404.2749,0.9549,94.1300,60.2432
09/20/2017,403.3202,0.4702,94.1300,60.2432
09/19/2017,402.8450,-0.5950,94.1300,60.2432
09/18/2017,403.4378,-3.9022,94.1300,60.2432
09/15/2017,407.3412,-1.8688,94.1300,60.2432
09/14/2017,409.2147,1.5747,94.1300,60.2432
09/13/2017,407.6359,0.1259,94.1300,64.0084
09/12/2017,407.5104,1.9904,94.1300,64.0084
09/11/2017,405.5217,-1.9083,94.1300,64.0084
09/08/2017,407.4321,2.0521,94.1300,64.0084
09/07/2017,405.3816,0.1016,94.1300,64.0084
09/06/2017,405.2821,-6.2379,94.1300,63.0671
09/05/2017,411.5221,-2.9979,94.1300,63.0671
09/01/2017,414.5165,-2.7135,94.1300,63.0671
08/31/2017,417.2300,1.7400,94.1300,63.0671
08/30/2017,415.4912,-0.9588,94.1300,63.0671
08/29/2017,416.4537,-0.4763,94.1300,63.0671
08/28/2017,416.9340,4.3640,94.1300,63.0671
08/25/2017,412.5687,-1.2413,94.1300,63.0671
08/24/2017,413.8100,-2.3300,94.1300,63.0671
08/23/2017,416.1439,0.9739,94.1300,64.9497
08/22/2017,415.1694,-1.4906,94.1300,64.9497
08/21/2017,416.6573,-5.9827,94.1300,64.9497
08/18/2017,422.6406,0.9406,94.1300,64.9497
08/17/2017,421.6951,-0.8549,94.1300,64.9497
08/16/2017,422.5507,-0.6193,94.1300,64.9497
08/15/2017,423.1720,1.7720,94.1300,64.9497
08/14/2017,421.3982,0.8482,94.1300,64.9497
08/11/2017,420.5471,-3.4529,94.1300,64.9497
08/10/2017,424.0045,-1.8055,94.1300,64.9497
08/09/2017,425.8144,0.0244,94.1300,64.0084
08/08/2017,425.7916,-1.2184,94.1300,64.0084
08/07/2017,427.0143,-3.1357,94.1300,64.0084
08/04/2017,430.1463,1.3563,94.1300,64.0084
08/03/2017,428.7916,-0.8384,94.1300,64.0084
08/02/2017,429.6270,-0.1730,94.1300,64.9497
08/01/2017,429.7987,-0.9113,94.1300,64.9497
07/31/2017,430.7121,1.6521,94.1300,64.9497
07/28/2017,429.0552,-1.4648,94.1300,64.9497
07/27/2017,430.5249,1.1449,94.1300,64.9497
07/26/2017,429.3753,-2.3147,94.1300,61.1845
07/25/2017,431.6883,0.6083,94.1300,61.1845
07/24/2017,431.0839,-1.0461,94.1300,61.1845
07/21/2017,432.1346,-0.7954,94.1300,61.1845
07/20/2017,432.9349,0.0949,94.1300,64.9497
07/19/2017,432.8413,2.3613,94.1300,64.9497
07/18/2017,430.4800,1.3400,94.1300,64.9497
07/17/2017,429.1400,-0.2600,94.1300,64.9497
07/14/2017,429.3976,8.9276,94.1300,64.9497
07/13/2017,420.4700,-0.5500,94.1300,64.9497
07/12/2017,421.0204,-3.4296,94.1300,62.1258
07/11/2017,424.4537,-0.5563,94.1300,62.1258
07/10/2017,425.0087,-0.2213,94.1300,62.1258
07/07/2017,425.2274,-4.2726,94.1300,62.1258
07/06/2017,429.4953,-0.3247,94.1300,62.1258
07/05/2017,429.8208,-1.4392,94.1300,64.0084
07/03/2017,431.2620,0.5620,94.1300,64.0084
06/30/2017,430.6989,-1.6911,94.1300,64.0084
06/29/2017,432.3924,0.1124,94.1300,64.0084
06/28/2017,432.2766,2.2766,94.1300,64.9497
06/27/2017,430.0027,0.0827,94.1300,64.9497
06/26/2017,429.9214,2.9014,94.1300,64.9497
06/23/2017,427.0157,3.0057,94.1300,64.9497
06/22/2017,424.0088,-3.5312,94.1300,64.0084
06/21/2017,427.5355,-0.1045,94.1300,64.0084
06/20/2017,427.6397,2.3497,94.1300,64.0084
06/19/2017,425.2921,-0.5979,94.1300,64.0084
06/16/2017,425.8873,-1.4127,94.1300,64.0084
06/15/2017,427.3017,2.9317,94.1300,64.0084
06/14/2017,424.3746,0.4646,94.1300,61.1845
06/13/2017,423.9145,1.3745,94.1300,61.1845
06/12/2017,422.5404,1.2304,94.1300,61.1845
06/09/2017,421.3137,2.7037,94.1300,61.1845
06/08/2017,418.6058,-0.5442,94.1300,61.1845
06/07/2017,419.1454,-0.0346,94.1300,64.9497
06/06/2017,419.1816,-1.2484,94.1300,64.9497
06/05/2017,420.4300,-1.8700,94.1300,64.9497
06/02/2017,422.3014,-2.7886,94.1300,64.9497
06/01/2017,425.0949,7.7849,94.1300,64.9497
05/31/2017,417.3099,0.7199,94.1300,63.0671
05/30/2017,416.5861,4.9361,94.1300,63.0671
05/26/2017,411.6532,1.3232,94.1300,63.0671
05/25/2017,410.3336,-1.0364,94.1300,63.0671
05/24/2017,411.3654,1.7454,94.1300,64.9497
05/23/2017,409.6245,-0.7555,94.1300,64.9497
05/22/2017,410.3773,1.1273,94.1300,64.9497
05/19/2017,409.2537,2.1137,94.1300,64.9497
05/18/2017,407.1378,1.9178,94.1300,64.9497
05/17/2017,405.2215,3.6615,94.1300,66.8323
05/16/2017,401.5566,1.9766,94.1300,66.8323
05/15/2017,399.5817,2.4617,94.1300,66.8323
05/12/2017,397.1150,7.8750,94.1300,66.8323
05/11/2017,389.2381,3.4981,94.1300,66.8323
05/10/2017,385.7377,-0.4923,94.1300,64.9497
05/09/2017,386.2306,0.4706,94.1300,64.9497
05/08/2017,385.7595,3.1495,94.1300,64.9497
05/05/2017,382.6064,0.8564,94.1300,64.9497
05/04/2017,381.7458,4.9058,94.1300,64.9497
05/03/2017,376.8356,2.7356,94.1300,56.4780
05/02/2017,374.1043,4.2843,94.1300,56.4780
05/01/2017,369.8219,2.5819,94.1300,56.4780
04/28/2017,367.2360,2.2860,94.1300,56.4780
04/27/2017,364.9530,-0.6170,94.1300,56.4780
04/26/2017,365.5749,1.3749,94.1300,63.0671
04/25/2017,364.1969,5.1069,94.1300,63.0671
04/24/2017,359.0930,0.2330,94.1300,63.0671
04/21/2017,358.8633,4.5333,94.1300,63.0671
04/20/2017,354.3311,1.3511,94.1300,63.0671
04/19/2017,352.9779,0.4979,94.1300,66.8323
04/18/2017,352.4821,-2.0179,94.1300,66.8323
04/17/2017,354.5030,2.3030,94.1300,66.8323
04/14/2017,352.2035,2.0135,94.1300,66.8323
04/13/2017,350.1935,3.4535,94.1300,66.8323
04/12/2017,346.7366,2.3366,94.1300,67.7736
04/11/2017,344.3988,1.9888,94.1300,67.7736
04/10/2017,342.4145,-1.2755,94.1300,67.7736
04/07/2017,343.6929,0.3129,94.1300,67.7736
04/06/2017,343.3764,-2.4936,94.1300,67.7736
04/05/2017,345.8665,-1.9235,94.1300,68.7149
04/04/2017,347.7880,-0.1220,94.1300,68.7149
04/03/2017,347.9098,4.1298,94.1300,68.7149
03/31/2017,343.7844,-0.5456,94.1300,68.7149
03/30/2017,344.3345,4.1945,94.1300,68.7149
03/29/2017,340.1362,5.3562,94.1300,67.7736
03/28/2017,334.7828,0.7928,94.1300,67.7736
03/27/2017,333.9850,2.1650,94.1300,67.7736
03/24/2017,331.8176,-1.4224,94.1300,67.7736
03/23/2017,333.2418,5.5318,94.1300,67.7736
03/22/2017,327.7131,1.2631,94.1300,68.7149
03/21/2017,326.4454,0.1854,94.1300,68.7149
03/20/2017,326.2648,-1.6252,94.1300,68.7149
03/17/2017,327.8887,1.2387,94.1300,68.7149
03/16/2017,326.6499,-6.5901,94.1300,68.7149
03/15/2017,333.2400,-1.9000,94.1300,68.7149
03/14/2017,335.1441,1.0141,94.1300,68.7149
03/13/2017,334.1334,1.6134,94.1300,68.7149
03/10/2017,332.5246,-2.0054,94.1300,68.7149
03/09/2017,334.5322,1.0922,94.1300,68.7149
03/08/2017,333.4390,-3.5510,94.1300,66.8323
03/07/2017,336.9928,0.2228,94.1300,66.8323
03/06/2017,336.7704,7.9304,94.1300,66.8323
03/03/2017,328.8360,1.2860,94.1300,66.8323
03/02/2017,327.5511,-0.8089,94.1300,66.8323
03/01/2017,328.3637,-3.6863,94.1300,67.7736
02/28/2017,332.0524,4.0124,94.1300,67.7736
02/27/2017,328.0362,-6.3038,94.1300,67.7736
02/24/2017,334.3411,-0.5889,94.1300,67.7736
02/23/2017,334.9296,1.0696,94.1300,67.7736
02/22/2017,333.8611,-1.4189,94.1300,66.8323
02/21/2017,335.2756,-6.4544,94.1300,66.8323
02/20/2017,341.7311,3.0711,94.1300,66.8323
02/17/2017,338.6597,0.2497,94.1300,66.8323
02/16/2017,338.4097,-2.4903,94.1300,65.8910
02/15/2017,340.9030,-0.1470,94.1300,65.8910
02/14/2017,341.0458,1.1858,94.1300,65.8910
02/13/2017,339.8565,4.5765,94.1300,65.8910
02/10/2017,335.2814,-3.3486,94.1300,65.8910
02/09/2017,338.6257,1.4257,94.1300,65.8910
02/08/2017,337.1997,1.5497,94.1300,67.7736
02/07/2017,335.6455,-1.2645,94.1300,67.7736
02/06/2017,336.9058,-9.8842,94.1300,67.7736
02/03/2017,346.7931,0.6331,94.1300,67.7736
02/02/2017,346.1579,0.9979,94.1300,67.7736
02/01/2017,345.1602,-0.9198,94.1300,66.8323
01/31/2017,346.0794,0.7094,94.1300,66.8323
01/30/2017,345.3711,-1.4889,94.1300,66.8323
01/27/2017,346.8625,-0.7175,94.1300,66.8323
01/26/2017,347.5796,1.0296,94.1300,66.8323
01/25/2017,346.5464,-0.6236,94.1300,66.8323
01/24/2017,347.1722,-0.5778,94.1300,66.8323
01/23/2017,347.7456,2.3856,94.1300,66.8323
01/20/2017,345.3604,0.9904,94.1300,66.8323
01/19/2017,344.3725,-0.8175,94.1300,66.8323
01/18/2017,345.1914,-0.4086,94.1300,64.9497
01/17/2017,345.6006,-0.9194,94.1300,64.9497
01/16/2017,346.5247,-3.5253,94.1300,64.9497
01/13/2017,350.0465,1.6865,94.1300,64.9497
01/12/2017,348.3566,0.2666,94.1300,63.0671
01/11/2017,348.0876,1.9476,94.1300,63.0671
01/10/2017,346.1390,-1.1610,94.1300,63.0671
01/09/2017,347.2974,-1.6826,94.1300,63.0671
01/06/2017,351.0843,-6.0657,95.7400,64.1458
01/05/2017,357.1518,1.1318,95.7400,64.1458
01/04/2017,357.6936,-2.6064,95.7400,64.1458
01/03/2017,360.2983,5.3883,95.7400,64.1458
12/30/2016,354.9069,-2.4131,95.7400,64.1458
12/29/2016,357.3154,-2.5146,95.7400,64.1458
12/28/2016,359.8295,0.9895,95.7400,66.0606
12/27/2016,358.8419,2.0919,95.7400,66.0606
12/23/2016,356.7492,2.1692,95.7400,66.0606
12/22/2016,354.5776,0.1576,95.7400,66.0606
12/21/2016,354.4164,1.1464,95.7400,63.1884
12/20/2016,353.2667,2.5767,95.7400,63.1884
12/19/2016,350.6914,-4.4586,95.7400,63.1884
12/16/2016,355.1468,1.5368,95.7400,63.1884
12/15/2016,353.6070,-0.2330,95.7400,63.1884
12/14/2016,353.8405,0.2005,95.7400,63.1884
12/13/2016,353.6425,1.4525,95.7400,63.1884
12/12/2016,352.1913,3.7313,95.7400,63.1884
12/09/2016,348.4556,-0.4944,95.7400,63.1884
12/08/2016,348.9520,1.9820,95.7400,63.1884
12/07/2016,346.9696,-0.7804,95.7400,64.1458
12/06/2016,347.7526,-4.5874,95.7400,64.1458
12/05/2016,352.3400,-0.6900,95.7400,64.1458
12/02/2016,353.0286,-1.8214,95.7400,64.1458
12/01/2016,354.8518,-1.9182,95.7400,64.1458
11/30/2016,356.7684,-1.9516,95.7400,64.1458
11/29/2016,358.7201,0.3301,95.7400,64.1458
11/28/2016,358.3948,1.3048,95.7400,64.1458
11/25/2016,357.0886,2.7086,95.7400,64.1458
11/23/2016,354.3845,1.1745,95.7400,63.1884
11/22/2016,353.2050,-0.1050,95.7400,63.1884
11/21/2016,353.3102,0.2002,95.7400,63.1884
11/18/2016,353.1143,-0.0557,95.7400,63.1884
11/17/2016,353.1683,-0.9417,95.7400,63.1884
11/16/2016,354.1078,0.6878,95.7400,63.1884
11/15/2016,353.4154,1.0154,95.7400,63.1884
11/14/2016,352.4006,-0.9094,95.7400,63.1884
11/11/2016,353.3110,1.1810,95.7400,63.1884
11/10/2016,352.1319,-0.6181,95.7400,63.1884
11/09/2016,352.7483,0.0383,95.7400,63.1884
11/08/2016,352.7079,0.0479,95.7400,63.1884
11/07/2016,352.6607,-1.6993,95.7400,63.1884
11/04/2016,354.3557,-0.4443,95.7400,63.1884
11/03/2016,354.7968,2.5268,95.7400,63.1884
11/02/2016,352.2665,-2.1835,95.7400,62.2310
11/01/2016,354.4486,3.2586,95.7400,62.2310
10/31/2016,351.1928,0.9828,95.7400,62.2310
10/28/2016,350.2072,1.1172,95.7400,62.2310
10/27/2016,349.0900,-1.8800,95.7400,62.2310
10/26/2016,350.9727,-0.9673,95.7400,62.2310
10/25/2016,351.9357,-1.6543,95.7400,62.2310
10/24/2016,353.5893,-1.6507,95.7400,62.2310
10/21/2016,355.2390,1.9690,95.7400,62.2310
10/20/2016,353.2733,-1.9067,95.7400,62.2310
10/19/2016,355.1823,-2.0677,95.7400,62.2310
10/18/2016,357.2492,0.3092,95.7400,62.2310
10/17/2016,356.9432,-1.0568,95.7400,62.2310
10/14/2016,358.0044,-0.3156,95.7400,62.2310
10/13/2016,358.3211,2.4811,95.7400,61.2736
10/12/2016,355.8371,3.1971,95.7400,61.2736
10/11/2016,352.6378,-1.8522,95.7400,61.2736
10/10/2016,354.4902,1.0002,95.7400,61.2736
10/07/2016,353.4875,-0.4225,95.7400,61.2736
10/06/2016,353.9126,-2.9974,95.7400,61.2736
10/05/2016,356.9054,1.2654,95.7400,61.2736
10/04/2016,355.6389,1.8889,95.7400,61.2736
10/03/2016,353.7492,0.6092,95.7400,61.2736
09/30/2016,353.1440,0.3940,95.7400,61.2736
09/29/2016,352.7472,-1.6128,95.7400,61.2736
09/28/2016,354.3625,-2.4075,95.7400,60.3162
09/27/2016,356.7697,0.8397,95.7400,60.3162
09/26/2016,355.9341,-1.8159,95.7400,60.3162
09/23/2016,357.7465,3.3565,95.7400,60.3162
09/22/2016,354.3940,0.1240,95.7400,60.3162
09/21/2016,354.2735,-1.2365,95.7400,62.2310
09/20/2016,355.5070,1.1670,95.7400,62.2310
09/19/2016,354.3415,-1.3485,95.7400,62.2310
09/16/2016,355.6851,-3.0549,95.7400,62.2310
09/15/2016,358.7426,0.7426,95.7400,62.2310
09/14/2016,357.9955,-1.1645,95.7400,62.2310
09/13/2016,359.1630,-2.6370,95.7400,62.2310
09/12/2016,361.8002,-1.7398,95.7400,62.2310
09/09/2016,363.5447,2.3247,95.7400,62.2310
09/08/2016,361.2177,-0.9023,95.7400,62.2310
09/07/2016,362.1170,4.1570,95.7400,63.1884
09/06/2016,357.9638,4.2338,95.7400,63.1884
09/02/2016,353.7270,-1.2130,95.7400,63.1884
09/01/2016,354.9438,-0.3162,95.7400,63.1884
08/31/2016,355.2564,-0.4036,95.7400,64.1458
08/30/2016,355.6602,-1.4198,95.7400,64.1458
08/29/2016,357.0791,-2.0109,95.7400,64.1458
08/26/2016,359.0922,-1.1978,95.7400,64.1458
08/25/2016,360.2920,0.1820,95.7400,64.1458
08/24/2016,360.1052,-0.6648,95.7400,65.1032
08/23/2016,360.7673,1.7173,95.7400,65.1032
08/22/2016,359.0521,0.0521,95.7400,65.1032
08/19/2016,359.0013,0.2613,95.7400,67.0180
08/18/2016,358.7374,0.6174,95.7400,67.0180
08/17/2016,358.1178,3.1278,95.7400,67.0180
08/16/2016,354.9881,1.9581,95.7400,67.0180
08/15/2016,353.0280,1.0880,95.7400,67.0180
08/12/2016,351.9421,-0.0879,95.7400,67.0180
08/11/2016,352.0343,2.1143,95.7400,67.0180
08/10/2016,349.9238,-1.3562,95.7400,66.0606
08/09/2016,351.2830,0.9230,95.7400,66.0606
08/08/2016,350.3649,-1.2851,95.7400,66.0606
08/05/2016,351.6528,0.6428,95.7400,66.0606
08/04/2016,351.0136,1.3536,95.7400,67.0180
08/03/2016,349.6570,3.8970,95.7400,67.0180
08/02/2016,345.7587,-0.6413,95.7400,67.0180
08/01/2016,346.3954,-0.4446,95.7400,67.0180
07/29/2016,346.8392,-4.6208,95.7400,67.0180
07/28/2016,351.4554,-3.9746,95.7400,67.0180
07/27/2016,355.4322,-3.7178,95.7400,66.0606
07/26/2016,359.1464,2.9864,95.7400,66.0606
07/25/2016,356.1614,2.5114,95.7400,66.0606
07/22/2016,353.6508,10.1208,95.7400,66.0606
07/21/2016,343.5308,2.2108,95.7400,66.0606
07/20/2016,341.3184,2.1784,95.7400,65.1032
07/19/2016,339.1383,-2.6817,95.7400,65.1032
07/18/2016,341.8247,-0.6153,95.7400,65.1032
07/15/2016,342.4449,-7.1751,95.7400,66.0606
07/14/2016,349.6211,-2.6389,95.7400,66.0606
07/13/2016,352.2562,0.8462,95.7400,66.0606
07/12/2016,351.4086,3.3886,95.7400,66.0606
07/11/2016,348.0224,0.8524,95.7400,66.0606
07/08/2016,347.1713,-0.5487,95.7400,66.0606
07/07/2016,347.7165,4.0365,95.7400,66.0606
07/06/2016,343.6831,1.2131,95.7400,67.0180
07/05/2016,342.4737,7.9437,95.7400,67.0180
07/01/2016,334.5306,2.5406,95.7400,67.0180
06/30/2016,331.9940,0.9640,95.7400,67.0180
06/29/2016,331.0278,-0.0522,95.7400,66.0606
06/28/2016,331.0800,-6.2800,95.7400,66.0606
06/27/2016,337.3577,-1.1223,95.7400,66.0606
06/24/2016,338.4817,-4.0783,95.7400,66.0606
06/23/2016,342.5638,-1.3462,95.7400,67.0180
06/22/2016,343.9070,3.0070,95.7400,67.0180
06/21/2016,340.9000,0.3400,95.7400,67.0180
06/20/2016,340.5618,-0.3882,95.7400,67.0180
06/17/2016,340.9455,0.0055,95.7400,67.0180
06/16/2016,340.9375,-1.0825,95.7400,67.0180
06/15/2016,342.0159,-2.4341,95.7400,67.9754
06/14/2016,344.4505,1.2405,95.7400,67.9754
06/13/2016,343.2122,-0.1978,95.7400,67.9754
06/10/2016,343.4078,-1.5822,95.7400,67.9754
06/09/2016,344.9941,2.1141,95.7400,67.9754
06/08/2016,342.8756,0.4756,95.7400,68.9328
06/07/2016,342.3973,1.4773,95.7400,68.9328
06/06/2016,340.9210,-0.4790,95.7400,68.9328
06/03/2016,341.3985,1.6985,95.7400,68.9328
06/02/2016,339.7002,-0.9998,95.7400,68.9328
06/01/2016,340.7010,0.5510,95.7400,68.9328
05/31/2016,340.1474,-3.3826,95.7400,68.9328
05/27/2016,343.5253,1.0753,95.7400,68.9328
05/26/2016,342.4491,-1.4809,95.7400,68.9328
05/25/2016,343.9330,0.2430,95.7400,70.8476
05/24/2016,343.6943,2.0043,95.7400,70.8476
05/23/2016,341.6851,-0.9049,95.7400,70.8476
05/20/2016,342.5855,-2.4145,95.7400,70.8476
05/19/2016,345.0046,0.9746,95.7400,70.8476
05/18/2016,344.0316,-1.5084,95.7400,64.1458
05/17/2016,345.5449,-1.1551,95.7400,64.1458
05/16/2016,346.6968,2.4268,95.7400,64.1458
05/13/2016,344.2741,0.6541,95.7400,64.1458
05/12/2016,343.6153,0.8253,95.7400,64.1458
05/11/2016,342.7938,1.9138,95.7400,66.0606
05/10/2016,340.8768,1.2068,95.7400,66.0606
05/09/2016,339.6690,-0.4810,95.7400,66.0606
05/06/2016,340.1461,1.6461,95.7400,66.0606
05/05/2016,338.5017,-1.4483,95.7400,66.0606
05/04/2016,339.9469,-1.4431,95.7400,68.9328
05/03/2016,341.3920,0.3020,95.7400,68.9328
05/02/2016,341.0890,-0.2210,95.7400,68.9328
04/29/2016,341.3131,-1.5969,95.7400,68.9328
04/28/2016,342.9065,0.9065,95.7400,68.9328
04/27/2016,342.0018,2.7318,95.7400,68.9328
04/26/2016,339.2665,-1.4035,95.7400,68.9328
04/25/2016,340.6746,0.6246,95.7400,68.9328
04/22/2016,340.0483,0.1483,95.7400,68.9328
04/21/2016,339.9008,-0.2792,95.7400,68.9328
04/20/2016,340.1822,-1.4878,95.7400,68.9328
04/19/2016,341.6735,1.0935,95.7400,68.9328
04/18/2016,340.5789,-1.5211,95.7400,68.9328
04/15/2016,342.1040,-0.5660,95.7400,68.9328
04/14/2016,342.6667,-1.2833,95.7400,68.9328
04/13/2016,343.9541,-3.6859,95.7400,62.2310
04/12/2016,347.6444,-0.6256,95.7400,62.2310
04/11/2016,348.2682,1.4882,95.7400,62.2310
04/08/2016,346.7798,-3.4602,95.7400,62.2310
04/07/2016,350.2411,2.4911,95.7400,67.0180
04/06/2016,347.7539,1.8639,95.7400,67.0180
04/05/2016,345.8947,1.0447,95.7400,67.0180
04/04/2016,344.8523,-0.1577,95.7400,67.0180
04/01/2016,345.0051,0.9451,95.7400,67.0180
03/31/2016,344.0641,-1.6059,95.7400,67.0180
03/30/2016,345.6660,-0.4240,95.7400,68.9328
03/29/2016,346.0888,0.6888,95.7400,68.9328
03/28/2016,345.4011,-0.9089,95.7400,68.9328
03/25/2016,346.3094,0.3694,95.7400,68.9328
03/24/2016,345.9362,0.4262,95.7400,68.9328
03/23/2016,345.5136,1.0536,95.7400,70.8476
03/22/2016,344.4581,-1.9119,95.7400,70.8476
03/21/2016,346.3693,-1.2507,95.7400,70.8476
03/18/2016,347.6201,-0.7599,95.7400,70.8476
03/17/2016,348.3770,0.9470,95.7400,70.8476
03/16/2016,347.4301,-2.3799,95.7400,70.8476
03/15/2016,349.8075,2.4975,95.7400,70.8476
03/14/2016,347.3055,2.3855,95.7400,70.8476
03/11/2016,344.9166,-1.9534,95.7400,70.8476
03/10/2016,346.8733,-2.2567,95.7400,70.8476
03/09/2016,349.1329,1.0229,95.7400,68.9328
03/08/2016,348.1126,-0.6474,95.7400,68.9328
03/07/2016,348.7582,-0.9718,95.7400,68.9328
03/04/2016,349.7285,0.3885,95.7400,68.9328
03/03/2016,349.3381,2.1681,95.7400,68.9328
03/02/2016,347.1738,0.6338,95.7400,68.9328
03/01/2016,346.5394,-2.4106,95.7400,68.9328
02/29/2016,348.9527,1.7027,95.7400,68.9328
02/26/2016,347.2457,4.7457,95.7400,68.9328
02/25/2016,342.4992,-1.1208,95.7400,68.9328
02/24/2016,343.6204,-1.7996,95.7400,69.8902
02/23/2016,345.4191,0.2491,95.7400,69.8902
02/22/2016,345.1731,0.7131,95.7400,69.8902
02/19/2016,344.4629,-6.4071,95.7400,69.8902
02/18/2016,350.8747,-1.3753,95.7400,69.8902
02/17/2016,352.2537,-0.2563,95.7400,69.8902
02/16/2016,352.5125,0.1825,95.7400,69.8902
02/15/2016,352.3320,-3.9380,95.7400,69.8902
02/12/2016,356.2660,0.0460,95.7400,69.8902
02/11/2016,356.2159,0.7459,95.7400,68.9328
02/10/2016,355.4716,-1.3784,95.7400,68.9328
02/09/2016,356.8451,-0.1149,95.7400,68.9328
02/08/2016,356.9600,0.0300,95.7400,68.9328
02/05/2016,356.9282,-0.1718,95.7400,68.9328
02/04/2016,357.1045,-0.7755,95.7400,68.9328
02/03/2016,357.8829,2.4929,95.7400,67.0180
02/02/2016,355.3852,-1.2048,95.7400,67.0180
02/01/2016,356.5921,-1.9679,95.7400,67.0180
01/29/2016,358.5590,0.1590,95.7400,67.0180
01/28/2016,358.4042,0.8342,95.7400,67.0180
01/27/2016,357.5659,-2.4941,95.7400,67.0180
01/26/2016,360.0629,-1.5171,95.7400,67.0180
01/25/2016,361.5813,0.2913,95.7400,67.0180
01/22/2016,361.2938,0.7638,95.7400,67.0180
01/21/2016,360.5300,-1.1200,95.7400,67.0180
01/20/2016,361.6545,1.9545,95.7400,64.1458
01/19/2016,359.7030,5.5230,95.7400,64.1458
01/18/2016,354.1788,-1.1312,95.7400,64.1458
01/15/2016,355.3101,-1.6299,95.7400,64.1458
01/14/2016,356.9369,-0.3831,95.7400,64.1458
01/13/2016,357.3169,0.1469,95.7400,62.2310
01/12/2016,357.1724,-5.6676,95.7400,62.2310
01/11/2016,362.8448,3.0548,95.7400,62.2310
01/08/2016,359.7896,1.7296,95.7400,62.2310
01/07/2016,358.0580,-0.8320,95.7400,62.2310
01/06/2016,358.8901,-1.3699,95.7400,65.1032
01/05/2016,360.2618,0.1218,95.7400,65.1032
01/04/2016,360.1420,-3.0880,95.7400,65.1032
12/31/2015,363.2269,0.1969,95.7400,65.1032
12/30/2015,363.0266,0.5466,95.7400,65.1032
12/29/2015,362.4771,2.2371,95.7400,65.1032
12/28/2015,360.2350,2.2950,95.7400,65.1032
12/24/2015,357.9374,-0.0726,95.7400,66.0606
12/23/2015,358.0063,1.2363,95.7400,66.0606
12/22/2015,356.7663,-2.6537,95.7400,66.0606
12/21/2015,359.4225,-2.9775,95.7400,66.0606
12/18/2015,362.4030,2.7930,95.7400,66.0606
12/17/2015,359.6118,-1.2882,95.7400,66.0606
12/16/2015,360.8981,-1.4619,95.7400,65.1032
12/15/2015,362.3601,2.0401,95.7400,65.1032
12/14/2015,360.3196,0.2896,95.7400,65.1032
12/11/2015,360.0320,-3.7580,95.7400,65.1032
12/10/2015,363.7863,1.4163,95.7400,65.1032
12/09/2015,362.3666,-0.0534,95.7400,65.1032
12/08/2015,362.4186,0.2486,95.7400,65.1032
12/07/2015,362.1678,-0.5522,95.7400,65.1032
12/04/2015,362.7193,0.4393,95.7400,65.1032
12/03/2015,362.2793,-0.4007,95.7400,65.1032
12/02/2015,362.6761,2.7361,95.7400,64.1458
12/01/2015,359.9356,-1.2544,95.7400,64.1458
11/30/2015,361.1879,-1.2621,95.7400,64.1458
11/27/2015,362.4456,-0.3744,95.7400,64.1458
11/25/2015,362.8220,-0.6780,95.7400,62.2310
11/24/2015,363.5024,1.3124,95.7400,62.2310
11/23/2015,362.1885,2.6585,95.7400,62.2310
11/20/2015,359.5252,-0.3148,95.7400,62.2310
11/19/2015,359.8425,-0.7475,95.7400,62.2310
11/18/2015,360.5858,-0.8942,95.7400,64.1458
11/17/2015,361.4830,0.4830,95.7400,64.1458
11/16/2015,361.0001,-2.5899,95.7400,64.1458
11/13/2015,363.5863,2.0863,95.7400,64.1458
11/12/2015,361.5035,1.7435,95.7400,63.1884
11/11/2015,359.7599,0.5799,95.7400,63.1884
11/10/2015,359.1824,-1.4276,95.7400,63.1884
11/09/2015,360.6132,3.9532,95.7400,63.1884
11/06/2015,356.6577,-0.4423,95.7400,63.1884
11/05/2015,357.0990,-0.3610,95.7400,63.1884
11/04/2015,357.4581,-0.2419,95.7400,62.2310
11/03/2015,357.6962,0.3262,95.7400,62.2310
11/02/2015,357.3716,-0.3184,95.7400,62.2310
10/30/2015,357.6898,-1.1902,95.7400,62.2310
10/29/2015,358.8766,1.7266,95.7400,62.2310
10/28/2015,357.1507,1.1707,95.7400,62.2310
10/27/2015,355.9768,-1.2332,95.7400,62.2310
10/26/2015,357.2125,-3.3875,95.7400,62.2310
10/23/2015,360.6018,0.8118,95.7400,62.2310
10/22/2015,359.7854,-2.4946,95.7400,62.2310
10/21/2015,362.2762,-1.7838,95.7400,63.1884
10/20/2015,364.0622,1.3522,95.7400,63.1884
10/19/2015,362.7131,2.7331,95.7400,63.1884
10/16/2015,359.9849,-0.1251,95.7400,63.1884
10/15/2015,360.1094,-0.3506,95.7400,63.1884
10/14/2015,360.4581,1.2281,95.7400,61.2736
10/13/2015,359.2283,0.1683,95.7400,61.2736
10/12/2015,359.0598,0.0698,95.7400,61.2736
10/09/2015,358.9871,-0.0629,95.7400,61.2736
10/08/2015,359.0496,0.4196,95.7400,61.2736
10/07/2015,358.6272,-1.4628,95.7400,63.1884
10/06/2015,360.0919,0.4819,95.7400,63.1884
10/05/2015,359.6052,0.1452,95.7400,63.1884
10/02/2015,359.4627,-0.6173,95.7400,63.1884
10/01/2015,360.0767,0.4567,95.7400,63.1884
09/30/2015,359.6247,0.6847,95.7400,63.1884
09/29/2015,358.9436,-0.5664,95.7400,63.1884
09/28/2015,359.5083,-1.6717,95.7400,63.1884
09/25/2015,361.1768,4.3468,95.7400,63.1884
09/24/2015,356.8330,-0.5470,95.7400,63.1884
09/23/2015,357.3808,0.3008,95.7400,66.0606
09/22/2015,357.0759,0.1959,95.7400,66.0606
09/21/2015,356.8765,-0.3835,95.7400,66.0606
09/18/2015,357.2551,-4.1249,95.7400,66.0606
09/17/2015,361.3826,1.2826,95.7400,66.0606
09/16/2015,360.0988,0.5488,95.7400,65.1032
09/15/2015,359.5462,0.1562,95.7400,65.1032
09/14/2015,359.3890,0.2590,95.7400,65.1032
09/11/2015,359.1296,2.8696,95.7400,65.1032
09/10/2015,356.2633,0.2333,95.7400,65.1032
09/09/2015,356.0316,-1.6584,95.7400,66.0606
09/08/2015,357.6930,-2.0970,95.7400,66.0606
09/04/2015,359.7890,-2.3110,95.7400,65.1032
09/03/2015,362.1016,0.0616,95.7400,65.1032
09/02/2015,362.0383,0.4383,95.7400,65.1032
09/01/2015,361.6000,2.9600,95.7400,65.1032
08/31/2015,358.6436,-0.1164,95.7400,65.1032
08/28/2015,358.7624,1.4324,95.7400,65.1032
08/27/2015,357.3293,1.3193,95.7400,65.1032
08/26/2015,356.0082,-0.1718,95.7400,67.0180
08/25/2015,356.1835,1.0835,95.7400,67.0180
08/24/2015,355.1001,0.1401,95.7400,67.0180
08/21/2015,354.9638,0.9238,95.7400,67.0180
08/20/2015,354.0350,-0.6850,95.7400,67.0180
08/19/2015,354.7174,-1.7826,95.7400,67.9754
08/18/2015,356.5017,-1.4683,95.7400,67.9754
08/17/2015,357.9684,0.3784,95.7400,67.9754
08/14/2015,357.5938,-0.1562,95.7400,67.9754
08/13/2015,357.7516,0.4516,95.7400,67.9754
08/12/2015,357.2997,1.5697,95.7400,67.9754
08/11/2015,355.7335,0.4035,95.7400,67.9754
08/10/2015,355.3346,1.5246,95.7400,67.9754
08/07/2015,353.8105,-0.8395,95.7400,67.9754
08/06/2015,354.6541,2.1241,95.7400,67.9754
08/05/2015,352.5332,0.1432,95.7400,67.0180
08/04/2015,352.3915,0.0315,95.7400,67.0180
08/03/2015,352.3615,-0.1085,95.7400,67.0180
07/31/2015,352.4677,0.1677,95.7400,67.0180
07/30/2015,352.3002,-1.1198,95.7400,67.0180
07/29/2015,353.4154,-0.1646,95.7400,67.0180
07/28/2015,353.5751,-1.7849,95.7400,67.0180
07/27/2015,355.3566,0.0366,95.7400,67.0180
07/24/2015,355.3232,-1.2168,95.7400,67.0180
07/23/2015,356.5426,-0.6974,95.7400,67.9754
07/22/2015,357.2442,-1.4558,95.7400,67.9754
07/21/2015,358.7017,0.2517,95.7400,67.9754
07/20/2015,358.4473,-2.1927,95.7400,67.9754
07/17/2015,360.6426,1.4926,95.7400,67.9754
07/16/2015,359.1532,0.0432,95.7400,67.9754
07/15/2015,359.1129,-0.0671,95.7400,67.9754
07/14/2015,359.1815,-1.9385,95.7400,67.9754
07/13/2015,361.1166,1.8166,95.7400,67.9754
07/10/2015,359.2973,-1.3927,95.7400,67.9754
07/09/2015,360.6923,0.2923,95.7400,67.9754
07/08/2015,360.4004,0.8204,95.7400,67.0180
07/07/2015,359.5822,1.7122,95.7400,67.0180
07/06/2015,357.8680,-2.9320,95.7400,67.0180
07/02/2015,360.7952,-0.4248,95.7400,67.0180
07/01/2015,361.2225,0.6725,95.7400,67.9754
06/30/2015,360.5481,0.5981,95.7400,67.9754
06/29/2015,359.9512,2.8512,95.7400,67.9754
06/26/2015,357.0995,3.0295,95.7400,67.9754
06/25/2015,354.0685,0.9585,95.7400,67.9754
06/24/2015,353.1123,1.7423,95.7400,69.8902
06/23/2015,351.3666,0.1366,95.7400,69.8902
06/22/2015,351.2326,2.0826,95.7400,69.8902
06/19/2015,349.1479,-0.7621,95.7400,69.8902
06/18/2015,349.9077,0.8677,95.7400,69.8902
06/17/2015,349.0426,-2.5074,95.7400,67.9754
06/16/2015,351.5536,0.7836,95.7400,67.9754
06/15/2015,350.7671,-4.6629,95.7400,67.9754
06/12/2015,355.4320,-1.0080,95.7400,67.9754
06/11/2015,356.4412,-0.4888,95.7400,68.9328
06/10/2015,356.9326,-0.0974,95.7400,68.9328
06/09/2015,357.0313,-0.4287,95.7400,68.9328
06/08/2015,357.4591,-1.5509,95.7400,68.9328
06/05/2015,359.0099,0.9799,95.7400,68.9328
06/04/2015,358.0279,-0.3721,95.7400,69.8902
06/03/2015,358.4014,1.0314,95.7400,69.8902
06/02/2015,357.3661,0.0361,95.7400,69.8902
06/01/2015,357.3285,1.1285,95.7400,69.8902
05/29/2015,356.2038,-0.2662,95.7400,69.8902
05/28/2015,356.4738,0.7738,95.7400,69.8902
05/27/2015,355.7018,-1.1582,95.7400,69.8902
05/26/2015,356.8552,0.5752,95.7400,69.8902
05/22/2015,356.2781,-0.3119,95.7400,69.8902
05/21/2015,356.5880,-0.8120,95.7400,69.8902
05/20/2015,357.3977,0.0677,95.7400,70.8476
05/19/2015,357.3337,-0.8563,95.7400,70.8476
05/18/2015,358.1852,-1.5048,95.7400,70.8476
05/15/2015,359.6896,0.2496,95.7400,70.8476
05/14/2015,359.4404,-1.3596,95.7400,70.8476
05/13/2015,360.7956,-0.6044,95.7400,70.8476
05/12/2015,361.4036,0.8536,95.7400,70.8476
05/11/2015,360.5455,-0.3845,95.7400,70.8476
05/08/2015,360.9295,0.4495,95.7400,70.8476
05/07/2015,360.4813,0.8813,95.7400,70.8476
05/06/2015,359.6022,1.0822,95.7400,69.8902
05/05/2015,358.5162,-0.5938,95.7400,69.8902
05/04/2015,359.1087,4.3387,95.7400,69.8902
05/01/2015,354.7667,-1.7033,95.7400,69.8902
04/30/2015,356.4669,-0.4731,95.7400,69.8902
04/29/2015,356.9377,0.4177,95.7400,64.1458
04/28/2015,356.5164,-1.3036,95.7400,64.1458
04/27/2015,357.8190,-3.7110,95.7400,64.1458
04/24/2015,361.5327,0.1927,95.7400,64.1458
04/23/2015,361.3359,-1.0341,95.7400,64.1458
04/22/2015,362.3732,-4.0768,95.7400,64.1458
04/21/2015,366.4462,-0.1638,95.7400,64.1458
04/20/2015,366.6084,-2.4616,95.7400,64.1458
04/17/2015,369.0745,0.7845,95.7400,64.1458
04/16/2015,368.2914,1.6114,95.7400,67.0180
04/15/2015,366.6764,-0.5436,95.7400,67.0180
04/14/2015,367.2215,2.1815,95.7400,67.0180
04/13/2015,365.0366,1.1466,95.7400,67.0180
04/10/2015,363.8937,-2.3863,95.7400,67.0180
04/09/2015,366.2779,0.2579,95.7400,67.0180
04/08/2015,366.0205,1.1705,95.7400,67.9754
04/07/2015,364.8498,-1.0502,95.7400,67.9754
04/06/2015,365.9042,1.2642,95.7400,67.9754
04/03/2015,364.6380,-2.6720,95.7400,67.9754
04/02/2015,367.3080,-0.3820,95.7400,67.9754
04/01/2015,367.6921,1.0021,95.7400,68.9328
03/31/2015,366.6937,-0.9963,95.7400,68.9328
03/30/2015,367.6899,-2.9701,95.7400,68.9328
03/27/2015,370.6579,2.7679,95.7400,68.9328
03/26/2015,367.8857,0.2157,95.7400,68.9328
03/25/2015,367.6705,-2.3495,95.7400,69.8902
03/24/2015,370.0177,0.1577,95.7400,69.8902
03/23/2015,369.8550,2.4150,95.7400,69.8902
03/20/2015,367.4362,0.5162,95.7400,69.8902
03/19/2015,366.9235,1.0935,95.7400,69.8902
03/18/2015,365.8275,-1.2725,95.7400,69.8902
03/17/2015,367.1005,0.5905,95.7400,69.8902
03/16/2015,366.5058,-0.7842,95.7400,69.8902
03/13/2015,367.2931,-0.9969,95.7400,69.8902
03/12/2015,368.2910,-4.2590,95.7400,69.8902
03/11/2015,372.5503,-0.1497,95.7400,68.9328
03/10/2015,372.6996,-1.0804,95.7400,68.9328
03/09/2015,373.7769,1.7369,95.7400,68.9328
03/06/2015,372.0416,6.5516,95.7400,68.9328
03/05/2015,365.4858,0.6158,95.7400,68.9328
03/04/2015,364.8659,0.4959,95.7400,67.9754
03/03/2015,364.3703,0.4303,95.7400,67.9754
03/02/2015,363.9416,-2.3884,95.7400,67.9754
02/27/2015,366.3263,-4.7837,95.7400,67.9754
02/26/2015,371.1119,4.3819,95.7400,67.9754
02/25/2015,366.7306,1.5806,95.7400,67.9754
02/24/2015,365.1521,-0.2979,95.7400,67.9754
02/23/2015,365.4469,4.3969,95.7400,67.9754
02/20/2015,361.0473,0.1373,95.7400,67.9754
02/19/2015,360.9059,-1.3241,95.7400,67.9754
02/18/2015,362.2299,0.0299,95.7400,69.8902
02/17/2015,362.2034,-0.1266,95.7400,69.8902
02/16/2015,362.3346,-2.6954,95.7400,69.8902
02/13/2015,365.0280,-2.4020,95.7400,69.8902
02/12/2015,367.4281,-2.5819,95.7400,69.8902
02/11/2015,370.0135,-0.9265,95.7400,67.9754
02/10/2015,370.9361,-3.2239,95.7400,67.9754
02/09/2015,374.1581,-1.1419,95.7400,67.9754
02/06/2015,375.2961,-1.9339,95.7400,67.9754
02/05/2015,377.2294,0.2194,95.7400,67.9754
02/04/2015,377.0105,1.1505,95.7400,67.9754
02/03/2015,375.8639,-0.2061,95.7400,67.9754
02/02/2015,376.0747,-2.7953,95.7400,67.9754
01/30/2015,378.8675,2.3275,95.7400,67.9754
01/29/2015,376.5424,-0.2476,95.7400,67.9754
01/28/2015,376.7854,-2.0846,95.7400,67.9754
01/27/2015,378.8664,1.0564,95.7400,67.9754
01/26/2015,377.8073,1.2973,95.7400,67.9754
01/23/2015,376.5115,-3.5285,95.7400,67.9754
01/22/2015,380.0368,-0.9332,95.7400,67.9754
01/21/2015,380.9723,-0.5477,95.7400,67.0180
01/20/2015,381.5172,9.1072,95.7400,67.0180
01/19/2015,372.4081,-2.6819,95.7400,67.0180
01/16/2015,375.0865,2.2765,95.7400,67.0180
01/15/2015,372.8071,0.0771,95.7400,67.0180
01/14/2015,372.7275,3.1875,95.7400,65.1032
01/13/2015,369.5378,-9.8022,95.7400,65.1032
01/12/2015,379.3397,0.1597,95.7400,65.1032
01/09/2015,379.1767,-0.4833,95.7400,65.1032
01/08/2015,379.6603,0.6003,95.7400,65.1032
01/07/2015,379.0604,-6.4996,95.7400,65.1032
01/06/2015,385.5557,-0.0143,95.7400,65.1032
01/05/2015,385.5711,9.3511,95.7400,65.1032
01/02/2015,376.2247,1.7247,95.7400,65.1032
12/31/2014,374.5038,-0.6862,95.7400,65.1032
12/30/2014,375.1936,1.1636,95.7400,67.0180
12/29/2014,374.0323,-0.8777,95.7400,67.0180
12/26/2014,374.9108,-2.1992,95.7400,67.0180
12/24/2014,377.1060,1.6460,95.7400,67.0180
12/23/2014,375.4557,-2.7743,95.7400,66.0606
12/22/2014,378.2335,-2.0365,95.7400,66.0606
12/19/2014,380.2686,0.9086,95.7400,66.0606
12/18/2014,379.3560,2.1760,95.7400,66.0606
12/17/2014,377.1770,-0.4530,95.7400,65.1032
12/16/2014,377.6270,2.3670,95.7400,65.1032
12/15/2014,375.2580,-0.7021,95.7400,65.1032
12/12/2014,375.9614,-4.3086,95.7400,65.1032
12/11/2014,380.2665,1.8365,95.7400,65.1032
12/10/2014,378.4284,0.3184,95.7400,65.1032
12/09/2014,378.1083,-1.5517,95.7400,65.1032
12/08/2014,379.6610,-5.1190,95.7400,65.1032
12/05/2014,384.7762,1.9662,95.7400,65.1032
12/04/2014,382.8138,-1.6762,95.7400,65.1032
12/03/2014,384.4880,2.0880,95.7400,65.1032
12/02/2014,382.4039,-1.6461,95.7400,65.1032
12/01/2014,384.0533,2.7233,95.7400,65.1032
11/28/2014,381.3283,-0.4418,95.7400,65.1032
11/26/2014,381.7731,-4.7169,95.7400,64.1458
11/25/2014,386.4944,-0.1356,95.7400,64.1458
11/24/2014,386.6328,1.8028,95.7400,64.1458
11/21/2014,384.8280,2.0680,95.7400,64.1458
11/20/2014,382.7567,1.1567,95.7400,64.1458
11/19/2014,381.5979,4.2479,95.7400,64.1458
11/18/2014,377.3517,0.6017,95.7400,64.1458
11/17/2014,376.7468,-2.8532,95.7400,64.1458
11/14/2014,379.6017,1.8117,95.7400,64.1458
11/13/2014,377.7869,0.6769,95.7400,64.1458
11/12/2014,377.1116,-1.2384,95.7400,64.1458
11/11/2014,378.3516,1.8016,95.7400,64.1458
11/10/2014,376.5471,-0.4829,95.7400,64.1458
11/07/2014,377.0310,0.3910,95.7400,64.1458
11/06/2014,376.6399,-2.3601,95.7400,64.1458
11/05/2014,379.0049,0.4649,95.7400,63.1884
11/04/2014,378.5363,-1.6537,95.7400,63.1884
11/03/2014,380.1898,2.9198,95.7400,63.1884
10/31/2014,377.2727,-1.9973,95.7400,63.1884
10/30/2014,379.2719,1.6119,95.7400,63.1884
10/29/2014,377.6592,-0.4208,95.7400,62.2310
10/28/2014,378.0836,0.3736,95.7400,62.2310
10/27/2014,377.7078,-0.6922,95.7400,62.2310
10/24/2014,378.3975,0.6575,95.7400,62.2310
10/23/2014,377.7426,0.0526,95.7400,62.2310
10/22/2014,377.6915,0.0515,95.7400,61.2736
10/21/2014,377.6441,-2.0759,95.7400,61.2736
10/20/2014,379.7197,1.4997,95.7400,61.2736
10/16/2014,378.9461,-0.6539,95.7400,61.2736
10/15/2014,379.5989,1.2089,95.7400,62.2310
10/14/2014,378.3949,1.9649,95.7400,62.2310
10/13/2014,376.4293,2.0893,95.7400,62.2310
10/10/2014,374.3404,0.6904,95.7400,62.2310
10/09/2014,373.6456,0.1156,95.7400,62.2310
10/08/2014,373.5305,0.8205,95.7400,62.2310
10/07/2014,372.7126,-0.3074,95.7400,62.2310
10/06/2014,373.0182,-1.2818,95.7400,62.2310
10/03/2014,374.3033,0.0133,95.7400,62.2310
10/02/2014,374.2894,0.7894,95.7400,62.2310
10/01/2014,373.4961,0.2061,95.7400,62.2310
09/30/2014,373.2937,0.9037,95.7400,62.2310
09/29/2014,372.3910,-0.8090,95.7400,62.2310
09/26/2014,373.1964,2.8964,95.7400,62.2310
09/25/2014,370.2992,0.2892,95.7400,62.2310
09/24/2014,370.0130,0.6130,95.7400,63.1884
09/23/2014,369.3980,0.9880,95.7400,63.1884
09/22/2014,368.4105,0.2005,95.7400,63.1884
09/19/2014,368.2134,-1.2366,95.7400,63.1884
09/18/2014,369.4458,0.9958,95.7400,63.1884
09/17/2014,368.4494,-0.4406,95.7400,62.2310
09/16/2014,368.8938,-0.3862,95.7400,62.2310
09/15/2014,369.2825,0.0325,95.7400,62.2310
09/12/2014,369.2507,-0.2993,95.7400,62.2310
09/11/2014,369.5534,-0.6766,95.7400,62.2310
09/10/2014,370.2298,2.7198,95.7400,62.2310
09/09/2014,367.5074,0.9474,95.7400,62.2310
09/08/2014,366.5626,0.1926,95.7400,62.2310
09/05/2014,366.3694,1.3094,95.7400,62.2310
09/04/2014,365.0559,-0.0341,95.7400,62.2310
09/03/2014,365.0919,-3.6481,95.7400,63.1884
09/02/2014,368.7435,2.2835,95.7400,63.1884
08/29/2014,366.4609,-0.7291,95.7400,63.1884
08/28/2014,367.1863,1.2763,95.7400,63.1884
08/27/2014,365.9147,1.8247,95.7400,63.1884
08/26/2014,364.0852,1.5552,95.7400,63.1884
08/25/2014,362.5253,-1.4747,95.7400,63.1884
08/22/2014,364.0027,2.1127,95.7400,63.1884
08/21/2014,361.8949,-0.0051,95.7400,63.1884
08/20/2014,361.9029,0.4529,95.7400,67.0180
08/19/2014,361.4468,0.5568,95.7400,67.0180
08/18/2014,360.8891,0.3391,95.7400,67.0180
08/15/2014,360.5496,-0.3204,95.7400,67.0180
08/14/2014,360.8723,2.3623,95.7400,67.0180
08/13/2014,358.5093,-1.6107,95.7400,64.1458
08/12/2014,360.1220,-0.7580,95.7400,64.1458
08/11/2014,360.8764,1.9064,95.7400,64.1458
08/08/2014,358.9652,-1.5248,95.7400,64.1458
08/07/2014,360.4927,-1.9973,95.7400,64.1458
08/06/2014,362.4920,0.9120,95.7400,64.1458
08/05/2014,361.5846,-2.4954,95.7400,64.1458
08/04/2014,364.0751,-0.3649,95.7400,64.1458
08/01/2014,364.4367,2.0867,95.7400,64.1458
07/31/2014,362.3514,1.6914,95.7400,64.1458
07/30/2014,360.6588,-1.9012,95.7400,65.1032
07/29/2014,362.5550,2.9450,95.7400,65.1032
07/28/2014,359.6149,-0.6251,95.7400,65.1032
07/25/2014,360.2440,-1.6260,95.7400,65.1032
07/24/2014,361.8710,1.3510,95.7400,65.1032
07/23/2014,360.5241,1.8641,95.7400,65.1032
07/22/2014,358.6581,-1.1619,95.7400,65.1032
07/21/2014,359.8164,1.6064,95.7400,65.1032
07/18/2014,358.2088,-2.0612,95.7400,65.1032
07/17/2014,360.2655,-2.1245,95.7400,65.1032
07/16/2014,362.3907,0.8207,95.7400,66.0606
07/15/2014,361.5704,-0.8796,95.7400,66.0606
07/14/2014,362.4489,-0.1611,95.7400,66.0606
07/11/2014,362.6129,2.2429,95.7400,66.0606
07/10/2014,360.3655,0.8655,95.7400,66.0606
07/09/2014,359.4980,-2.4220,95.7400,67.9754
07/08/2014,361.9231,-0.0869,95.7400,67.9754
07/07/2014,362.0060,0.9660,95.7400,67.9754
07/03/2014,361.0406,1.0206,95.7400,67.9754
07/02/2014,360.0150,0.2750,95.7400,68.9328
07/01/2014,359.7353,1.2353,95.7400,68.9328
06/30/2014,358.5008,0.0208,95.7400,68.9328
06/27/2014,358.4756,0.0256,95.7400,68.9328
06/26/2014,358.4499,0.0699,95.7400,68.9328
06/25/2014,358.3797,-0.7003,95.7400,69.8902
06/24/2014,359.0814,-0.3586,95.7400,69.8902
06/23/2014,359.4366,0.2366,95.7400,69.8902
06/20/2014,359.1988,0.6888,95.7400,69.8902
06/19/2014,358.5136,-0.6664,95.7400,69.8902
06/18/2014,359.1805,0.9005,95.7400,70.8476
06/17/2014,358.2803,-1.0297,95.7400,70.8476
06/16/2014,359.3136,1.4036,95.7400,70.8476
06/13/2014,357.9080,-2.8620,95.7400,70.8476
06/12/2014,360.7694,0.7894,95.7400,70.8476
06/11/2014,359.9836,-0.9364,95.7400,69.8902
06/10/2014,360.9163,-1.1237,95.7400,69.8902
06/09/2014,362.0413,-2.7287,95.7400,69.8902
06/06/2014,364.7700,0.5300,95.7400,69.8902
06/05/2014,364.2363,-0.6337,95.7400,69.8902
06/04/2014,364.8718,1.4318,95.7400,69.8902
06/03/2014,363.4409,2.4009,95.7400,69.8902
06/02/2014,361.0385,0.3785,95.7400,69.8902
05/30/2014,360.6611,0.2111,95.7400,69.8902
05/29/2014,360.4468,-0.9732,95.7400,69.8902
05/28/2014,361.4185,-0.5715,95.7400,70.8476
05/27/2014,361.9891,-2.2509,95.7400,70.8476
05/23/2014,364.2418,-2.4782,95.7400,70.8476
05/22/2014,366.7228,-0.1172,95.7400,70.8476
05/21/2014,366.8392,-0.5308,95.7400,70.8476
05/20/2014,367.3715,-1.4485,95.7400,70.8476
05/19/2014,368.8194,-0.5806,95.7400,70.8476
05/16/2014,369.4016,-1.0984,95.7400,70.8476
05/15/2014,370.4997,-0.6203,95.7400,70.8476
05/14/2014,371.1173,-0.2427,95.7400,70.8476
05/13/2014,371.3552,-0.1348,95.7400,70.8476
05/12/2014,371.4917,0.0217,95.7400,70.8476
05/09/2014,371.4722,0.8922,95.7400,70.8476
05/08/2014,370.5754,-1.0246,95.7400,70.8476
05/07/2014,371.6028,1.1028,95.7400,61.2736
05/06/2014,370.4984,-1.1416,95.7400,61.2736
05/05/2014,371.6408,2.3708,95.7400,61.2736
05/02/2014,369.2747,-2.0353,95.7400,61.2736
05/01/2014,371.3068,0.5268,95.7400,61.2736
04/30/2014,370.7810,-1.3990,95.7400,67.0180
04/29/2014,372.1841,0.0441,95.7400,67.0180
04/28/2014,372.1405,-2.3195,95.7400,67.0180
04/25/2014,374.4610,0.6810,95.7400,67.0180
04/24/2014,373.7766,0.4866,95.7400,67.0180
04/23/2014,373.2905,0.1305,95.7400,68.9328
04/22/2014,373.1599,1.8099,95.7400,68.9328
04/21/2014,371.3496,1.7096,95.7400,68.9328
04/18/2014,369.6368,0.5768,95.7400,68.9328
04/17/2014,369.0556,-1.1444,95.7400,68.9328
04/16/2014,370.1997,0.1097,95.7400,67.9754
04/15/2014,370.0927,-1.5973,95.7400,67.9754
04/14/2014,371.6876,-2.3224,95.7400,67.9754
04/11/2014,374.0082,0.5882,95.7400,67.9754
04/10/2014,373.4202,1.5502,95.7400,67.9754
04/09/2014,371.8689,-1.5211,95.7400,67.9754
04/08/2014,373.3875,-0.1625,95.7400,67.9754
04/07/2014,373.5502,2.3202,95.7400,67.9754
04/04/2014,371.2317,-1.4583,95.7400,67.9754
04/03/2014,372.6858,-0.9242,95.7400,67.9754
04/02/2014,373.6131,3.2531,95.7400,67.9754
04/01/2014,370.3589,-0.9711,95.7400,67.9754
03/31/2014,371.3315,-2.9485,95.7400,67.9754
03/28/2014,374.2805,3.5905,95.7400,67.9754
03/27/2014,370.6872,0.1672,95.7400,67.9754
03/26/2014,370.5219,-1.4381,95.7400,67.9754
03/25/2014,371.9614,0.1014,95.7400,67.9754
03/24/2014,371.8603,0.7003,95.7400,67.9754
03/21/2014,371.1568,-3.2332,95.7400,67.9754
03/20/2014,374.3881,-1.8019,95.7400,67.9754
03/19/2014,376.1872,0.6072,95.7400,67.9754
03/18/2014,375.5819,1.4519,95.7400,67.9754
03/17/2014,374.1286,-0.6914,95.7400,67.9754
03/14/2014,374.8230,4.1430,95.7400,67.9754
03/13/2014,370.6833,1.1633,95.7400,67.9754
03/12/2014,369.5212,0.3012,95.7400,67.0180
03/11/2014,369.2225,-2.7575,95.7400,67.0180
03/10/2014,371.9797,2.0997,95.7400,67.0180
03/07/2014,369.8790,-1.0410,95.7400,67.0180
03/06/2014,370.9197,0.8997,95.7400,67.0180
03/05/2014,370.0192,-1.0008,95.7400,67.9754
03/04/2014,371.0243,2.5943,95.7400,67.9754
03/03/2014,368.4280,2.3980,95.7400,67.9754
02/28/2014,366.0260,-1.9840,95.7400,67.9754
02/27/2014,368.0058,-0.5542,95.7400,67.9754
02/26/2014,368.5610,0.1910,95.7400,67.0180
02/25/2014,368.3691,0.6691,95.7400,67.0180
02/24/2014,367.7037,-1.5164,95.7400,67.0180
02/21/2014,369.2234,-3.7566,95.7400,67.0180
02/20/2014,372.9792,0.0292,95.7400,67.0180
02/19/2014,372.9485,0.5185,95.7400,67.0180
02/18/2014,372.4338,-2.7462,95.7400,67.0180
02/17/2014,375.1762,5.4962,95.7400,67.0180
02/14/2014,369.6811,0.0211,95.7400,67.0180
02/13/2014,369.6570,0.3270,95.7400,67.0180
02/12/2014,369.3308,-2.6692,95.7400,67.9754
02/11/2014,371.9977,2.2177,95.7400,67.9754
02/10/2014,369.7754,0.3454,95.7400,67.9754
02/07/2014,369.4268,4.6668,95.7400,67.9754
02/06/2014,364.7597,0.3697,95.7400,67.9754
02/05/2014,364.3938,1.5138,95.7400,67.0180
02/04/2014,362.8800,-0.3800,95.7400,67.0180
02/03/2014,363.2585,2.5785,95.7400,67.0180
01/31/2014,360.6779,-0.5821,95.7400,67.0180
01/30/2014,361.2573,1.0273,95.7400,67.0180
01/29/2014,360.2305,0.9105,95.7400,67.0180
01/28/2014,359.3165,1.1565,95.7400,67.0180
01/27/2014,358.1582,-5.3818,95.7400,67.0180
01/24/2014,363.5444,-2.5256,95.7400,67.0180
01/23/2014,366.0679,-1.9021,95.7400,67.0180
01/22/2014,367.9671,-0.6329,95.7400,65.1032
01/21/2014,368.6001,-0.2699,95.7400,65.1032
01/20/2014,368.8661,5.4561,95.7400,65.1032
01/17/2014,363.4086,-1.6714,95.7400,65.1032
01/16/2014,365.0839,0.4339,95.7400,65.1032
01/15/2014,364.6488,-2.3112,95.7400,64.1458
01/14/2014,366.9635,0.1735,95.7400,64.1458
01/13/2014,366.7942,-1.7458,95.7400,64.1458
01/10/2014,368.5380,0.2680,95.7400,64.1458
01/09/2014,368.2671,-0.4629,95.7400,63.1884
01/08/2014,368.7314,1.6714,95.7400,63.1884
01/07/2014,367.0616,0.4716,95.7400,63.1884
01/06/2014,366.5913,2.5613,95.7400,63.1884
01/03/2014,364.0309,-4.5391,95.4463,62.9947
01/02/2014,368.5669,-1.3831,95.4463,62.9947
12/31/2013,369.9476,3.1676,95.4463,63.9490
12/30/2013,366.7822,4.1822,95.4463,63.9490
12/27/2013,362.5983,3.5283,95.4463,63.9490
12/26/2013,359.0662,-3.2438,95.4463,63.9490
12/24/2013,362.3062,-1.7738,95.4463,63.9490
12/23/2013,364.0801,0.2401,95.4463,63.9490
12/20/2013,363.8380,1.0780,95.4463,63.9490
12/19/2013,362.7641,4.4841,95.4463,63.9490
12/18/2013,358.2816,4.2616,95.4463,62.9947
12/17/2013,354.0194,-0.9106,95.4463,62.9947
12/16/2013,354.9269,-0.7031,95.4463,62.9947
12/13/2013,355.6275,0.5275,95.4463,62.9947
12/12/2013,355.1021,0.5321,95.4463,62.9947
12/11/2013,354.5701,-4.9199,95.4463,62.9947
12/10/2013,359.4924,0.1324,95.4463,62.9947
12/09/2013,359.3626,0.2526,95.4463,62.9947
12/06/2013,359.1063,2.0463,95.4463,62.9947
12/05/2013,357.0558,-0.2742,95.4463,62.9947
12/04/2013,357.3272,4.4572,95.4463,62.9947
12/03/2013,352.8686,1.4186,95.4463,62.9947
12/02/2013,351.4493,3.1693,95.4463,62.9947
11/29/2013,348.2849,1.4649,95.4463,62.9947
11/27/2013,346.8181,4.8181,95.4463,62.0400
11/26/2013,342.0011,1.5611,95.4463,62.0400
11/22/2013,332.6434,0.7234,95.4463,62.0400
11/21/2013,331.9236,-5.9964,95.4463,62.0400
11/20/2013,337.9203,0.1003,95.4463,62.0400
11/19/2013,337.8232,0.6032,95.4463,62.0400
11/18/2013,337.2188,-3.4012,95.4463,62.0400
11/15/2013,340.6185,0.6685,95.4463,62.0400
11/14/2013,339.9475,5.6175,95.4463,62.0400
11/13/2013,334.3252,4.2952,95.4463,62.9947
11/12/2013,330.0339,4.2239,95.4463,62.9947
11/08/2013,325.8127,4.0127,95.4463,62.9947
11/07/2013,321.8027,-0.3573,95.4463,62.9947
11/06/2013,322.1574,-1.2126,95.4463,60.1312
11/05/2013,323.3723,1.3823,95.4463,60.1312
11/04/2013,321.9906,3.5006,95.4463,60.1312
10/31/2013,313.1136,1.7736,95.4463,60.1312
10/30/2013,311.3387,1.5987,95.4463,61.0857
10/29/2013,309.7397,1.1997,95.4463,61.0857
10/28/2013,308.5363,2.5263,95.4463,61.0857
10/25/2013,306.0108,2.9708,95.4463,61.0857
10/24/2013,303.0408,0.1908,95.4463,61.0857
10/23/2013,302.8464,3.7564,95.4463,61.0857
10/22/2013,299.0896,1.0396,95.4463,62.0400
10/21/2013,298.0481,-2.4319,95.4463,62.0400
10/18/2013,300.4782,2.1082,95.4463,61.0857
10/17/2013,298.3712,14.3912,95.4463,61.0857
09/30/2013,283.9849,-0.3351,95.4463,61.0857
09/27/2013,284.3178,3.2978,95.4463,61.0857
09/26/2013,281.0227,0.9527,95.4463,61.0857
09/25/2013,280.0666,1.4266,95.4463,62.0400
09/24/2013,278.6425,-1.9875,95.4463,62.0400
09/23/2013,280.6272,-0.1928,95.4463,62.0400
09/20/2013,280.8242,4.8542,95.4463,62.0400
09/19/2013,275.9689,0.5889,95.4463,62.0400
09/18/2013,275.3793,1.0393,95.4463,63.9490
09/17/2013,274.3367,0.4967,95.4463,63.9490
09/16/2013,273.8448,-0.1252,95.4463,63.9490
09/13/2013,273.9738,-4.7562,95.4463,63.9490
09/12/2013,278.7332,-4.2368,95.4463,63.9490
09/11/2013,282.9716,0.1916,95.4463,64.9035
09/10/2013,282.7810,-0.0290,95.4463,64.9035
09/09/2013,282.8083,0.2483,95.4463,64.9035
09/06/2013,282.5644,6.6044,95.4463,64.9035
09/05/2013,275.9633,-1.2067,95.4463,64.9035
09/04/2013,277.1726,-2.7774,95.4463,65.8579
09/03/2013,279.9477,0.6877,95.4463,65.8579
08/30/2013,279.2632,1.4832,95.4463,65.8579
08/29/2013,277.7766,0.5066,95.4463,65.8579
08/28/2013,277.2688,-0.7712,95.4463,63.9490
08/27/2013,278.0430,-0.9270,95.4463,63.9490
08/26/2013,278.9690,-0.8010,95.4463,63.9490
08/23/2013,279.7745,1.4445,95.4463,63.9490
08/22/2013,278.3304,-3.5796,95.4463,63.9490
08/21/2013,281.9117,1.5117,95.4463,64.9035
08/20/2013,280.2956,-4.1244,95.4463,64.9035
08/19/2013,284.4177,2.2677,95.4463,64.9035
08/16/2013,282.1538,3.6538,95.4463,64.9035
08/15/2013,278.5005,0.1205,95.4463,64.9035
08/14/2013,278.3768,1.3468,95.4463,65.8579
08/13/2013,277.0261,1.6861,95.4463,65.8579
08/12/2013,275.3420,2.2320,95.4463,65.8579
08/09/2013,273.1097,3.4797,95.4463,65.8579
08/08/2013,269.6289,-1.0912,95.4463,64.9035
08/07/2013,270.7236,-0.4465,95.4463,64.9035
08/06/2013,271.1671,-0.1129,95.4463,64.9035
08/05/2013,271.2834,-3.3566,95.4463,64.9035
08/02/2013,274.6410,-1.3490,95.4463,64.9035
08/01/2013,275.9932,-2.6768,95.4463,64.9035
07/31/2013,278.6701,-0.5399,95.4463,63.9490
07/30/2013,279.2097,-1.3403,95.4463,63.9490
07/29/2013,280.5540,-2.3660,95.4463,63.9490
07/26/2013,282.9216,7.0716,95.4463,63.9490
07/25/2013,275.8457,0.4157,95.4463,63.9490
07/24/2013,275.4325,0.2725,95.4463,68.7214
07/23/2013,275.1601,-2.0699,95.4463,68.7214
07/22/2013,277.2327,-1.3873,95.4463,68.7214
07/19/2013,278.6243,2.1643,95.4463,68.7214
07/18/2013,276.4596,-2.3604,95.4463,68.7214
07/17/2013,278.8175,0.6475,95.4463,68.7214
07/16/2013,278.1717,1.6817,95.4463,68.7214
07/15/2013,276.4867,0.8267,95.4463,68.7214
07/12/2013,275.6640,-2.4260,95.4463,68.7214
07/10/2013,276.5678,0.0978,95.4463,67.7669
07/09/2013,276.4689,-3.5411,95.4463,67.7669
07/08/2013,280.0056,-1.3644,95.4463,67.7669
07/05/2013,281.3689,-2.4311,95.4463,67.7669
07/03/2013,283.8018,0.4918,95.4463,67.7669
07/02/2013,283.3064,-1.1136,95.4463,67.7669
07/01/2013,284.4231,-2.1569,95.4463,67.7669
06/28/2013,286.5773,5.1373,95.4463,67.7669
06/27/2013,281.4424,-5.9776,95.4463,67.7669
06/26/2013,287.4212,1.4412,95.4463,68.7214
06/25/2013,285.9762,-0.1838,95.4463,68.7214
06/24/2013,286.1551,0.9851,95.4463,68.7214
06/21/2013,285.1687,2.3487,95.4463,68.7214
06/20/2013,282.8169,0.3069,95.4463,68.7214
06/19/2013,282.5051,0.6951,95.4463,67.7669
06/18/2013,281.8135,-0.0765,95.4463,67.7669
06/17/2013,281.8871,-0.1629,95.4463,67.7669
06/14/2013,282.0521,2.5621,95.4463,67.7669
06/13/2013,279.4852,-0.5448,95.4463,68.7214
06/12/2013,280.0318,1.4218,95.4463,68.7214
06/11/2013,278.6124,-0.1576,95.4463,68.7214
06/10/2013,278.7741,1.5541,95.4463,68.7214
06/07/2013,277.2219,-1.7481,95.4463,68.7214
06/06/2013,278.9718,0.7918,95.4463,68.7214
06/05/2013,278.1810,-1.0090,95.4463,70.6304
06/04/2013,279.1914,0.5314,95.4463,70.6304
05/30/2013,283.9258,-0.2242,95.4463,67.7669
05/29/2013,284.1501,-2.0799,95.4463,67.7669
05/28/2013,286.2337,0.6337,95.4463,67.7669
05/24/2013,285.5981,2.0381,95.4463,67.7669
05/23/2013,283.5588,-0.8812,95.4463,67.7669
05/22/2013,284.4352,-0.7148,95.4463,62.9947
05/21/2013,285.1485,0.3785,95.4463,62.9947
05/20/2013,284.7684,2.1184,95.4463,62.9947
05/17/2013,282.6514,1.8914,95.4463,62.9947
05/16/2013,280.7571,-0.7129,95.4463,67.7669
05/15/2013,281.4696,1.0496,95.4463,67.7669
05/14/2013,280.4191,-0.1109,95.4463,67.7669
05/13/2013,280.5276,-1.6024,95.4463,67.7669
05/10/2013,282.1346,-0.7154,95.4463,67.7669
05/09/2013,282.8450,-2.1350,95.4463,71.5849
05/08/2013,284.9822,0.8822,95.4463,71.5849
05/07/2013,284.1026,-2.7974,95.4463,71.5849
05/06/2013,286.8992,1.7092,95.4463,71.5849
05/03/2013,285.1929,-0.3971,95.4463,71.5849
05/02/2013,285.5906,0.5506,95.4463,71.5849
05/01/2013,285.0363,0.5963,95.4463,71.5849
04/30/2013,284.4395,-1.0905,95.4463,71.5849
04/29/2013,285.5322,-2.4678,95.4463,71.5849
04/26/2013,288.0034,0.0534,95.4463,71.5849
04/25/2013,287.9505,-0.5495,95.4463,71.5849
04/24/2013,288.5006,0.1306,95.4463,70.6304
04/23/2013,288.3718,-1.8382,95.4463,70.6304
04/22/2013,290.2069,1.9169,95.4463,70.6304
04/19/2013,288.2927,-1.1273,95.4463,70.6304
04/18/2013,289.4236,0.4136,95.4463,64.9035
04/17/2013,289.0050,-0.3150,95.4463,64.9035
04/16/2013,289.3181,0.6481,95.4463,64.9035
04/15/2013,288.6653,0.5453,95.4463,64.9035
04/12/2013,288.1226,1.3926,95.4463,64.9035
04/11/2013,286.7329,-1.5771,95.4463,64.9035
04/10/2013,288.3136,0.6636,95.4463,67.7669
04/09/2013,287.6473,0.0173,95.4463,68.7214
04/08/2013,287.6311,-3.0189,95.4463,68.7214
04/05/2013,290.6476,2.5376,95.4463,68.7214
04/04/2013,288.1063,-1.6237,95.4463,68.7214
04/03/2013,289.7338,0.6238,95.4463,68.7214
04/02/2013,289.1064,-0.4036,95.4463,68.7214
04/01/2013,289.5111,-2.7289,95.4463,68.7214
03/29/2013,292.2415,-0.3285,95.4463,68.7214
03/28/2013,292.5656,1.6956,95.4463,68.7214
03/27/2013,290.8691,-1.0509,95.4463,69.6757
03/26/2013,291.9163,-1.1337,95.4463,69.6757
03/25/2013,293.0497,-0.3703,95.4463,69.6757
03/22/2013,293.4214,1.6614,95.4463,69.6757
03/21/2013,291.7643,-0.5257,95.4463,71.5849
03/20/2013,292.2868,3.9568,95.4463,71.5849
03/19/2013,288.3264,0.0564,95.4463,71.5849
03/18/2013,288.2708,1.9708,95.4463,71.5849
03/15/2013,286.2980,2.6280,95.4463,71.5849
03/14/2013,283.6738,-0.5362,95.4463,69.6757
03/13/2013,284.2142,-2.5458,95.4463,69.6757
03/12/2013,286.7592,-2.4708,95.4463,69.6757
03/11/2013,289.2272,0.5772,95.4463,69.6757
03/08/2013,288.6496,-2.6904,95.4463,69.6757
03/07/2013,291.3394,-1.9906,95.4463,69.6757
03/06/2013,293.3320,1.7720,95.4463,68.7214
03/05/2013,291.5576,-0.1324,95.4463,68.7214
03/04/2013,291.6939,1.6239,95.4463,68.7214
03/01/2013,290.0722,2.0422,95.4463,68.7214
02/28/2013,288.0317,-0.1083,95.4463,68.7214
02/27/2013,288.1374,0.6774,95.4463,67.7669
02/26/2013,287.4648,1.9248,95.4463,67.7669
02/25/2013,285.5350,-0.9350,95.4463,67.7669
02/22/2013,286.4742,-0.5758,95.4463,67.7669
02/21/2013,287.0511,0.7211,95.4463,69.6757
02/20/2013,286.3273,4.5773,95.4463,69.6757
02/19/2013,281.7454,-4.0746,95.4463,69.6757
02/15/2013,285.8228,-0.8972,95.4463,69.6757
02/14/2013,286.7230,-2.3570,95.4463,67.7669
02/13/2013,289.0759,-5.8841,95.4463,67.7669
02/12/2013,294.9570,-1.0430,95.4463,67.7669
02/11/2013,296.0042,6.8542,95.4463,67.7669
02/08/2013,289.1535,2.9335,95.4463,67.7669
02/07/2013,286.2155,-0.2645,95.4463,67.7669
02/06/2013,286.4849,-0.4951,95.4463,67.7669
02/05/2013,286.9807,-0.9693,95.4463,67.7669
02/04/2013,287.9469,-3.5531,95.4463,67.7669
02/01/2013,291.5017,-0.4683,95.4463,67.7669
01/31/2013,291.9727,2.5827,95.4463,67.7669
01/30/2013,289.3899,-1.8601,95.4463,67.7669
01/29/2013,291.2491,2.0291,95.4463,67.7669
01/28/2013,289.2196,-1.7904,95.4463,67.7669
01/25/2013,291.0136,-2.5464,95.4463,67.7669
01/24/2013,293.5613,-3.5487,95.4463,67.7669
01/23/2013,297.1131,2.1531,95.4463,68.7214
01/22/2013,294.9579,0.1579,95.4463,68.7214
01/18/2013,294.8048,3.2048,95.4463,68.7214
01/17/2013,291.6034,-2.1266,95.4463,68.7214
01/16/2013,293.7294,0.3294,95.4463,64.9035
01/15/2013,293.4014,-1.4586,95.4463,64.9035
01/14/2013,294.8630,-4.2970,95.4463,64.9035
01/11/2013,299.1603,-0.9897,95.4463,64.9035
01/10/2013,300.1520,-3.0780,95.4463,64.9035
01/09/2013,303.2309,0.7709,95.4463,64.9035
01/08/2013,302.4582,2.7682,95.4463,64.9035
01/04/2013,298.9132,4.3632,95.4463,64.9035
01/03/2013,294.5517,-0.9983,95.4463,64.9035
01/02/2013,295.5456,-0.0144,95.4463,66.8126
12/31/2012,295.5575,-3.1425,95.4463,66.8126
12/28/2012,298.6956,-3.5744,95.4463,66.8126
12/27/2012,302.2723,-1.4577,95.4463,66.8126
12/26/2012,303.7314,2.9114,95.4463,67.7669
12/21/2012,300.8237,2.1937,95.4463,67.7669
12/20/2012,298.6255,-0.0045,95.4463,67.7669
12/18/2012,298.8219,-0.1881,95.4463,67.7669
12/17/2012,299.0085,-1.1115,95.4463,67.7669
12/14/2012,300.1236,0.7936,95.4463,67.7669
12/13/2012,299.3252,-1.9948,95.4463,67.7669
12/12/2012,301.3233,3.7333,95.4463,66.8126
12/11/2012,297.5903,-1.4497,95.4463,66.8126
12/10/2012,299.0360,0.8960,95.4463,66.8126
12/07/2012,298.1446,-0.0454,95.4463,66.8126
12/06/2012,298.1873,-2.1028,95.4463,66.8126
12/05/2012,300.2865,-0.9935,95.4463,67.7669
12/04/2012,301.2752,0.7352,95.4463,67.7669
12/03/2012,300.5350,-0.7650,95.4463,67.7669
11/30/2012,301.3005,0.2205,95.4463,67.7669
11/29/2012,301.0831,-0.2869,95.4463,67.7669
11/28/2012,301.3662,-1.9638,95.4463,65.8579
11/27/2012,303.3305,-0.9095,95.4463,65.8579
11/26/2012,304.2430,-0.0370,95.4463,65.8579
11/23/2012,304.2808,2.7608,95.4463,65.8579
11/21/2012,301.5228,-0.3572,95.4463,68.7214
11/20/2012,301.8797,0.3897,95.4463,68.7214
11/19/2012,301.4945,0.6245,95.4463,68.7214
11/16/2012,300.8716,-0.7784,95.4463,68.7214
11/15/2012,301.6514,-2.2186,95.4463,68.7214
11/14/2012,303.8685,0.3285,95.4463,63.9490
11/13/2012,303.5413,-1.5587,95.4463,63.9490
11/12/2012,305.1049,1.8049,95.4463,63.9490
11/09/2012,303.2961,-0.2839,95.4463,63.9490
11/08/2012,303.5759,-0.2341,95.4463,63.9490
11/07/2012,303.8121,0.9521,95.4463,68.7214
11/06/2012,302.8621,-0.1979,95.4463,68.7214
11/05/2012,303.0556,0.8756,95.4463,68.7214
11/02/2012,302.1813,0.0613,95.4463,68.7214
11/01/2012,302.1189,-1.4811,95.4463,68.7214
10/31/2012,303.6043,-0.7057,95.4463,70.6304
10/30/2012,302.2363,-0.1837,95.4463,70.6304
10/29/2012,302.4243,2.0943,95.4463,70.6304
10/26/2012,300.3273,0.7973,95.4463,70.6304
10/25/2012,299.5348,-2.2952,95.4463,70.6304
10/24/2012,301.8305,-2.2495,95.4463,69.6757
10/23/2012,304.0753,-2.4047,95.4463,69.6757
10/22/2012,306.4785,-1.8115,95.4463,69.6757
10/19/2012,308.2893,0.5693,95.4463,69.6757
10/18/2012,307.7207,-0.3793,95.4463,69.6757
10/17/2012,308.1047,0.7047,95.4463,70.6304
10/16/2012,307.4015,-0.6485,95.4463,70.6304
10/15/2012,308.0475,-1.5125,95.4463,70.6304
10/11/2012,310.7101,-1.5599,95.4463,70.6304
10/10/2012,312.2730,-0.2770,95.4463,70.6304
10/09/2012,312.5512,0.5512,95.4463,70.6304
10/08/2012,312.0002,-0.5398,95.4463,70.6304
10/05/2012,312.5388,1.3688,95.4463,70.6304
10/04/2012,311.1685,-2.8115,95.4463,70.6304
10/03/2012,313.9783,2.9683,95.4463,71.5849
10/02/2012,311.0058,-1.9842,95.4463,71.5849
10/01/2012,312.9876,1.8376,95.4463,71.5849
09/28/2012,311.1508,0.2808,95.4463,71.5849
09/27/2012,310.8655,2.0955,95.4463,71.5849
09/26/2012,308.7722,-5.6578,95.4463,72.5391
09/25/2012,314.4318,-1.1182,95.4463,72.5391
09/24/2012,315.5538,3.2238,95.4463,72.5391
09/21/2012,312.3335,-0.7965,95.4463,72.5391
09/20/2012,313.1315,-1.6685,95.4463,72.5391
09/19/2012,314.8042,1.6842,95.4463,70.6304
09/18/2012,313.1192,-1.8308,95.4463,70.6304
09/17/2012,314.9533,-2.1268,95.4463,70.6304
09/14/2012,317.0751,1.2851,95.4463,70.6304
09/13/2012,315.7872,-0.5728,95.4463,70.6304
09/12/2012,316.3646,-1.7754,95.4463,69.6757
09/11/2012,318.1388,1.7888,95.4463,69.6757
09/10/2012,316.3452,2.5552,95.4463,69.6757
09/07/2012,313.7927,0.2327,95.4463,69.6757
09/06/2012,313.5577,-2.3323,95.4463,69.6757
09/05/2012,315.8884,3.1684,95.4463,65.8579
09/04/2012,312.7225,-2.3675,95.4463,65.8579
08/31/2012,315.0868,-1.4332,95.4463,65.8579
08/30/2012,316.5219,-0.4781,95.4463,65.8579
08/29/2012,317.0025,-3.8675,95.4463,69.6757
08/28/2012,320.8653,-0.1447,95.4463,69.6757
08/27/2012,321.0057,0.1757,95.4463,69.6757
08/24/2012,320.8250,0.9250,95.4463,69.6757
08/23/2012,319.9040,-0.3760,95.4463,69.6757
08/22/2012,320.2752,2.3852,95.4463,71.5849
08/21/2012,317.8899,0.1999,95.4463,71.5849
08/20/2012,317.6905,-2.7195,95.4463,71.5849
08/17/2012,320.4109,0.1809,95.4463,71.5849
08/16/2012,320.2349,-1.5251,95.4463,71.5849
08/15/2012,321.7616,-1.0184,95.4463,68.7214
08/14/2012,322.7843,0.2543,95.4463,68.7214
08/13/2012,322.5288,-0.7812,95.4463,68.7214
08/10/2012,323.3083,1.3283,95.4463,68.7214
08/09/2012,321.9758,-2.4442,95.4463,68.7214
08/08/2012,324.4230,1.0330,95.4463,67.7669
08/07/2012,323.3928,0.0128,95.4463,67.7669
08/06/2012,323.3773,2.1173,95.4463,67.7669
08/03/2012,321.2575,-0.8725,95.4463,67.7669
08/02/2012,322.1314,,95.4463,67.7669
08/01/2012,324.9587,0.2287,95.4463,68.7214
07/31/2012,324.7281,-0.4519,95.4463,68.7214
07/30/2012,325.1847,-4.1153,95.4463,68.7214
07/27/2012,329.2962,-0.4938,95.4463,68.7214
07/26/2012,329.7866,3.4966,95.4463,68.7214
07/25/2012,326.2898,-0.0002,95.4463,72.5391
07/24/2012,326.2868,-1.3332,95.4463,72.5391
07/23/2012,327.6186,0.2886,95.4463,72.5391
07/20/2012,327.3349,-0.0151,95.4463,72.5391
07/19/2012,327.3467,-4.6933,95.4463,72.5391
07/17/2012,333.8339,0.0639,95.4463,72.5391
07/16/2012,333.7689,-1.2511,95.4463,72.5391
07/13/2012,335.0216,-0.3284,95.4463,72.5391
07/12/2012,335.3481,-0.2919,95.4463,72.5391
07/11/2012,335.6360,-0.1540,95.4463,72.5391
07/10/2012,335.7898,-3.1302,95.4463,72.5391
07/09/2012,328.3320,-11.8280,95.4463,72.5391
07/06/2012,340.1597,4.8197,95.4463,72.5391
07/05/2012,335.3449,-2.0651,95.4463,73.4936
07/03/2012,337.4124,0.2524,95.4463,73.4936
07/02/2012,337.1638,0.3638,95.4463,73.4936
06/29/2012,336.8021,-1.5479,95.4463,73.4936
06/28/2012,338.3473,-0.9727,95.4463,73.4936
06/27/2012,339.3153,-1.3347,95.4463,74.4482
06/26/2012,340.6528,1.1628,95.4463,74.4482
06/25/2012,339.4905,-3.2195,95.4463,74.4482
06/22/2012,342.7058,-0.1742,95.4463,74.4482
06/21/2012,342.8842,2.5442,95.4463,74.4482
06/20/2012,340.3445,-0.3655,95.4463,75.4026
06/19/2012,340.7127,-1.4473,95.4463,75.4026
06/18/2012,342.1630,1.6730,95.4463,75.4026
06/15/2012,340.4903,-0.9197,95.4463,75.4026
06/14/2012,341.4110,-2.5490,95.4463,75.4026
06/13/2012,343.9553,-2.0547,95.4463,75.4026
06/12/2012,346.0122,-0.9278,95.4463,75.4026
06/11/2012,346.9421,-6.0279,95.4463,75.4026
06/08/2012,352.9682,-0.6018,95.4463,75.4026
06/07/2012,353.5745,3.0145,95.4463,75.4026
06/06/2012,350.5587,0.5187,95.4463,74.4482
06/05/2012,350.0378,2.1778,95.4463,74.4482
06/04/2012,347.8602,1.3602,95.4463,74.4482
06/01/2012,346.5048,1.8848,95.4463,74.4482
05/31/2012,344.6203,-6.0697,95.4463,74.4482
05/30/2012,350.6877,0.7377,95.4463,75.4026
05/29/2012,349.9498,-5.4002,95.4463,75.4026
05/25/2012,355.3460,-0.3440,95.4463,75.4026
05/24/2012,355.6878,-0.7722,95.4463,75.4026
05/23/2012,356.4568,-0.3332,95.4463,77.3115
05/22/2012,356.7946,-0.4954,95.4463,77.3115
05/21/2012,357.2921,0.2221,95.4463,77.3115
05/14/2012,355.0445,-1.0455,95.4463,75.4000
02/15/2012,382.9738,0.8938,95.4463,74.4500
