Report Date,HINDSADDLE PRICE,HINDSADDLE CHANGE,HINDSADDLE %,HINDSADDLE WEIGHT
06/29/2020,376.2473,2.7491,49.0500,32.8635
06/26/2020,373.4982,-0.1104,49.0500,32.8635
06/25/2020,373.6086,1.4829,49.0500,32.8635
06/24/2020,372.1257,-5.3781,49.0500,33.8445
06/23/2020,377.5038,1.0892,49.0500,33.8445
06/22/2020,376.4146,-9.0485,49.0500,33.8445
06/19/2020,385.4631,-0.1251,49.0500,33.8445
06/18/2020,385.5882,-3.5543,49.0500,33.8445
06/17/2020,389.1425,0.0782,49.0500,34.3350
06/16/2020,389.0643,-0.7927,49.0500,34.3350
06/15/2020,389.8570,3.5942,49.0500,34.3350
06/12/2020,386.2628,-1.7339,49.0500,34.3350
06/11/2020,387.9967,2.9813,49.0500,34.3350
06/10/2020,385.0154,1.0408,49.0500,32.8635
06/09/2020,383.9746,-5.3373,49.0500,32.8635
06/08/2020,389.3119,4.3371,49.0500,32.8635
06/05/2020,384.9748,2.5340,49.0500,32.8635
06/04/2020,382.4408,-0.5897,49.0500,32.8635
06/03/2020,383.0305,10.1363,49.0500,33.3540
06/02/2020,372.8942,-1.0970,49.0500,33.3540
06/01/2020,373.9912,-7.5854,49.0500,33.3540
05/29/2020,375.5143,-6.0623,49.0500,32.8635
05/28/2020,381.5766,7.8832,49.0500,33.3540
05/27/2020,373.6934,-3.5349,49.0500,32.8635
05/26/2020,377.2283,14.1964,49.0500,32.8635
05/22/2020,364.1882,1.1563,49.0500,32.8635
05/21/2020,363.0319,-1.9296,49.0500,32.8635
05/20/2020,364.9615,0.2497,49.0500,33.3540
05/19/2020,364.7118,-2.8848,49.0500,33.3540
05/18/2020,367.5966,-2.1018,49.0500,33.3540
05/15/2020,369.6984,2.9601,49.0500,33.3540
05/14/2020,366.7383,4.4350,49.0500,33.3540
05/13/2020,362.3033,-2.4268,49.0500,30.4110
05/12/2020,364.7301,0.8516,49.0500,30.4110
05/11/2020,363.8785,-4.5072,49.0500,30.4110
05/08/2020,368.3857,0.5207,49.0500,30.4110
05/07/2020,367.8650,-1.6228,49.0500,30.4110
05/06/2020,369.4878,-1.3917,49.0500,29.4300
05/05/2020,370.8795,-0.4324,49.0500,29.4300
05/04/2020,371.3119,1.2358,49.0500,29.4300
05/01/2020,370.0761,-1.9788,49.0500,29.4300
04/30/2020,372.0549,-4.2140,49.0500,29.4300
04/29/2020,376.2689,2.7444,49.0500,31.8825
04/28/2020,373.5245,8.2110,49.0500,31.8825
04/27/2020,365.3135,-18.3504,49.0500,31.8825
04/24/2020,383.6639,-0.3311,49.0500,31.8825
04/23/2020,383.9950,-8.2019,49.0500,31.8825
04/22/2020,392.1969,-3.7040,49.0500,33.3540
04/21/2020,395.9009,-3.6409,49.0500,33.3540
04/20/2020,399.5418,-3.1007,49.0500,33.3540
04/17/2020,402.6425,-5.4212,49.0500,33.3540
04/16/2020,408.0637,2.8220,49.0500,33.3540
04/15/2020,405.2417,-2.0478,49.0500,34.3350
04/14/2020,407.2895,6.9816,49.0500,34.3350
04/13/2020,400.3079,0.7539,49.0500,34.3350
04/10/2020,399.5540,4.6653,49.0500,34.3350
04/09/2020,394.8887,-1.8740,49.0500,34.3350
04/08/2020,396.7627,3.0456,49.0500,32.3730
04/07/2020,393.7171,1.9389,49.0500,32.3730
04/06/2020,391.7782,-0.3542,49.0500,32.3730
04/03/2020,392.1324,-1.8909,49.0500,32.3730
04/02/2020,394.0233,0.0867,49.0500,32.3730
04/01/2020,393.9366,-0.0678,49.0500,33.3540
03/31/2020,394.0044,-1.9919,49.0500,33.3540
03/30/2020,395.9963,1.2628,49.0500,33.3540
03/27/2020,394.7335,0.1287,49.0500,33.3540
03/26/2020,394.6048,1.9793,49.0500,33.3540
03/25/2020,392.6255,-0.6010,49.0500,33.8445
03/24/2020,393.2265,-2.1227,49.0500,33.8445
03/23/2020,395.3492,4.2457,49.0500,33.8445
03/20/2020,391.1035,2.2984,49.0500,33.8445
03/19/2020,388.8051,0.0132,49.0500,33.8445
03/18/2020,388.7919,-3.0039,49.0500,33.8445
03/17/2020,391.7958,1.3723,49.0500,33.8445
03/16/2020,390.4235,-7.2890,49.0500,33.8445
03/13/2020,397.7125,-2.6206,49.0500,33.8445
03/12/2020,400.3331,-3.1694,49.0500,33.8445
03/11/2020,403.5025,-1.3509,49.0500,33.3540
03/10/2020,404.8534,-3.0168,49.0500,33.3540
03/09/2020,407.8702,-2.1925,49.0500,33.3540
03/06/2020,410.0627,-0.0840,49.0500,33.3540
03/05/2020,410.1467,8.2597,49.0500,33.3540
03/04/2020,401.8870,4.1993,49.0500,33.3540
03/03/2020,397.6877,4.1025,49.0500,33.3540
03/02/2020,393.5852,4.4672,49.0500,33.3540
02/28/2020,389.1180,0.5219,49.0500,33.3540
02/27/2020,388.5961,-0.7928,49.0500,33.3540
02/26/2020,389.3889,-0.3681,49.0500,33.3540
02/25/2020,389.7570,-4.1040,49.0500,33.3540
02/24/2020,393.8610,2.0976,49.0500,33.3540
02/21/2020,391.7634,0.7876,49.0500,33.3540
02/20/2020,390.9758,-4.8523,49.0500,33.3540
02/19/2020,395.8281,2.0192,49.0500,33.3540
02/18/2020,393.8089,-1.1256,49.0500,33.3540
02/17/2020,394.9345,-4.2876,49.0500,33.3540
02/14/2020,399.2221,-4.0552,49.0500,33.3540
02/13/2020,403.2773,6.9055,49.0500,33.3540
02/12/2020,396.3718,0.6674,49.0500,33.3540
02/11/2020,395.7044,3.0928,49.0500,33.3540
02/10/2020,392.6116,1.6517,49.0500,33.3540
02/07/2020,390.9599,1.5329,49.0500,33.3540
02/06/2020,389.4270,-1.0635,49.0500,33.3540
02/05/2020,390.4905,-0.2397,49.0500,32.8635
02/04/2020,390.7302,-2.0045,49.0500,32.8635
02/03/2020,392.7347,2.9078,49.0500,32.8635
01/31/2020,389.8269,3.5437,49.0500,32.8635
01/30/2020,386.2832,-0.3343,49.0500,32.8635
01/29/2020,386.6175,-0.3761,49.0500,32.8635
01/28/2020,386.9936,-0.7027,49.0500,32.8635
01/27/2020,387.6963,-0.4882,49.0500,32.8635
01/24/2020,388.1845,-3.7328,49.0500,32.8635
01/23/2020,391.9173,-3.6602,49.0500,32.8635
01/22/2020,395.5775,1.9565,49.0500,31.8825
01/21/2020,393.6210,2.8420,49.0500,31.8825
01/20/2020,390.7790,0.0985,49.0500,31.8825
01/17/2020,390.6805,0.0629,49.0500,31.8825
01/16/2020,390.6176,2.3410,49.0500,31.8825
01/15/2020,388.2766,-1.9047,49.0500,29.9205
01/14/2020,390.1813,-0.7911,49.0500,29.9205
01/13/2020,390.9724,-3.7050,49.0500,29.9205
01/10/2020,394.6774,-0.4812,49.0500,29.9205
01/09/2020,395.1586,-0.6714,49.0500,29.9205
01/08/2020,395.8300,0.3861,49.0500,30.9015
01/07/2020,395.4439,0.5179,49.0500,30.9015
01/06/2020,394.9260,1.3176,49.0500,30.9015
01/03/2020,408.6058,0.6740,45.5500,28.6965
01/02/2020,407.9318,1.9839,45.5500,29.1520
12/31/2019,405.9479,-3.1414,45.5500,29.1520
12/30/2019,409.0893,5.0324,45.5500,29.1520
12/27/2019,404.0569,-0.3350,45.5500,29.1520
12/26/2019,404.3919,7.4514,45.5500,30.0630
12/23/2019,396.9405,0.8684,45.5500,30.0630
12/20/2019,396.0721,5.0535,45.5500,28.6965
12/19/2019,391.0186,-0.3638,45.5500,28.6965
12/18/2019,391.3824,-1.4977,45.5500,28.6965
12/17/2019,392.8801,-1.9531,45.5500,28.6965
12/16/2019,394.8332,4.3702,45.5500,28.6965
12/13/2019,390.4630,-4.5598,45.5500,28.6965
12/12/2019,395.0228,1.6296,45.5500,28.6965
12/11/2019,393.3932,0.3244,45.5500,29.6075
12/10/2019,393.0688,-4.2714,45.5500,29.6075
12/09/2019,397.3402,2.0345,45.5500,29.6075
12/06/2019,395.3057,4.0016,45.5500,29.6075
12/05/2019,391.3041,-1.6254,45.5500,29.6075
12/04/2019,392.9295,3.8421,45.5500,29.1520
12/03/2019,389.0874,1.7186,45.5500,29.1520
12/02/2019,387.3688,-8.4112,45.5500,29.1520
11/29/2019,395.7800,-2.9434,45.5500,29.1520
11/27/2019,398.7234,-1.3600,45.5500,29.1520
11/26/2019,400.0834,3.4249,45.5500,29.1520
11/25/2019,396.6585,-0.0884,45.5500,29.1520
11/22/2019,396.7469,0.6678,45.5500,29.1520
11/21/2019,396.0791,-1.8952,45.5500,29.1520
11/20/2019,397.9743,-0.0657,45.5500,28.6965
11/19/2019,398.0400,-1.9314,45.5500,28.6965
11/18/2019,399.9714,2.2032,45.5500,28.6965
11/15/2019,397.7682,-0.5788,45.5500,28.6965
11/14/2019,398.3470,-2.4903,45.5500,28.6965
11/13/2019,400.8373,-3.6959,45.5500,29.1520
11/12/2019,404.5332,-1.6301,45.5500,29.1520
11/11/2019,406.1633,-0.0153,45.5500,29.1520
11/08/2019,406.1786,-0.2767,45.5500,29.1520
11/07/2019,406.4553,0.2508,45.5500,29.1520
11/06/2019,406.2045,7.3593,45.5500,29.1520
11/05/2019,398.8452,0.6096,45.5500,29.1520
11/04/2019,398.2356,-1.8335,45.5500,29.1520
11/01/2019,400.0691,0.1620,45.5500,29.1520
10/31/2019,399.9071,6.3674,45.5500,29.1520
10/30/2019,393.5397,-1.7015,45.5500,29.1520
10/29/2019,395.2412,-6.8186,45.5500,29.1520
10/28/2019,402.0598,-1.8764,45.5500,29.1520
10/25/2019,403.9362,0.3041,45.5500,29.1520
10/24/2019,403.6321,-7.5098,45.5500,29.1520
10/23/2019,411.1419,-2.2800,45.5500,28.6965
10/22/2019,413.4219,5.5459,45.5500,28.6965
10/21/2019,407.8760,3.2975,45.5500,28.6965
10/18/2019,404.5785,0.1055,45.5500,28.6965
10/17/2019,404.4730,7.8329,45.5500,28.6965
10/16/2019,396.6401,-3.5423,45.5500,28.6965
10/15/2019,400.1824,3.2202,45.5500,28.6965
10/14/2019,396.9622,-0.7433,45.5500,28.6965
10/11/2019,397.7055,-2.1258,45.5500,28.6965
10/10/2019,399.8313,0.4092,45.5500,28.6965
10/09/2019,399.4221,7.0470,45.5500,28.2410
10/08/2019,392.3751,-3.2795,45.5500,28.2410
10/07/2019,395.6546,0.4594,45.5500,28.2410
10/04/2019,395.1952,1.2577,45.5500,28.2410
10/03/2019,393.9375,1.3221,45.5500,28.2410
10/02/2019,392.6154,-2.6099,45.5500,28.6965
10/01/2019,395.2253,-2.0439,45.5500,28.6965
09/30/2019,397.2692,-0.1944,45.5500,28.6965
09/27/2019,397.4636,1.1597,45.5500,28.6965
09/26/2019,396.3039,3.2581,45.5500,28.6965
09/25/2019,393.0458,0.4930,45.5500,29.1520
09/24/2019,392.5528,1.8339,45.5500,29.1520
09/23/2019,390.7189,0.3842,45.5500,29.1520
09/20/2019,390.3347,-2.1048,45.5500,29.1520
09/19/2019,392.4395,-9.8975,45.5500,29.1520
09/18/2019,402.3370,0.2606,45.5500,29.6075
09/17/2019,402.0764,-2.4646,45.5500,29.6075
09/16/2019,404.5410,-3.4499,45.5500,29.6075
09/13/2019,407.9909,3.9324,45.5500,29.6075
09/12/2019,404.0585,-1.9473,45.5500,29.6075
09/11/2019,406.0058,-0.7307,45.5500,29.6075
09/10/2019,406.7365,5.7555,45.5500,29.6075
09/09/2019,400.9810,-3.0257,45.5500,29.6075
09/06/2019,404.0067,-2.9284,45.5500,29.6075
09/05/2019,406.9351,-1.3818,45.5500,29.6075
09/04/2019,408.3169,3.3658,45.5500,29.6075
09/03/2019,404.9511,4.3511,45.5500,29.6075
08/30/2019,400.6000,0.9935,45.5500,29.6075
08/29/2019,399.6065,0.8659,45.5500,29.6075
08/28/2019,398.7406,2.3029,45.5500,29.1520
08/27/2019,396.4377,4.2047,45.5500,29.1520
08/26/2019,392.2330,-1.9657,45.5500,29.1520
08/23/2019,394.1987,-0.4109,45.5500,29.1520
08/22/2019,394.6096,2.8556,45.5500,29.1520
08/21/2019,391.7540,-0.4550,45.5500,30.0630
08/20/2019,392.2090,-4.5312,45.5500,30.0630
08/19/2019,396.7402,-0.7629,45.5500,30.0630
08/16/2019,397.5031,1.2587,45.5500,30.0630
08/15/2019,396.2444,-4.0455,45.5500,30.0630
08/14/2019,400.2899,-0.4686,45.5500,29.6075
08/13/2019,400.7585,0.7757,45.5500,29.6075
08/12/2019,399.9828,-2.2523,45.5500,29.6075
08/09/2019,402.2351,-2.2058,45.5500,29.6075
08/08/2019,404.4409,1.3456,45.5500,29.6075
08/07/2019,403.0953,2.5820,45.5500,30.5185
08/06/2019,400.5133,-3.1288,45.5500,30.5185
08/05/2019,403.6421,7.9968,45.5500,30.5185
08/02/2019,395.6453,0.2501,45.5500,30.5185
08/01/2019,395.3952,-3.1231,45.5500,30.5185
07/31/2019,398.5183,-2.9361,45.5500,30.0630
07/30/2019,401.4544,2.6732,45.5500,30.0630
07/29/2019,398.7812,-5.9384,45.5500,30.0630
07/26/2019,404.7196,-1.8743,45.5500,30.0630
07/25/2019,406.5939,2.3871,45.5500,30.0630
07/24/2019,404.2068,-6.9079,45.5500,29.1520
07/23/2019,411.1147,-3.0510,45.5500,29.1520
07/22/2019,414.1657,4.4869,45.5500,29.1520
07/19/2019,409.6788,2.1712,45.5500,29.1520
07/18/2019,407.5076,2.8995,45.5500,29.1520
07/17/2019,404.6081,3.0279,45.5500,30.0630
07/16/2019,401.5802,2.8758,45.5500,30.0630
07/15/2019,398.7044,-4.0510,45.5500,30.0630
07/12/2019,402.7554,3.6391,45.5500,30.0630
07/11/2019,399.1163,-5.7389,45.5500,30.0630
07/10/2019,404.8552,1.2684,45.5500,30.9740
07/09/2019,403.5868,4.4648,45.5500,30.9740
07/08/2019,399.1220,-1.6415,45.5500,30.9740
07/05/2019,400.7635,-2.1448,45.5500,31.4295
07/03/2019,402.9083,3.4835,45.5500,31.4295
07/02/2019,399.4248,-6.0697,45.5500,31.4295
07/01/2019,405.4945,4.6431,45.5500,31.4295
06/28/2019,400.8514,1.2781,45.5500,31.4295
06/27/2019,399.5733,-0.4831,45.5500,31.4295
06/26/2019,400.0564,-2.1034,45.5500,30.9740
06/25/2019,402.1598,-0.6366,45.5500,30.9740
06/24/2019,402.7964,-1.3365,45.5500,30.9740
06/21/2019,404.1329,-1.6482,45.5500,30.9740
06/20/2019,405.7811,0.4629,45.5500,30.9740
06/19/2019,405.3182,-1.4315,45.5500,30.0630
06/18/2019,406.7497,2.6092,45.5500,30.0630
06/17/2019,404.1405,-1.7932,45.5500,30.0630
06/14/2019,405.9337,4.1509,45.5500,30.0630
06/13/2019,401.7828,1.2613,45.5500,30.0630
06/12/2019,400.5215,5.5436,45.5500,30.5185
06/11/2019,394.9779,-0.3063,45.5500,30.5185
06/10/2019,395.2842,2.9982,45.5500,30.5185
06/07/2019,392.2860,-4.6552,45.5500,30.5185
06/06/2019,396.9412,0.2131,45.5500,30.5185
06/05/2019,396.7281,-8.0496,45.5500,30.9740
06/04/2019,404.7777,6.9382,45.5500,30.9740
06/03/2019,397.8395,-4.7018,45.5500,30.9740
05/31/2019,402.5413,1.6863,45.5500,30.9740
05/30/2019,400.8550,-0.6207,45.5500,30.9740
05/29/2019,401.4757,-0.9140,45.5500,30.0630
05/28/2019,402.3897,-0.9362,45.5500,30.0630
05/24/2019,403.3259,0.3735,45.5500,30.0630
05/23/2019,402.9524,4.2137,45.5500,30.0630
05/22/2019,398.7387,6.7750,45.5500,30.5185
05/21/2019,391.9637,1.8467,45.5500,30.0630
05/20/2019,390.1170,-2.2778,45.5500,30.0630
05/17/2019,392.3948,0.7577,45.5500,30.0630
05/16/2019,391.6371,3.1921,45.5500,30.0630
05/15/2019,388.4450,-1.7266,45.5500,29.1520
05/14/2019,390.1716,-0.5908,45.5500,29.1520
05/13/2019,390.7624,-0.9282,45.5500,29.1520
05/10/2019,391.6906,-0.0092,45.5500,29.1520
05/09/2019,391.6998,-3.6046,45.5500,29.1520
05/08/2019,395.3044,-2.1532,45.5500,29.1520
05/07/2019,397.4576,-0.1235,45.5500,29.1520
05/06/2019,397.5811,-0.3385,45.5500,29.1520
05/03/2019,397.9196,0.4976,45.5500,29.1520
05/02/2019,397.4220,-2.2009,45.5500,29.1520
05/01/2019,399.6229,6.1596,45.5500,31.4295
04/30/2019,393.4633,3.7153,45.5500,31.4295
04/29/2019,389.7480,3.7848,45.5500,31.4295
04/26/2019,385.9632,3.7899,45.5500,31.4295
04/25/2019,382.1733,5.6262,45.5500,31.4295
04/24/2019,376.5471,1.2970,45.5500,32.3405
04/23/2019,375.2501,-0.6058,45.5500,32.3405
04/22/2019,375.8559,-1.2468,45.5500,32.3405
04/19/2019,377.1027,-4.1022,45.5500,32.3405
04/18/2019,381.2049,-3.4785,45.5500,32.3405
04/17/2019,384.6834,-1.9074,45.5500,32.3405
04/16/2019,386.5908,3.7083,45.5500,32.3405
04/15/2019,382.8825,-2.2001,45.5500,32.3405
04/12/2019,385.0826,0.3089,45.5500,32.3405
04/11/2019,384.7737,-1.3749,45.5500,32.3405
04/10/2019,386.1486,2.3055,45.5500,32.3405
04/09/2019,383.8431,-5.1105,45.5500,32.3405
04/08/2019,388.9536,4.2609,45.5500,32.3405
04/05/2019,384.6927,3.1767,45.5500,32.3405
04/04/2019,381.5160,-2.8311,45.5500,32.3405
04/03/2019,384.3471,-3.9066,45.5500,31.8850
04/02/2019,388.2537,-0.3523,45.5500,31.8850
04/01/2019,388.6060,2.6272,45.5500,31.8850
03/29/2019,385.9788,5.3223,45.5500,31.8850
03/28/2019,380.6565,0.7419,45.5500,31.8850
03/27/2019,379.9146,0.9393,45.5500,32.3405
03/26/2019,378.9753,2.5893,45.5500,32.3405
03/25/2019,376.3860,-2.9822,45.5500,32.3405
03/22/2019,379.3682,-1.8705,45.5500,32.3405
03/21/2019,381.2387,-0.3087,45.5500,32.3405
03/20/2019,381.5474,-1.8405,45.5500,32.3405
03/19/2019,383.3879,-4.5505,45.5500,32.3405
03/18/2019,387.9384,-5.8144,45.5500,32.3405
03/15/2019,393.7528,6.5976,45.5500,32.3405
03/14/2019,387.1552,1.2026,45.5500,32.3405
03/13/2019,385.9526,-4.5865,45.5500,31.4295
03/12/2019,390.5391,7.9787,45.5500,31.4295
03/11/2019,382.5604,-2.8041,45.5500,31.4295
03/08/2019,385.3645,-4.7476,45.5500,31.4295
03/07/2019,390.1121,2.4065,45.5500,31.4295
03/06/2019,387.7056,6.3053,45.5500,31.4295
03/05/2019,381.4003,-4.8621,45.5500,31.4295
03/04/2019,386.2624,5.7247,45.5500,31.8850
03/01/2019,380.5377,-4.4059,45.5500,31.8850
02/28/2019,384.9436,0.4215,45.5500,31.8850
02/27/2019,384.5221,3.8633,45.5500,31.8850
02/26/2019,380.6588,-1.6829,45.5500,31.8850
02/25/2019,382.3417,-3.0478,45.5500,31.8850
02/22/2019,385.3895,6.4656,45.5500,31.8850
02/21/2019,378.9239,-0.6053,45.5500,31.8850
02/20/2019,379.5292,-5.5189,45.5500,31.4295
02/19/2019,385.0481,3.8698,45.5500,31.4295
02/18/2019,381.1783,8.1061,45.5500,31.4295
02/15/2019,373.0722,4.6659,45.5500,31.4295
02/14/2019,368.4063,-2.4485,45.5500,30.0630
02/13/2019,370.8548,0.1953,45.5500,30.0630
02/12/2019,370.6595,-1.8034,45.5500,30.0630
02/11/2019,372.4629,-8.3389,45.5500,30.0630
02/08/2019,380.8018,-9.5379,45.5500,30.0630
02/07/2019,390.3397,4.7801,45.5500,30.0630
02/06/2019,385.5596,2.8806,45.5500,30.0630
02/05/2019,382.6790,-1.3656,45.5500,31.4295
02/04/2019,384.0446,-0.9449,45.5500,31.4295
02/01/2019,384.9895,-2.0383,45.5500,31.4295
01/31/2019,387.0278,-2.7314,45.5500,31.4295
01/30/2019,389.7592,-3.2783,45.5500,31.4295
01/29/2019,393.0375,3.9214,45.5500,31.4295
01/28/2019,389.1161,3.0480,45.5500,31.4295
01/25/2019,386.0681,-0.8142,45.5500,31.4295
01/24/2019,386.8823,2.8414,45.5500,31.4295
01/23/2019,384.0409,-3.1770,45.5500,31.4295
01/22/2019,387.2179,-4.4750,45.5500,31.4295
01/21/2019,391.6929,2.0976,45.5500,31.4295
01/18/2019,389.5953,6.3557,45.5500,31.4295
01/17/2019,383.2396,-1.3994,45.5500,31.4295
01/16/2019,384.6390,3.9411,45.5500,31.4295
01/15/2019,380.6979,-3.2561,45.5500,31.4295
01/14/2019,383.9540,-2.3389,45.5500,31.4295
01/11/2019,386.2929,-5.8672,45.5500,31.4295
01/10/2019,392.1601,-5.1304,45.5500,31.4295
01/09/2019,397.2905,-6.9131,45.5500,31.4295
01/08/2019,404.2036,2.7011,45.5500,31.4295
01/07/2019,401.5025,-4.0510,45.5500,31.4295
01/04/2019,405.5535,-0.6757,45.0100,31.0569
01/03/2019,406.2292,-2.7932,45.0100,31.0569
01/02/2019,409.0224,2.1078,45.0100,31.0569
12/31/2018,406.9146,2.0163,45.0100,31.0569
12/28/2018,404.8983,1.0279,45.0100,31.0569
12/27/2018,403.8704,7.4543,45.0100,31.0569
12/26/2018,396.4161,18.0608,45.0100,31.0569
12/21/2018,378.3553,-1.5804,45.0100,31.0569
12/20/2018,379.9357,-6.2033,45.0100,31.0569
12/19/2018,386.1390,-0.1232,45.0100,31.5070
12/18/2018,386.2622,0.3522,45.0100,31.5070
12/17/2018,385.9100,-1.1974,45.0100,31.5070
12/14/2018,387.1074,-1.8850,45.0100,31.5070
12/13/2018,388.9924,3.2217,45.0100,31.5070
12/12/2018,385.7707,-5.9051,45.0100,30.1567
12/11/2018,391.6758,-6.0367,45.0100,30.1567
12/10/2018,397.7125,-7.0482,45.0100,30.1567
12/07/2018,404.7607,6.5397,45.0100,30.1567
12/06/2018,398.2210,-2.1667,45.0100,30.1567
12/05/2018,400.3877,-3.5367,45.0100,31.0569
12/04/2018,403.9244,4.2673,45.0100,31.0569
12/03/2018,399.6571,-1.8386,45.0100,31.0569
11/30/2018,401.4957,6.6469,45.0100,31.0569
11/29/2018,394.8488,0.9405,45.0100,31.0569
11/28/2018,393.9083,10.7179,45.0100,29.7066
11/27/2018,383.1904,-4.0273,45.0100,29.7066
11/26/2018,387.2177,-2.9439,45.0100,29.7066
11/23/2018,390.1616,1.6106,45.0100,29.7066
11/21/2018,388.5510,1.7679,45.0100,29.7066
11/20/2018,386.7831,1.1329,45.0100,29.7066
11/19/2018,385.6502,1.2220,45.0100,29.7066
11/16/2018,384.4282,-3.5990,45.0100,29.7066
11/15/2018,388.0272,-2.2134,45.0100,29.7066
11/14/2018,390.2406,0.4688,45.0100,29.7066
11/13/2018,389.7718,-2.3504,45.0100,29.7066
11/12/2018,392.1222,2.8515,45.0100,29.7066
11/09/2018,389.2707,4.5135,45.0100,29.7066
11/08/2018,384.7572,-1.6541,45.0100,29.7066
11/07/2018,386.4113,-6.3471,45.0100,30.1567
11/06/2018,392.7584,5.2544,45.0100,30.1567
11/05/2018,387.5040,-5.8102,45.0100,30.1567
11/02/2018,393.3142,-3.0312,45.0100,30.1567
11/01/2018,396.3454,2.5239,45.0100,31.0569
10/31/2018,393.8215,0.2745,45.0100,31.0569
10/30/2018,393.5470,-3.6028,45.0100,31.0569
10/29/2018,397.1498,2.9257,45.0100,31.0569
10/26/2018,394.2241,-3.0611,45.0100,31.0569
10/25/2018,397.2852,-6.5148,45.0100,31.0569
10/24/2018,403.8000,5.4985,45.0100,31.0569
10/23/2018,398.3015,4.6001,45.0100,31.0569
10/22/2018,393.7014,-0.8427,45.0100,31.0569
10/19/2018,394.5441,2.4285,45.0100,31.0569
10/18/2018,392.1156,3.2910,45.0100,31.0569
10/17/2018,388.8246,8.1195,45.0100,31.0569
10/16/2018,380.7051,-4.7633,45.0100,31.0569
10/15/2018,385.4684,-0.3037,45.0100,31.0569
10/12/2018,385.7721,-1.0712,45.0100,31.0569
10/11/2018,386.8433,-0.0905,45.0100,31.0569
10/10/2018,386.9338,-1.7304,45.0100,30.6068
10/09/2018,388.6642,-1.7761,45.0100,30.6068
10/08/2018,390.4403,2.2011,45.0100,30.6068
10/05/2018,388.2392,4.5236,45.0100,30.6068
10/04/2018,383.7156,1.7889,45.0100,30.6068
10/03/2018,381.9267,-4.1814,45.0100,31.0569
10/02/2018,386.1081,4.0892,45.0100,31.0569
10/01/2018,382.0189,-2.2785,45.0100,31.0569
09/28/2018,384.2974,-4.2283,45.0100,31.0569
09/27/2018,388.5257,0.1004,45.0100,31.0569
09/26/2018,388.4253,-4.6310,45.0100,30.1567
09/25/2018,393.0563,4.2909,45.0100,30.1567
09/24/2018,388.7654,-0.6531,45.0100,30.1567
09/21/2018,389.4185,-0.3465,45.0100,30.1567
09/20/2018,389.7650,-1.1450,45.0100,30.1567
09/19/2018,390.9100,-2.4376,45.0100,30.1567
09/18/2018,393.3476,-4.2482,45.0100,30.1567
09/17/2018,397.5958,2.9933,45.0100,30.1567
09/14/2018,394.6025,0.8534,45.0100,30.1567
09/13/2018,393.7491,-0.7780,45.0100,30.1567
09/12/2018,394.5271,1.0006,45.0100,30.1567
09/11/2018,393.5265,4.6550,45.0100,30.1567
09/10/2018,388.8715,-0.8877,45.0100,30.1567
09/07/2018,389.7592,-4.6122,45.0100,30.1567
09/06/2018,394.3714,-1.4736,45.0100,30.1567
09/05/2018,395.8450,-0.6866,45.0100,31.0569
09/04/2018,396.5316,-3.3071,45.0100,31.0569
08/31/2018,399.8387,-1.2306,45.0100,31.0569
08/30/2018,401.0693,-1.0732,45.0100,31.0569
08/29/2018,402.1425,-1.4207,45.0100,31.5070
08/28/2018,403.5632,-1.8127,45.0100,31.5070
08/27/2018,405.3759,4.4582,45.0100,31.5070
08/24/2018,400.9177,0.0833,45.0100,31.5070
08/23/2018,400.8344,0.8868,45.0100,31.5070
08/22/2018,399.9476,3.9696,45.0100,31.9571
08/21/2018,395.9780,-0.8481,45.0100,31.9571
08/20/2018,396.8261,-3.6889,45.0100,31.9571
08/17/2018,400.5150,0.8291,45.0100,31.9571
08/16/2018,399.6859,-0.7577,45.0100,31.9571
08/15/2018,400.4436,-2.8380,45.0100,31.0569
08/14/2018,403.2816,5.7829,45.0100,31.0569
08/13/2018,397.4987,-2.8722,45.0100,31.0569
08/10/2018,400.3709,1.2271,45.0100,31.0569
08/09/2018,399.1438,2.7500,45.0100,31.0569
08/08/2018,396.3938,1.2763,45.0100,31.9571
08/07/2018,395.1175,1.6733,45.0100,31.9571
08/06/2018,393.4442,2.3774,45.0100,31.9571
08/03/2018,391.0668,-0.3589,45.0100,31.0569
08/02/2018,391.4257,-1.7808,45.0100,31.0569
08/01/2018,393.2065,-3.9429,45.0100,31.0569
07/31/2018,397.1494,0.3729,45.0100,31.0569
07/30/2018,396.7765,3.5418,45.0100,31.0569
07/27/2018,393.2347,-0.9682,45.0100,31.0569
07/26/2018,394.2029,5.0523,45.0100,31.0569
07/25/2018,389.1506,-5.0065,45.0100,31.0569
07/24/2018,394.1571,-0.4248,45.0100,31.0569
07/23/2018,394.5819,-5.0201,45.0100,31.0569
07/20/2018,399.6020,0.7887,45.0100,32.4072
07/19/2018,398.8133,-2.7093,45.0100,32.4072
07/18/2018,401.5226,-0.8045,45.0100,32.4072
07/17/2018,402.3271,-1.1269,45.0100,32.4072
07/16/2018,403.4540,1.7749,45.0100,32.4072
07/13/2018,401.6791,1.8406,45.0100,32.4072
07/12/2018,399.8385,2.7876,45.0100,32.4072
07/11/2018,397.0509,1.5807,45.0100,32.4072
07/10/2018,395.4702,-3.2002,45.0100,32.4072
07/09/2018,398.6704,5.4918,45.0100,32.4072
07/06/2018,393.1786,5.0477,45.0100,32.4072
07/05/2018,388.1309,-0.5807,45.0100,31.5070
07/03/2018,388.7116,3.7894,45.0100,31.5070
07/02/2018,384.9222,-2.9768,45.0100,31.5070
06/29/2018,387.8990,-5.6838,45.0100,31.5070
06/28/2018,393.5828,1.9007,45.0100,31.5070
06/27/2018,391.6821,-1.2253,45.0100,31.5070
06/26/2018,392.9074,2.1391,45.0100,31.5070
06/25/2018,390.7683,-4.1990,45.0100,31.5070
06/22/2018,394.9673,1.7953,45.0100,31.5070
06/21/2018,393.1720,-1.6624,45.0100,31.5070
06/20/2018,394.8344,-0.2694,45.0100,31.0569
06/19/2018,395.1038,-2.7066,45.0100,31.0569
06/18/2018,397.8104,1.9647,45.0100,31.0569
06/15/2018,395.8457,-0.7806,45.0100,31.0569
06/14/2018,396.6263,0.4765,45.0100,31.0569
06/13/2018,396.1498,1.2947,45.0100,32.4072
06/12/2018,394.8551,1.4265,45.0100,32.4072
06/11/2018,393.4286,-0.3966,45.0100,32.4072
06/08/2018,393.8252,3.0283,45.0100,32.4072
06/07/2018,390.7969,1.0656,45.0100,32.4072
06/06/2018,389.7313,-1.8480,45.0100,31.9571
06/05/2018,391.5793,7.3951,45.0100,31.9571
06/04/2018,384.1842,-2.0776,45.0100,31.9571
06/01/2018,386.2618,-8.4491,45.0100,31.9571
05/31/2018,394.7109,-2.5741,45.0100,31.9571
05/30/2018,397.2850,0.0308,45.0100,30.6068
05/29/2018,397.2542,-5.8226,45.0100,30.6068
05/25/2018,403.0768,-0.7687,45.0100,30.6068
05/24/2018,403.8455,1.9325,45.0100,30.6068
05/23/2018,401.9130,1.7581,45.0100,31.5070
05/22/2018,400.1549,3.5696,45.0100,31.5070
05/21/2018,396.5853,-1.0740,45.0100,31.5070
05/18/2018,397.6593,4.7355,45.0100,31.5070
05/17/2018,392.9238,-2.2637,45.0100,31.5070
05/16/2018,395.1875,-1.3313,45.0100,32.8573
05/15/2018,396.5188,-5.7841,45.0100,32.8573
05/14/2018,402.3029,3.5176,45.0100,32.8573
05/11/2018,398.7853,-2.5323,45.0100,32.8573
05/10/2018,401.3176,-1.3970,45.0100,32.8573
05/09/2018,402.7146,8.8256,45.0100,32.8573
05/08/2018,393.8890,-1.4951,45.0100,32.8573
05/07/2018,395.3841,2.0925,45.0100,32.8573
05/04/2018,393.2916,-0.0299,45.0100,32.8573
05/03/2018,393.3215,-5.3708,45.0100,32.8573
05/02/2018,398.6923,0.4360,45.0100,32.8573
05/01/2018,398.2563,3.8307,45.0100,32.8573
04/30/2018,394.4256,-8.3788,45.0100,32.8573
04/27/2018,402.8044,10.3425,45.0100,32.8573
04/26/2018,392.4619,2.9678,45.0100,32.8573
04/25/2018,389.4941,-1.4825,45.0100,29.7066
04/24/2018,390.9766,6.9802,45.0100,29.7066
04/23/2018,383.9964,0.4954,45.0100,29.7066
04/20/2018,383.5010,-3.1444,45.0100,29.7066
04/19/2018,386.6454,-3.0168,45.0100,29.7066
04/18/2018,389.6622,1.8310,45.0100,30.1567
04/17/2018,387.8312,-8.4570,45.0100,30.1567
04/16/2018,396.2882,5.3327,45.0100,30.1567
04/13/2018,390.9555,-2.5327,45.0100,30.1567
04/12/2018,393.4882,0.7232,45.0100,31.9571
04/11/2018,392.7650,-0.4361,45.0100,31.9571
04/10/2018,393.2011,1.5063,45.0100,31.9571
04/09/2018,391.6948,-1.2757,45.0100,31.9571
04/06/2018,392.9705,0.3587,45.0100,31.9571
04/05/2018,392.6118,7.8032,45.0100,31.9571
04/04/2018,384.8086,-2.4814,45.0100,32.8573
04/03/2018,387.2900,4.7002,45.0100,32.8573
04/02/2018,382.5898,-2.5835,45.0100,32.8573
03/30/2018,385.1733,-2.8212,45.0100,32.8573
03/29/2018,387.9945,-13.2406,45.0100,32.8573
03/28/2018,401.2351,3.4702,45.0100,33.3074
03/27/2018,397.7649,-2.4231,45.0100,33.3074
03/26/2018,400.1880,7.5354,45.0100,33.3074
03/23/2018,392.6526,-1.6736,45.0100,33.3074
03/22/2018,394.3262,-0.6037,45.0100,33.3074
03/21/2018,394.9299,8.1445,45.0100,34.2076
03/20/2018,386.7854,0.0868,45.0100,34.2076
03/19/2018,386.6986,-6.4692,45.0100,34.2076
03/16/2018,393.1678,4.5989,45.0100,34.2076
03/15/2018,388.5689,11.4355,45.0100,34.2076
03/14/2018,377.1334,-15.4046,45.0100,33.7575
03/13/2018,392.5380,3.7232,45.0100,33.7575
03/12/2018,388.8148,-8.2613,45.0100,33.7575
03/09/2018,397.0761,1.6639,45.0100,33.7575
03/08/2018,395.4122,12.5764,45.0100,33.7575
03/07/2018,382.8358,5.9748,45.0100,33.3074
03/06/2018,376.8610,-1.1398,45.0100,33.3074
03/05/2018,378.0008,0.2032,45.0100,33.3074
03/02/2018,377.7976,0.5524,45.0100,33.3074
03/01/2018,377.2452,-9.8688,45.0100,33.3074
02/28/2018,387.1140,-2.2881,45.0100,33.3074
02/27/2018,389.4021,-0.8015,45.0100,33.3074
02/26/2018,390.2036,-0.6306,45.0100,33.3074
02/23/2018,390.8342,-3.5854,45.0100,33.3074
02/22/2018,394.4196,-2.0291,45.0100,33.3074
02/21/2018,396.4487,1.9386,45.0100,32.4072
02/20/2018,394.5101,4.4770,45.0100,32.4072
02/19/2018,390.0331,3.5424,45.0100,32.4072
02/16/2018,386.4907,8.3251,45.0100,32.4072
02/15/2018,378.1656,-1.4263,45.0100,32.4072
02/14/2018,379.5919,-6.1615,45.0100,33.3074
02/13/2018,385.7534,-1.1750,45.0100,33.3074
02/12/2018,386.9284,-1.5421,45.0100,33.3074
02/09/2018,388.4705,1.3773,45.0100,33.3074
02/08/2018,387.0932,-1.9733,45.0100,33.3074
02/07/2018,389.0665,9.3447,45.0100,32.8573
02/06/2018,379.7218,1.7558,45.0100,32.8573
02/05/2018,377.9660,-0.6458,45.0100,32.8573
02/02/2018,378.6118,0.4950,45.0100,32.8573
02/01/2018,378.1168,0.6525,45.0100,32.8573
01/31/2018,377.4643,0.0575,45.0100,32.4072
01/30/2018,377.4068,0.3602,45.0100,32.4072
01/29/2018,377.0466,0.4060,45.0100,32.4072
01/26/2018,376.6406,-1.2015,45.0100,32.4072
01/25/2018,377.8421,3.0628,45.0100,32.4072
01/24/2018,374.7793,-10.3036,45.0100,32.4072
01/23/2018,385.0829,-2.3899,45.0100,32.4072
01/22/2018,387.4728,-2.3264,45.0100,32.4072
01/19/2018,389.7992,-1.4007,45.0100,32.4072
01/18/2018,391.1999,-1.2405,45.0100,32.4072
01/17/2018,392.4404,6.6275,45.0100,30.6068
01/16/2018,385.8129,1.5707,45.0100,30.6068
01/15/2018,384.2422,5.7744,45.0100,30.6068
01/12/2018,378.4678,2.8218,45.0100,30.6068
01/11/2018,375.6460,-2.6017,45.0100,30.6068
01/10/2018,378.2477,-0.2247,45.0100,30.6068
01/09/2018,378.4724,-1.3674,45.0100,30.6068
01/08/2018,379.8398,-4.5870,45.0100,30.6068
01/05/2018,384.4268,-0.8792,45.0100,31.0569
01/04/2018,385.3060,2.5725,45.0100,31.0569
01/03/2018,382.7335,-6.1345,45.0100,31.0569
01/02/2018,388.8680,-1.8698,45.0100,31.0569
12/29/2017,390.7378,-10.6859,45.0100,31.0569
12/28/2017,401.4237,-2.7293,45.0100,31.0569
12/27/2017,404.1530,3.0603,45.0100,31.9571
12/26/2017,401.0927,-0.1110,45.0100,31.9571
12/22/2017,401.2037,-0.5372,45.0100,31.9571
12/21/2017,401.7409,8.2406,45.0100,31.9571
12/20/2017,393.5003,1.7429,45.0100,31.9571
12/19/2017,391.7574,3.0055,45.0100,31.9571
12/18/2017,388.7519,1.3649,45.0100,31.9571
12/15/2017,387.3870,3.1141,45.0100,31.9571
12/14/2017,384.2729,-11.2435,45.0100,31.9571
12/13/2017,395.5164,-7.9237,45.0100,29.7066
12/12/2017,403.4401,-2.9528,45.0100,29.7066
12/11/2017,406.3929,-1.3952,45.0100,29.7066
12/08/2017,407.7881,-0.5579,45.0100,29.7066
12/07/2017,408.3460,5.3516,45.0100,29.7066
12/06/2017,402.9944,1.8084,45.0100,31.0569
12/05/2017,401.1860,-1.5665,45.0100,31.0569
12/04/2017,402.7525,-0.4541,45.0100,31.0569
12/01/2017,403.2066,3.4512,45.0100,31.0569
11/30/2017,399.7554,-5.9166,45.0100,31.0569
11/29/2017,405.6720,6.8092,45.0100,30.1567
11/28/2017,398.8628,0.6851,45.0100,30.1567
11/27/2017,398.1777,4.9868,45.0100,30.1567
11/24/2017,393.1909,-2.4186,45.0100,30.1567
11/22/2017,395.6095,0.4711,45.0100,30.6068
11/21/2017,395.1384,5.9449,45.0100,30.6068
11/20/2017,389.1935,-0.2236,45.0100,30.6068
11/17/2017,389.4171,-0.7952,45.0100,30.6068
11/16/2017,390.2123,-2.2793,45.0100,30.6068
11/15/2017,392.4916,-0.6519,45.0100,30.1567
11/14/2017,393.1435,-15.5451,45.0100,30.1567
11/13/2017,408.6886,5.3810,45.0100,30.1567
11/10/2017,403.3076,4.1677,45.0100,30.1567
11/09/2017,399.1399,1.5101,45.0100,30.1567
11/08/2017,397.6298,-1.4822,45.0100,29.7066
11/07/2017,399.1120,7.0730,45.0100,29.7066
11/06/2017,392.0390,-7.7127,45.0100,29.7066
11/03/2017,399.7517,-5.5671,45.0100,29.7066
11/02/2017,405.3188,-3.0076,45.0100,29.7066
11/01/2017,408.3264,-0.0873,45.0100,29.7066
10/31/2017,408.4137,-0.9211,45.0100,29.7066
10/30/2017,409.3348,2.2135,45.0100,29.7066
10/27/2017,407.1213,-1.2984,45.0100,29.7066
10/26/2017,408.4197,2.2636,45.0100,29.7066
10/25/2017,406.1561,-5.0252,45.0100,28.8064
10/24/2017,411.1813,-2.9902,45.0100,28.8064
10/23/2017,414.1715,1.3969,45.0100,28.8064
10/20/2017,412.7746,5.6094,45.0100,28.8064
10/19/2017,407.1652,-0.9164,45.0100,28.8064
10/18/2017,408.0816,6.0049,45.0100,30.1567
10/17/2017,402.0767,-1.5626,45.0100,30.1567
10/16/2017,403.6393,0.0883,45.0100,30.1567
10/13/2017,403.5510,-0.3752,45.0100,30.1567
10/12/2017,403.9262,-9.1664,45.0100,30.1567
10/11/2017,413.0926,-4.0748,45.0100,29.7066
10/10/2017,417.1674,-0.8378,45.0100,29.7066
10/09/2017,418.0052,-4.7791,45.0100,29.7066
10/06/2017,422.7843,-0.1863,45.0100,29.7066
10/05/2017,422.9706,0.1092,45.0100,29.7066
10/04/2017,422.8614,2.0381,45.0100,29.7066
10/03/2017,420.8233,-0.4247,45.0100,29.7066
10/02/2017,421.2480,-3.8172,45.0100,29.7066
09/29/2017,425.0652,-0.4209,45.0100,29.7066
09/28/2017,425.4861,0.0830,45.0100,29.7066
09/27/2017,425.4031,-2.4485,45.0100,29.7066
09/26/2017,427.8516,-3.4022,45.0100,29.7066
09/25/2017,431.2538,12.9967,45.0100,29.7066
09/22/2017,418.2571,0.3817,45.0100,28.8064
09/21/2017,417.8754,1.9394,45.0100,28.8064
09/20/2017,415.9360,-2.4168,45.0100,28.8064
09/19/2017,418.3528,0.9282,45.0100,28.8064
09/18/2017,417.4246,-10.1718,45.0100,28.8064
09/15/2017,427.5964,-4.3926,45.0100,28.8064
09/14/2017,431.9890,9.2911,45.0100,28.8064
09/13/2017,422.6979,1.7074,45.0100,30.6068
09/12/2017,420.9905,2.9527,45.0100,30.6068
09/11/2017,418.0378,-1.0625,45.0100,30.6068
09/08/2017,419.1003,3.7145,45.0100,30.6068
09/07/2017,415.3858,0.5381,45.0100,30.6068
09/06/2017,414.8477,-13.3941,45.0100,30.1567
09/05/2017,428.2418,-6.2807,45.0100,30.1567
09/01/2017,434.5225,-1.0226,45.0100,30.1567
08/31/2017,435.5451,4.4345,45.0100,30.1567
08/30/2017,431.1106,-1.5678,45.0100,30.1567
08/29/2017,432.6784,2.0816,45.0100,30.1567
08/28/2017,430.5968,7.5686,45.0100,30.1567
08/25/2017,423.0282,-1.5942,45.0100,30.1567
08/24/2017,424.6224,-4.2295,45.0100,30.1567
08/23/2017,428.8519,1.8559,45.0100,31.0569
08/22/2017,426.9960,-2.3551,45.0100,31.0569
08/21/2017,429.3511,-10.1834,45.0100,31.0569
08/18/2017,439.5345,-1.4553,45.0100,31.0569
08/17/2017,440.9898,-2.0664,45.0100,31.0569
08/16/2017,443.0562,-1.5577,45.0100,31.0569
08/15/2017,444.6139,2.4443,45.0100,31.0569
08/14/2017,442.1696,-0.9276,45.0100,31.0569
08/11/2017,443.0972,0.1043,45.0100,31.0569
08/10/2017,442.9929,-0.0889,45.0100,31.0569
08/09/2017,443.0818,2.6963,45.0100,30.6068
08/08/2017,440.3855,0.7466,45.0100,30.6068
08/07/2017,439.6389,-3.2686,45.0100,30.6068
08/04/2017,442.9075,0.1013,45.0100,30.6068
08/03/2017,442.8062,0.0551,45.0100,30.6068
08/02/2017,442.7511,-1.9416,45.0100,31.0569
08/01/2017,444.6927,-0.9585,45.0100,31.0569
07/31/2017,445.6512,-0.0665,45.0100,31.0569
07/28/2017,445.7177,-0.8327,45.0100,31.0569
07/27/2017,446.5504,-0.6175,45.0100,31.0569
07/26/2017,447.1679,-0.9307,45.0100,29.2565
07/25/2017,448.0986,-0.8588,45.0100,29.2565
07/24/2017,448.9574,0.6363,45.0100,29.2565
07/21/2017,448.3211,-0.9191,45.0100,29.2565
07/20/2017,449.2402,-1.5028,45.0100,31.0569
07/19/2017,450.7430,4.3180,45.0100,31.0569
07/18/2017,446.4250,1.0108,45.0100,31.0569
07/17/2017,445.4142,-3.6802,45.0100,31.0569
07/14/2017,449.0944,7.5705,45.0100,31.0569
07/13/2017,441.5239,2.7768,45.0100,31.0569
07/12/2017,438.7471,-2.7947,45.0100,29.7066
07/11/2017,441.5418,-0.4226,45.0100,29.7066
07/10/2017,441.9644,2.9073,45.0100,29.7066
07/07/2017,439.0571,-5.0288,45.0100,29.7066
07/06/2017,444.0859,-5.9217,45.0100,29.7066
07/05/2017,450.0076,0.0780,45.0100,30.6068
07/03/2017,449.9296,-1.0514,45.0100,30.6068
06/30/2017,450.9810,-4.6217,45.0100,30.6068
06/29/2017,455.6027,1.3216,45.0100,30.6068
06/28/2017,454.2811,1.5378,45.0100,31.0569
06/27/2017,452.7433,0.7303,45.0100,31.0569
06/26/2017,452.0130,3.4074,45.0100,31.0569
06/23/2017,448.6056,3.8099,45.0100,31.0569
06/22/2017,444.7957,-1.5347,45.0100,30.6068
06/21/2017,446.3304,0.5008,45.0100,30.6068
06/20/2017,445.8296,5.0987,45.0100,30.6068
06/19/2017,440.7309,-0.0525,45.0100,30.6068
06/16/2017,440.7834,0.3869,45.0100,30.6068
06/15/2017,440.3965,-1.0728,45.0100,30.6068
06/14/2017,441.4693,1.2685,45.0100,29.2565
06/13/2017,440.2008,-1.0742,45.0100,29.2565
06/12/2017,441.2750,-2.6786,45.0100,29.2565
06/09/2017,443.9536,1.4932,45.0100,29.2565
06/08/2017,442.4604,2.1824,45.0100,29.2565
06/07/2017,440.2780,-2.1839,45.0100,31.0569
06/06/2017,442.4619,0.9435,45.0100,31.0569
06/05/2017,441.5184,1.0921,45.0100,31.0569
06/02/2017,440.4263,-3.2699,45.0100,31.0569
06/01/2017,443.6962,5.6246,45.0100,31.0569
05/31/2017,438.0716,1.0566,45.0100,30.1567
05/30/2017,437.0150,6.9260,45.0100,30.1567
05/26/2017,430.0890,3.4511,45.0100,30.1567
05/25/2017,426.6379,-0.8615,45.0100,30.1567
05/24/2017,427.4994,1.0019,45.0100,31.0569
05/23/2017,426.4975,-4.5117,45.0100,31.0569
05/22/2017,431.0092,0.2165,45.0100,31.0569
05/19/2017,430.7927,3.1178,45.0100,31.0569
05/18/2017,427.6749,1.1228,45.0100,31.0569
05/17/2017,426.5521,6.3995,45.0100,31.9571
05/16/2017,420.1526,2.8012,45.0100,31.9571
05/15/2017,417.3514,2.2580,45.0100,31.9571
05/12/2017,415.0934,3.5867,45.0100,31.9571
05/11/2017,411.5067,4.1189,45.0100,31.9571
05/10/2017,407.3878,-2.9944,45.0100,31.0569
05/09/2017,410.3822,2.6870,45.0100,31.0569
05/08/2017,407.6952,2.5992,45.0100,31.0569
05/05/2017,405.0960,1.1392,45.0100,31.0569
05/04/2017,403.9568,6.8851,45.0100,31.0569
05/03/2017,397.0717,3.1499,45.0100,27.0060
05/02/2017,393.9218,3.1517,45.0100,27.0060
05/01/2017,390.7701,-0.0606,45.0100,27.0060
04/28/2017,390.8307,-0.9450,45.0100,27.0060
04/27/2017,391.7757,-1.1790,45.0100,27.0060
04/26/2017,392.9547,0.3660,45.0100,30.1567
04/25/2017,392.5887,0.8784,45.0100,30.1567
04/24/2017,391.7103,-0.1218,45.0100,30.1567
04/21/2017,391.8321,11.7649,45.0100,30.1567
04/20/2017,380.0672,0.8134,45.0100,30.1567
04/19/2017,379.2538,-0.3972,45.0100,31.9571
04/18/2017,379.6510,3.0548,45.0100,31.9571
04/17/2017,376.5962,2.3433,45.0100,31.9571
04/14/2017,374.2529,1.3782,45.0100,31.9571
04/13/2017,372.8747,4.7073,45.0100,31.9571
04/12/2017,368.1674,3.8711,45.0100,32.4072
04/11/2017,364.2963,1.5521,45.0100,32.4072
04/10/2017,362.7442,-5.0604,45.0100,32.4072
04/07/2017,367.8046,1.7032,45.0100,32.4072
04/06/2017,366.1014,-5.7313,45.0100,32.4072
04/05/2017,371.8327,-6.6001,45.0100,32.8573
04/04/2017,378.4328,-5.6544,45.0100,32.8573
04/03/2017,384.0872,10.1924,45.0100,32.8573
03/31/2017,373.8948,-6.5285,45.0100,32.8573
03/30/2017,380.4233,7.9121,45.0100,32.8573
03/29/2017,372.5112,9.8367,45.0100,32.4072
03/28/2017,362.6745,4.7927,45.0100,32.4072
03/27/2017,357.8818,1.0793,45.0100,32.4072
03/24/2017,356.8025,-1.2967,45.0100,32.4072
03/23/2017,358.0992,9.9332,45.0100,32.4072
03/22/2017,348.1660,0.8104,45.0100,32.8573
03/21/2017,347.3556,0.7054,45.0100,32.8573
03/20/2017,346.6502,-1.0745,45.0100,32.8573
03/17/2017,347.7247,3.6140,45.0100,32.8573
03/16/2017,344.1107,-8.6710,45.0100,32.8573
03/15/2017,352.7817,-1.9052,45.0100,32.8573
03/14/2017,354.6869,-0.0247,45.0100,32.8573
03/13/2017,354.7116,-0.8729,45.0100,32.8573
03/10/2017,355.5845,-6.4414,45.0100,32.8573
03/09/2017,362.0259,2.7343,45.0100,32.8573
03/08/2017,359.2916,-11.3600,45.0100,31.9571
03/07/2017,370.6516,2.1789,45.0100,31.9571
03/06/2017,368.4727,22.8233,45.0100,31.9571
03/03/2017,345.6494,0.3715,45.0100,31.9571
03/02/2017,345.2779,-1.0362,45.0100,31.9571
03/01/2017,346.3141,-3.3627,45.0100,32.4072
02/28/2017,349.6768,3.2047,45.0100,32.4072
02/27/2017,346.4721,-12.9066,45.0100,32.4072
02/24/2017,359.3787,-1.6664,45.0100,32.4072
02/23/2017,361.0451,-0.8853,45.0100,32.4072
02/22/2017,361.9304,-3.6925,45.0100,31.9571
02/21/2017,365.6229,-4.7842,45.0100,31.9571
02/20/2017,370.4071,0.9446,45.0100,31.9571
02/17/2017,369.4625,1.0883,45.0100,31.9571
02/16/2017,368.3742,-3.6795,45.0100,31.5070
02/15/2017,372.0537,-0.9546,45.0100,31.5070
02/14/2017,373.0083,5.4819,45.0100,31.5070
02/13/2017,367.5264,13.5431,45.0100,31.5070
02/10/2017,353.9833,-0.7789,45.0100,31.5070
02/09/2017,354.7622,-0.1297,45.0100,31.5070
02/08/2017,354.8919,1.4354,45.0100,32.4072
02/07/2017,353.4565,-2.6049,45.0100,32.4072
02/06/2017,356.0614,-20.8608,45.0100,32.4072
02/03/2017,376.9222,0.6715,45.0100,32.4072
02/02/2017,376.2507,3.3815,45.0100,32.4072
02/01/2017,372.8692,1.0946,45.0100,31.9571
01/31/2017,371.7746,-0.0562,45.0100,31.9571
01/30/2017,371.8308,-0.2031,45.0100,31.9571
01/27/2017,372.0339,-4.1618,45.0100,31.9571
01/26/2017,376.1957,0.3898,45.0100,31.9571
01/25/2017,375.8059,-0.7085,45.0100,31.9571
01/24/2017,376.5144,-0.3915,45.0100,31.9571
01/23/2017,376.9059,-0.6767,45.0100,31.9571
01/20/2017,377.5826,3.2444,45.0100,31.9571
01/19/2017,374.3382,0.1104,45.0100,31.9571
01/18/2017,374.2278,-1.2285,45.0100,31.0569
01/17/2017,375.4563,-2.6210,45.0100,31.0569
01/16/2017,378.0773,-1.7849,45.0100,31.0569
01/13/2017,379.8622,5.6481,45.0100,31.0569
01/12/2017,374.2141,-2.4219,45.0100,30.1567
01/11/2017,376.6360,2.7480,45.0100,30.1567
01/10/2017,373.8880,-2.1640,45.0100,30.1567
01/09/2017,376.0520,-1.5373,45.0100,30.1567
01/06/2017,373.0159,-0.9184,46.5800,31.2086
01/05/2017,373.9343,-3.9287,46.5800,31.2086
01/04/2017,372.4692,-5.3523,46.5800,31.2086
01/03/2017,377.8215,2.3541,46.5800,31.2086
12/30/2016,375.4674,-4.9361,46.5800,31.2086
12/29/2016,380.4035,-1.5416,46.5800,31.2086
12/28/2016,381.9451,4.2967,46.5800,32.1402
12/27/2016,377.6484,-3.2469,46.5800,32.1402
12/23/2016,380.8953,1.0509,46.5800,32.1402
12/22/2016,379.8444,-2.0377,46.5800,32.1402
12/21/2016,381.8821,1.8092,46.5800,30.7428
12/20/2016,380.0729,4.4897,46.5800,30.7428
12/19/2016,375.5832,0.1094,46.5800,30.7428
12/16/2016,375.4738,0.8100,46.5800,30.7428
12/15/2016,374.6638,1.4417,46.5800,30.7428
12/14/2016,373.2221,-1.2134,46.5800,30.7428
12/13/2016,374.4355,3.7212,46.5800,30.7428
12/12/2016,370.7143,4.9797,46.5800,30.7428
12/09/2016,365.7346,-1.7634,46.5800,30.7428
12/08/2016,367.4980,2.5576,46.5800,30.7428
12/07/2016,364.9404,-2.1048,46.5800,31.2086
12/06/2016,367.0452,-9.1470,46.5800,31.2086
12/05/2016,376.1922,-4.7444,46.5800,31.2086
12/02/2016,380.9366,1.6985,46.5800,31.2086
12/01/2016,379.2381,-2.5400,46.5800,31.2086
11/30/2016,381.7781,-2.2097,46.5800,31.2086
11/29/2016,383.9878,2.7642,46.5800,31.2086
11/28/2016,381.2236,2.9487,46.5800,31.2086
11/25/2016,378.2749,4.5402,46.5800,31.2086
11/23/2016,373.7347,1.5118,46.5800,30.7428
11/22/2016,372.2229,-0.9732,46.5800,30.7428
11/21/2016,373.1961,-3.1992,46.5800,30.7428
11/18/2016,376.3953,-0.0424,46.5800,30.7428
11/17/2016,376.4377,-2.8566,46.5800,30.7428
11/16/2016,379.2943,1.8679,46.5800,30.7428
11/15/2016,377.4264,2.2502,46.5800,30.7428
11/14/2016,375.1762,0.6315,46.5800,30.7428
11/11/2016,374.5447,4.3759,46.5800,30.7428
11/10/2016,370.1688,-0.5191,46.5800,30.7428
11/09/2016,370.6879,-1.5565,46.5800,30.7428
11/08/2016,372.2444,-1.0282,46.5800,30.7428
11/07/2016,373.2726,-1.7413,46.5800,30.7428
11/04/2016,375.0139,-2.2263,46.5800,30.7428
11/03/2016,377.2402,-0.7940,46.5800,30.7428
11/02/2016,378.0342,-4.2359,46.5800,30.2770
11/01/2016,382.2701,7.8902,46.5800,30.2770
10/31/2016,374.3799,3.8260,46.5800,30.2770
10/28/2016,370.5539,-0.6921,46.5800,30.2770
10/27/2016,371.2460,0.7589,46.5800,30.2770
10/26/2016,370.4871,0.0525,46.5800,30.2770
10/25/2016,370.4346,-2.8581,46.5800,30.2770
10/24/2016,373.2927,-4.1165,46.5800,30.2770
10/21/2016,377.4092,4.0694,46.5800,30.2770
10/20/2016,373.3398,0.4007,46.5800,30.2770
10/19/2016,372.9391,-5.2451,46.5800,30.2770
10/18/2016,378.1842,-0.3538,46.5800,30.2770
10/17/2016,378.5380,-1.3532,46.5800,30.2770
10/14/2016,379.8912,-0.1002,46.5800,30.2770
10/13/2016,379.9914,-0.0960,46.5800,29.8112
10/12/2016,380.0874,6.3270,46.5800,29.8112
10/11/2016,373.7604,-4.1772,46.5800,29.8112
10/10/2016,377.9376,2.4073,46.5800,29.8112
10/07/2016,375.5303,0.0568,46.5800,29.8112
10/06/2016,375.4735,-0.6579,46.5800,29.8112
10/05/2016,376.1314,1.4884,46.5800,29.8112
10/04/2016,374.6430,2.2766,46.5800,29.8112
10/03/2016,372.3664,-1.0319,46.5800,29.8112
09/30/2016,373.3983,1.0112,46.5800,29.8112
09/29/2016,372.3871,-1.7144,46.5800,29.8112
09/28/2016,374.1015,-2.0980,46.5800,29.3454
09/27/2016,376.1995,1.5994,46.5800,29.3454
09/26/2016,374.6001,-3.3166,46.5800,29.3454
09/23/2016,377.9167,6.2063,46.5800,29.3454
09/22/2016,371.7104,-0.2434,46.5800,29.3454
09/21/2016,371.9538,-2.8083,46.5800,30.2770
09/20/2016,374.7621,-5.2301,46.5800,30.2770
09/19/2016,379.9922,5.3156,46.5800,30.2770
09/16/2016,374.6766,-5.6524,46.5800,30.2770
09/15/2016,380.3290,2.6578,46.5800,30.2770
09/14/2016,377.6712,-2.0654,46.5800,30.2770
09/13/2016,379.7366,-5.7037,46.5800,30.2770
09/12/2016,385.4403,-0.9580,46.5800,30.2770
09/09/2016,386.3983,3.1142,46.5800,30.2770
09/08/2016,383.2841,-0.1428,46.5800,30.2770
09/07/2016,383.4269,4.1492,46.5800,30.7428
09/06/2016,379.2777,-0.2149,46.5800,30.7428
09/02/2016,379.4926,-2.4148,46.5800,30.7428
09/01/2016,381.9074,-0.9027,46.5800,30.7428
08/31/2016,382.8101,-1.2659,46.5800,31.2086
08/30/2016,384.0760,-0.8934,46.5800,31.2086
08/29/2016,384.9694,3.7368,46.5800,31.2086
08/26/2016,381.2326,1.3178,46.5800,31.2086
08/25/2016,379.9148,-1.0522,46.5800,31.2086
08/24/2016,380.9670,-0.8171,46.5800,31.6744
08/23/2016,381.7841,2.1993,46.5800,31.6744
08/22/2016,379.5848,-0.0211,46.5800,31.6744
08/19/2016,379.6059,-0.1852,46.5800,32.6060
08/18/2016,379.7911,2.1236,46.5800,32.6060
08/17/2016,377.6675,5.9298,46.5800,32.6060
08/16/2016,371.7377,-1.6224,46.5800,32.6060
08/15/2016,373.3601,0.2735,46.5800,32.6060
08/12/2016,373.0866,-3.1945,46.5800,32.6060
08/11/2016,376.2811,2.0400,46.5800,32.6060
08/10/2016,374.2411,-1.4309,46.5800,32.1402
08/09/2016,375.6720,1.2794,46.5800,32.1402
08/08/2016,374.3926,-1.3647,46.5800,32.1402
08/05/2016,375.7573,6.6276,46.5800,32.1402
08/04/2016,369.1297,1.8055,46.5800,32.6060
08/03/2016,367.3242,0.4957,46.5800,32.6060
08/02/2016,366.8285,0.3892,46.5800,32.6060
08/01/2016,366.4393,-1.9432,46.5800,32.6060
07/29/2016,368.3825,-8.9504,46.5800,32.6060
07/28/2016,377.3329,-6.4771,46.5800,32.6060
07/27/2016,383.8100,-0.4950,46.5800,32.1402
07/26/2016,384.3050,6.2409,46.5800,32.1402
07/25/2016,378.0641,2.0973,46.5800,32.1402
07/22/2016,375.9668,6.4896,46.5800,32.1402
07/21/2016,369.4772,1.0337,46.5800,32.1402
07/20/2016,368.4435,2.2981,46.5800,31.6744
07/19/2016,366.1454,-6.3497,46.5800,31.6744
07/18/2016,372.4951,-0.4592,46.5800,31.6744
07/15/2016,372.9543,-0.6084,46.5800,32.1402
07/14/2016,373.5627,1.1362,46.5800,32.1402
07/13/2016,372.4265,0.0614,46.5800,32.1402
07/12/2016,372.3651,1.6826,46.5800,32.1402
07/11/2016,370.6825,1.6338,46.5800,32.1402
07/08/2016,369.0487,0.1150,46.5800,32.1402
07/07/2016,368.9337,3.1264,46.5800,32.1402
07/06/2016,365.8073,0.7961,46.5800,32.6060
07/05/2016,365.0112,0.4919,46.5800,32.6060
07/01/2016,364.5193,4.7838,46.5800,32.6060
06/30/2016,359.7355,0.2697,46.5800,32.6060
06/29/2016,359.4658,-0.5115,46.5800,32.1402
06/28/2016,359.9773,-0.1520,46.5800,32.1402
06/27/2016,360.1293,-1.2733,46.5800,32.1402
06/24/2016,361.4026,-7.5431,46.5800,32.1402
06/23/2016,368.9457,-1.3801,46.5800,32.6060
06/22/2016,370.3258,4.4712,46.5800,32.6060
06/21/2016,365.8546,1.4756,46.5800,32.6060
06/20/2016,364.3790,0.2628,46.5800,32.6060
06/17/2016,364.1162,0.5946,46.5800,32.6060
06/16/2016,363.5216,-1.3005,46.5800,32.6060
06/15/2016,364.8221,-5.3115,46.5800,33.0718
06/14/2016,370.1336,2.0123,46.5800,33.0718
06/13/2016,368.1213,1.2750,46.5800,33.0718
06/10/2016,366.8463,-1.1438,46.5800,33.0718
06/09/2016,367.9901,0.7785,46.5800,33.0718
06/08/2016,367.2116,3.3485,46.5800,33.5376
06/07/2016,363.8631,0.2022,46.5800,33.5376
06/06/2016,363.6609,-0.9775,46.5800,33.5376
06/03/2016,364.6384,1.0661,46.5800,33.5376
06/02/2016,363.5723,0.0380,46.5800,33.5376
06/01/2016,363.5343,0.6704,46.5800,33.5376
05/31/2016,362.8639,-3.7947,46.5800,33.5376
05/27/2016,366.6586,2.1656,46.5800,33.5376
05/26/2016,364.4930,-1.1060,46.5800,33.5376
05/25/2016,365.5990,0.8822,46.5800,34.4692
05/24/2016,364.7168,1.4220,46.5800,34.4692
05/23/2016,363.2948,-0.7078,46.5800,34.4692
05/20/2016,364.0026,-3.9132,46.5800,34.4692
05/19/2016,367.9158,-0.9444,46.5800,34.4692
05/18/2016,368.8602,-1.9323,46.5800,31.2086
05/17/2016,370.7925,-0.3025,46.5800,31.2086
05/16/2016,371.0950,3.3850,46.5800,31.2086
05/13/2016,367.7100,-1.8088,46.5800,31.2086
05/12/2016,369.5188,2.6958,46.5800,31.2086
05/11/2016,366.8230,2.0361,46.5800,32.1402
05/10/2016,364.7869,1.6811,46.5800,32.1402
05/09/2016,363.1058,0.7378,46.5800,32.1402
05/06/2016,362.3680,2.0872,46.5800,32.1402
05/05/2016,360.2808,-2.0222,46.5800,32.1402
05/04/2016,362.3030,-1.0517,46.5800,33.5376
05/03/2016,363.3547,0.3924,46.5800,33.5376
05/02/2016,362.9623,-2.1501,46.5800,33.5376
04/29/2016,365.1124,-1.2529,46.5800,33.5376
04/28/2016,366.3653,-0.2794,46.5800,33.5376
04/27/2016,366.6447,1.9767,46.5800,33.5376
04/26/2016,364.6680,-1.2622,46.5800,33.5376
04/25/2016,365.9302,-0.1710,46.5800,33.5376
04/22/2016,366.1012,-0.9233,46.5800,33.5376
04/21/2016,367.0245,1.4307,46.5800,33.5376
04/20/2016,365.5938,-4.1230,46.5800,33.5376
04/19/2016,369.7168,0.1086,46.5800,33.5376
04/18/2016,369.6082,0.4368,46.5800,33.5376
04/15/2016,369.1714,2.3560,46.5800,33.5376
04/14/2016,366.8154,-0.1375,46.5800,33.5376
04/13/2016,366.9529,-3.3020,46.5800,30.2770
04/12/2016,370.2549,1.1128,46.5800,30.2770
04/11/2016,369.1421,-0.8876,46.5800,30.2770
04/08/2016,370.0297,-3.7194,46.5800,30.2770
04/07/2016,373.7491,-0.0347,46.5800,32.6060
04/06/2016,373.7838,2.4203,46.5800,32.6060
04/05/2016,371.3635,-0.6802,46.5800,32.6060
04/04/2016,372.0437,3.0215,46.5800,32.6060
04/01/2016,369.0222,-0.1572,46.5800,32.6060
03/31/2016,369.1794,-2.1894,46.5800,32.6060
03/30/2016,371.3688,-0.4918,46.5800,33.5376
03/29/2016,371.8606,1.0675,46.5800,33.5376
03/28/2016,370.7931,1.1668,46.5800,33.5376
03/25/2016,369.6263,2.0568,46.5800,33.5376
03/24/2016,367.5695,1.5231,46.5800,33.5376
03/23/2016,366.0464,2.9585,46.5800,34.4692
03/22/2016,363.0879,-3.2220,46.5800,34.4692
03/21/2016,366.3099,-1.2897,46.5800,34.4692
03/18/2016,367.5996,-0.1679,46.5800,34.4692
03/17/2016,367.7675,0.7733,46.5800,34.4692
03/16/2016,366.9942,-5.0388,46.5800,34.4692
03/15/2016,372.0330,3.9584,46.5800,34.4692
03/14/2016,368.0746,1.5678,46.5800,34.4692
03/11/2016,366.5068,-2.3165,46.5800,34.4692
03/10/2016,368.8233,-3.6088,46.5800,34.4692
03/09/2016,372.4321,2.3766,46.5800,33.5376
03/08/2016,370.0555,-1.2902,46.5800,33.5376
03/07/2016,371.3457,-1.6231,46.5800,33.5376
03/04/2016,372.9688,-0.6135,46.5800,33.5376
03/03/2016,373.5823,3.7647,46.5800,33.5376
03/02/2016,369.8176,-0.3960,46.5800,33.5376
03/01/2016,370.2136,-2.1876,46.5800,33.5376
02/29/2016,372.4012,5.5765,46.5800,33.5376
02/26/2016,366.8247,10.2635,46.5800,33.5376
02/25/2016,356.5612,-1.3430,46.5800,33.5376
02/24/2016,357.9042,-0.9879,46.5800,34.0034
02/23/2016,358.8921,1.7270,46.5800,34.0034
02/22/2016,357.1651,1.8138,46.5800,34.0034
02/19/2016,355.3513,-13.4166,46.5800,34.0034
02/18/2016,368.7679,-1.4191,46.5800,34.0034
02/17/2016,370.1870,2.9823,46.5800,34.0034
02/16/2016,367.2047,-0.7489,46.5800,34.0034
02/15/2016,367.9536,-4.9328,46.5800,34.0034
02/12/2016,372.8864,-0.9290,46.5800,34.0034
02/11/2016,373.8154,1.4327,46.5800,33.5376
02/10/2016,372.3827,-1.2818,46.5800,33.5376
02/09/2016,373.6645,0.2112,46.5800,33.5376
02/08/2016,373.4533,1.8584,46.5800,33.5376
02/05/2016,371.5949,-0.0523,46.5800,33.5376
02/04/2016,371.6472,-1.6812,46.5800,33.5376
02/03/2016,373.3284,2.5935,46.5800,32.6060
02/02/2016,370.7349,-2.6192,46.5800,32.6060
02/01/2016,373.3541,-3.3565,46.5800,32.6060
01/29/2016,376.7106,2.0338,46.5800,32.6060
01/28/2016,374.6768,2.3819,46.5800,32.6060
01/27/2016,372.2949,-3.9620,46.5800,32.6060
01/26/2016,376.2569,-1.8808,46.5800,32.6060
01/25/2016,378.1377,2.0520,46.5800,32.6060
01/22/2016,376.0857,0.1948,46.5800,32.6060
01/21/2016,375.8909,-2.8602,46.5800,32.6060
01/20/2016,378.7511,1.9447,46.5800,31.2086
01/19/2016,376.8064,4.4879,46.5800,31.2086
01/18/2016,372.3185,-1.5540,46.5800,31.2086
01/15/2016,373.8725,-1.8819,46.5800,31.2086
01/14/2016,375.7544,-1.6373,46.5800,31.2086
01/13/2016,377.3917,1.1898,46.5800,30.2770
01/12/2016,376.2019,-5.8804,46.5800,30.2770
01/11/2016,382.0823,6.6284,46.5800,30.2770
01/08/2016,375.4539,1.5292,46.5800,30.2770
01/07/2016,373.9247,-1.3913,46.5800,30.2770
01/06/2016,375.3160,-1.5474,46.5800,31.6744
01/05/2016,376.8634,0.4585,46.5800,31.6744
01/04/2016,376.4049,-5.7277,46.5800,31.6744
12/31/2015,382.1326,1.4737,46.5800,31.6744
12/30/2015,380.6589,1.9550,46.5800,31.6744
12/29/2015,378.7039,1.9893,46.5800,31.6744
12/28/2015,376.7146,4.3990,46.5800,31.6744
12/24/2015,372.3156,-2.4245,46.5800,32.1402
12/23/2015,374.7401,2.0852,46.5800,32.1402
12/22/2015,372.6549,-4.4743,46.5800,32.1402
12/21/2015,377.1292,-2.9107,46.5800,32.1402
12/18/2015,380.0399,4.5631,46.5800,32.1402
12/17/2015,375.4768,0.6050,46.5800,32.1402
12/16/2015,374.8718,-1.2836,46.5800,31.6744
12/15/2015,376.1554,5.3383,46.5800,31.6744
12/14/2015,370.8171,0.3404,46.5800,31.6744
12/11/2015,370.4767,-6.5065,46.5800,31.6744
12/10/2015,376.9832,4.0869,46.5800,31.6744
12/09/2015,372.8963,-2.1165,46.5800,31.6744
12/08/2015,375.0128,0.6637,46.5800,31.6744
12/07/2015,374.3491,0.2978,46.5800,31.6744
12/04/2015,374.0513,-0.3893,46.5800,31.6744
12/03/2015,374.4406,-2.1438,46.5800,31.6744
12/02/2015,376.5844,1.7762,46.5800,31.2086
12/01/2015,374.8082,0.5522,46.5800,31.2086
11/30/2015,374.2560,-2.0409,46.5800,31.2086
11/27/2015,376.2969,-1.5461,46.5800,31.2086
11/25/2015,377.8430,-1.2524,46.5800,30.2770
11/24/2015,379.0954,2.3936,46.5800,30.2770
11/23/2015,376.7018,3.2839,46.5800,30.2770
11/20/2015,373.4179,0.1774,46.5800,30.2770
11/19/2015,373.2405,1.6652,46.5800,30.2770
11/18/2015,371.5753,-0.7671,46.5800,31.2086
11/17/2015,372.3424,0.1753,46.5800,31.2086
11/16/2015,372.1671,-4.4915,46.5800,31.2086
11/13/2015,376.6586,-0.1818,46.5800,31.2086
11/12/2015,376.8404,1.3254,46.5800,30.7428
11/11/2015,375.5150,-0.0849,46.5800,30.7428
11/10/2015,375.5999,-2.1033,46.5800,30.7428
11/09/2015,377.7032,7.7202,46.5800,30.7428
11/06/2015,369.9830,0.5002,46.5800,30.7428
11/05/2015,369.4828,1.5476,46.5800,30.7428
11/04/2015,367.9352,-0.2849,46.5800,30.2770
11/03/2015,368.2201,-0.0244,46.5800,30.2770
11/02/2015,368.2445,0.1701,46.5800,30.2770
10/30/2015,368.0744,-1.1982,46.5800,30.2770
10/29/2015,369.2726,3.0623,46.5800,30.2770
10/28/2015,366.2103,1.0797,46.5800,30.2770
10/27/2015,365.1306,-1.4970,46.5800,30.2770
10/26/2015,366.6276,-6.5084,46.5800,30.2770
10/23/2015,373.1360,1.9955,46.5800,30.2770
10/22/2015,371.1405,-3.7593,46.5800,30.2770
10/21/2015,374.8998,-0.9944,46.5800,30.7428
10/20/2015,375.8942,3.1147,46.5800,30.7428
10/19/2015,372.7795,7.5854,46.5800,30.7428
10/16/2015,365.1941,0.3337,46.5800,30.7428
10/15/2015,364.8604,-1.1113,46.5800,30.7428
10/14/2015,365.9717,2.7092,46.5800,29.8112
10/13/2015,363.2625,-2.7876,46.5800,29.8112
10/12/2015,366.0501,-3.8067,46.5800,29.8112
10/09/2015,369.8568,-1.1475,46.5800,29.8112
10/08/2015,371.0043,-0.6201,46.5800,29.8112
10/07/2015,371.6244,-2.0409,46.5800,30.7428
10/06/2015,373.6653,1.9386,46.5800,30.7428
10/05/2015,371.7267,0.3622,46.5800,30.7428
10/02/2015,371.3645,-0.9690,46.5800,30.7428
10/01/2015,372.3335,1.6506,46.5800,30.7428
09/30/2015,370.6829,0.1960,46.5800,30.7428
09/29/2015,370.4869,-0.3793,46.5800,30.7428
09/28/2015,370.8662,-1.3113,46.5800,30.7428
09/25/2015,372.1775,7.8598,46.5800,30.7428
09/24/2015,364.3177,1.2420,46.5800,30.7428
09/23/2015,363.0757,0.8567,46.5800,32.1402
09/22/2015,362.2190,0.1102,46.5800,32.1402
09/21/2015,362.1088,-1.5446,46.5800,32.1402
09/18/2015,363.6534,-9.2718,46.5800,32.1402
09/17/2015,372.9252,-1.9059,46.5800,32.1402
09/16/2015,374.8311,1.9120,46.5800,31.6744
09/15/2015,372.9191,0.6969,46.5800,31.6744
09/14/2015,372.2222,1.2055,46.5800,31.6744
09/11/2015,371.0167,2.9196,46.5800,31.6744
09/10/2015,368.0971,0.1337,46.5800,31.6744
09/09/2015,367.9634,-3.9676,46.5800,32.1402
09/08/2015,371.9310,-0.0188,46.5800,32.1402
09/04/2015,371.9498,-0.9983,46.5800,31.6744
09/03/2015,372.9481,0.8198,46.5800,31.6744
09/02/2015,372.1283,0.7823,46.5800,31.6744
09/01/2015,371.3460,2.9799,46.5800,31.6744
08/31/2015,368.3661,0.6909,46.5800,31.6744
08/28/2015,367.6752,0.3857,46.5800,31.6744
08/27/2015,367.2895,0.5993,46.5800,31.6744
08/26/2015,366.6902,-1.2636,46.5800,32.6060
08/25/2015,367.9538,0.0063,46.5800,32.6060
08/24/2015,367.9475,-0.2570,46.5800,32.6060
08/21/2015,368.2045,0.7199,46.5800,32.6060
08/20/2015,367.4846,-0.2585,46.5800,32.6060
08/19/2015,367.7431,-1.6660,46.5800,33.0718
08/18/2015,369.4091,0.0003,46.5800,33.0718
08/17/2015,369.4088,-0.3244,46.5800,33.0718
08/14/2015,369.7332,-0.3676,46.5800,33.0718
08/13/2015,370.1008,-0.1956,46.5800,33.0718
08/12/2015,370.2964,1.8703,46.5800,33.0718
08/11/2015,368.4261,0.4376,46.5800,33.0718
08/10/2015,367.9885,3.3375,46.5800,33.0718
08/07/2015,364.6510,-2.0677,46.5800,33.0718
08/06/2015,366.7187,5.0790,46.5800,33.0718
08/05/2015,361.6397,2.9768,46.5800,32.6060
08/04/2015,358.6629,-1.3389,46.5800,32.6060
08/03/2015,360.0018,0.2538,46.5800,32.6060
07/31/2015,359.7480,-0.0589,46.5800,32.6060
07/30/2015,359.8069,-4.7550,46.5800,32.6060
07/29/2015,364.5619,-1.4737,46.5800,32.6060
07/28/2015,366.0356,0.3293,46.5800,32.6060
07/27/2015,365.7063,0.4285,46.5800,32.6060
07/24/2015,365.2778,-2.4581,46.5800,32.6060
07/23/2015,367.7359,0.4996,46.5800,33.0718
07/22/2015,367.2363,-2.5501,46.5800,33.0718
07/21/2015,369.7864,-0.2244,46.5800,33.0718
07/20/2015,370.0108,-3.5537,46.5800,33.0718
07/17/2015,373.5645,3.6372,46.5800,33.0718
07/16/2015,369.9273,0.1961,46.5800,33.0718
07/15/2015,369.7312,1.7082,46.5800,33.0718
07/14/2015,368.0230,-3.1813,46.5800,33.0718
07/13/2015,371.2043,1.2184,46.5800,33.0718
07/10/2015,369.9859,-2.3926,46.5800,33.0718
07/09/2015,372.3785,-0.5331,46.5800,33.0718
07/08/2015,372.9116,0.4311,46.5800,32.6060
07/07/2015,372.4805,1.4637,46.5800,32.6060
07/06/2015,371.0168,-3.4726,46.5800,32.6060
07/02/2015,374.4894,1.2221,46.5800,32.6060
07/01/2015,373.2673,0.4293,46.5800,33.0718
06/30/2015,372.8380,0.8725,46.5800,33.0718
06/29/2015,371.9655,5.5151,46.5800,33.0718
06/26/2015,366.4504,2.4613,46.5800,33.0718
06/25/2015,363.9891,-0.8008,46.5800,33.0718
06/24/2015,364.7899,4.3034,46.5800,34.0034
06/23/2015,360.4865,0.5073,46.5800,34.0034
06/22/2015,359.9792,2.7293,46.5800,34.0034
06/19/2015,357.2499,0.1973,46.5800,34.0034
06/18/2015,357.0526,1.1882,46.5800,34.0034
06/17/2015,355.8644,-2.2449,46.5800,33.0718
06/16/2015,358.1093,2.8346,46.5800,33.0718
06/15/2015,355.2747,-6.1690,46.5800,33.0718
06/12/2015,361.4437,-1.3245,46.5800,33.0718
06/11/2015,362.7682,0.5136,46.5800,33.5376
06/10/2015,362.2546,-1.4568,46.5800,33.5376
06/09/2015,363.7114,-3.3752,46.5800,33.5376
06/08/2015,367.0866,-3.3097,46.5800,33.5376
06/05/2015,370.3963,0.7223,46.5800,33.5376
06/04/2015,369.6740,0.0162,46.5800,34.0034
06/03/2015,369.6578,-1.9545,46.5800,34.0034
06/02/2015,371.6123,3.4812,46.5800,34.0034
06/01/2015,368.1311,1.1977,46.5800,34.0034
05/29/2015,366.9334,-0.9983,46.5800,34.0034
05/28/2015,367.9317,0.9400,46.5800,34.0034
05/27/2015,366.9917,0.7085,46.5800,34.0034
05/26/2015,366.2832,0.4687,46.5800,34.0034
05/22/2015,365.8145,1.6211,46.5800,34.0034
05/21/2015,364.1934,-2.5855,46.5800,34.0034
05/20/2015,366.7789,0.3043,46.5800,34.4692
05/19/2015,366.4746,-0.8879,46.5800,34.4692
05/18/2015,367.3625,-3.5021,46.5800,34.4692
05/15/2015,370.8646,0.3194,46.5800,34.4692
05/14/2015,370.5452,-1.3095,46.5800,34.4692
05/13/2015,371.8547,-0.4040,46.5800,34.4692
05/12/2015,372.2587,0.3374,46.5800,34.4692
05/11/2015,371.9213,-1.8122,46.5800,34.4692
05/08/2015,373.7335,0.4410,46.5800,34.4692
05/07/2015,373.2925,2.2659,46.5800,34.4692
05/06/2015,371.0266,-0.0928,46.5800,34.0034
05/05/2015,371.1194,-1.6201,46.5800,34.0034
05/04/2015,372.7395,12.4686,46.5800,34.0034
05/01/2015,360.2709,-2.0254,46.5800,34.0034
04/30/2015,362.2963,0.3502,46.5800,34.0034
04/29/2015,361.9461,3.5806,46.5800,31.2086
04/28/2015,358.3655,0.1389,46.5800,31.2086
04/27/2015,358.2266,-10.0240,46.5800,31.2086
04/24/2015,368.2506,0.1727,46.5800,31.2086
04/23/2015,368.0779,-0.2833,46.5800,31.2086
04/22/2015,368.3612,-8.4561,46.5800,31.2086
04/21/2015,376.8173,-0.6791,46.5800,31.2086
04/20/2015,377.4964,-4.2546,46.5800,31.2086
04/17/2015,381.7510,0.5096,46.5800,31.2086
04/16/2015,381.2414,0.4905,46.5800,32.6060
04/15/2015,380.7509,-0.5561,46.5800,32.6060
04/14/2015,381.3070,4.2025,46.5800,32.6060
04/13/2015,377.1045,1.6364,46.5800,32.6060
04/10/2015,375.4681,1.7849,46.5800,32.6060
04/09/2015,373.6832,3.1715,46.5800,32.6060
04/08/2015,370.5117,2.4196,46.5800,33.0718
04/07/2015,368.0921,-0.8369,46.5800,33.0718
04/06/2015,368.9290,-2.3580,46.5800,33.0718
04/03/2015,371.2870,-3.8659,46.5800,33.0718
04/02/2015,375.1529,-0.5301,46.5800,33.0718
04/01/2015,375.6830,1.7668,46.5800,33.5376
03/31/2015,373.9162,-1.9763,46.5800,33.5376
03/30/2015,375.8925,-0.3653,46.5800,33.5376
03/27/2015,376.2578,3.8486,46.5800,33.5376
03/26/2015,372.4092,0.1208,46.5800,33.5376
03/25/2015,372.2884,-2.4119,46.5800,34.0034
03/24/2015,374.7003,1.1965,46.5800,34.0034
03/23/2015,373.5038,4.6429,46.5800,34.0034
03/20/2015,368.8609,-0.3435,46.5800,34.0034
03/19/2015,369.2044,2.6392,46.5800,34.0034
03/18/2015,366.5652,-2.8897,46.5800,34.0034
03/17/2015,369.4549,1.8339,46.5800,34.0034
03/16/2015,367.6210,-1.7715,46.5800,34.0034
03/13/2015,369.3925,-4.5757,46.5800,34.0034
03/12/2015,373.9682,-5.3546,46.5800,34.0034
03/11/2015,379.3228,-1.9368,46.5800,33.5376
03/10/2015,381.2596,-1.7848,46.5800,33.5376
03/09/2015,383.0444,3.5246,46.5800,33.5376
03/06/2015,379.5198,17.2064,46.5800,33.5376
03/05/2015,362.3134,0.7285,46.5800,33.5376
03/04/2015,361.5849,3.1473,46.5800,33.0718
03/03/2015,358.4376,-0.3335,46.5800,33.0718
03/02/2015,358.7711,-2.6192,46.5800,33.0718
02/27/2015,361.3903,-12.4075,46.5800,33.0718
02/26/2015,373.7978,8.3532,46.5800,33.0718
02/25/2015,365.4446,3.5092,46.5800,33.0718
02/24/2015,361.9354,-0.3341,46.5800,33.0718
02/23/2015,362.2695,7.5898,46.5800,33.0718
02/20/2015,354.6797,-1.0852,46.5800,33.0718
02/19/2015,355.7649,-2.1560,46.5800,33.0718
02/18/2015,357.9209,-0.5667,46.5800,34.0034
02/17/2015,358.4876,0.1377,46.5800,34.0034
02/16/2015,358.3499,-4.8978,46.5800,34.0034
02/13/2015,363.2477,-4.6003,46.5800,34.0034
02/12/2015,367.8480,-3.6127,46.5800,34.0034
02/11/2015,371.4607,-1.8308,46.5800,33.0718
02/10/2015,373.2915,-5.4694,46.5800,33.0718
02/09/2015,378.7609,-3.0462,46.5800,33.0718
02/06/2015,381.8071,0.7020,46.5800,33.0718
02/05/2015,381.1051,0.4959,46.5800,33.0718
02/04/2015,380.6092,2.7191,46.5800,33.0718
02/03/2015,377.8901,-1.1755,46.5800,33.0718
02/02/2015,379.0656,-4.6172,46.5800,33.0718
01/30/2015,383.6828,2.9502,46.5800,33.0718
01/29/2015,380.7326,-0.6934,46.5800,33.0718
01/28/2015,381.4260,-2.3979,46.5800,33.0718
01/27/2015,383.8239,0.5415,46.5800,33.0718
01/26/2015,383.2824,1.8963,46.5800,33.0718
01/23/2015,381.3861,-3.8694,46.5800,33.0718
01/22/2015,385.2555,-2.0020,46.5800,33.0718
01/21/2015,387.2575,-3.4120,46.5800,32.6060
01/20/2015,390.6695,19.5818,46.5800,32.6060
01/19/2015,371.0877,-2.6654,46.5800,32.6060
01/16/2015,373.7531,1.1703,46.5800,32.6060
01/15/2015,372.5828,0.3856,46.5800,32.6060
01/14/2015,372.1972,5.6310,46.5800,31.6744
01/13/2015,366.5662,-18.7738,46.5800,31.6744
01/12/2015,385.3400,1.9814,46.5800,31.6744
01/09/2015,383.3586,-1.2864,46.5800,31.6744
01/08/2015,384.6450,1.1265,46.5800,31.6744
01/07/2015,383.5185,-7.4688,46.5800,31.6744
01/06/2015,390.9873,-0.4058,46.5800,31.6744
01/05/2015,391.3931,11.7968,46.5800,31.6744
01/02/2015,379.5963,0.5954,46.5800,31.6744
12/31/2014,379.0009,-1.6550,46.5800,31.6744
12/30/2014,380.6559,2.8465,46.5800,32.6060
12/29/2014,377.8094,-0.4009,46.5800,32.6060
12/26/2014,378.2103,-2.6824,46.5800,32.6060
12/24/2014,380.8927,1.3869,46.5800,32.6060
12/23/2014,379.5058,-5.7902,46.5800,32.1402
12/22/2014,385.2960,-5.7199,46.5800,32.1402
12/19/2014,391.0159,3.1850,46.5800,32.1402
12/18/2014,387.8309,0.7363,46.5800,32.1402
12/17/2014,387.0946,0.3067,46.5800,31.6744
12/16/2014,386.7879,6.4300,46.5800,31.6744
12/15/2014,380.3579,0.8679,46.5800,31.6744
12/12/2014,379.4900,-3.4862,46.5800,31.6744
12/11/2014,382.9762,0.9274,46.5800,31.6744
12/10/2014,382.0488,-0.0438,46.5800,31.6744
12/09/2014,382.0926,-4.4944,46.5800,31.6744
12/08/2014,386.5870,-2.6946,46.5800,31.6744
12/05/2014,389.2816,-2.9784,46.5800,31.6744
12/04/2014,392.2600,-0.4941,46.5800,31.6744
12/03/2014,392.7541,1.5601,46.5800,31.6744
12/02/2014,391.1940,1.7417,46.5800,31.6744
12/01/2014,389.4523,4.4705,46.5800,31.6744
11/28/2014,384.9818,1.0362,46.5800,31.6744
11/26/2014,383.9456,-5.9180,46.5800,31.2086
11/25/2014,389.8636,-1.9743,46.5800,31.2086
11/24/2014,391.8379,5.7798,46.5800,31.2086
11/21/2014,386.0581,-1.4661,46.5800,31.2086
11/20/2014,387.5242,1.2768,46.5800,31.2086
11/19/2014,386.2474,4.0183,46.5800,31.2086
11/18/2014,382.2291,1.5623,46.5800,31.2086
11/17/2014,380.6668,-8.2640,46.5800,31.2086
11/14/2014,388.9308,5.5121,46.5800,31.2086
11/13/2014,383.4187,0.3022,46.5800,31.2086
11/12/2014,383.1165,1.4163,46.5800,31.2086
11/11/2014,381.7002,2.1155,46.5800,31.2086
11/10/2014,379.5847,-0.3065,46.5800,31.2086
11/07/2014,379.8912,-0.2354,46.5800,31.2086
11/06/2014,380.1266,-0.9428,46.5800,31.2086
11/05/2014,381.0694,-1.1649,46.5800,30.7428
11/04/2014,382.2343,-0.8816,46.5800,30.7428
11/03/2014,383.1159,3.4589,46.5800,30.7428
10/31/2014,379.6570,-1.4359,46.5800,30.7428
10/30/2014,381.0929,1.6996,46.5800,30.7428
10/29/2014,379.3933,1.2061,46.5800,30.2770
10/28/2014,378.1872,0.2269,46.5800,30.2770
10/27/2014,377.9603,-0.4534,46.5800,30.2770
10/24/2014,378.4137,0.7462,46.5800,30.2770
10/23/2014,377.6675,-1.0180,46.5800,30.2770
10/22/2014,378.6855,-1.2152,46.5800,29.8112
10/21/2014,379.9007,-2.8535,46.5800,29.8112
10/20/2014,382.7542,0.2516,46.5800,29.8112
10/16/2014,383.3512,0.4508,46.5800,29.8112
10/15/2014,382.9004,2.5500,46.5800,30.2770
10/14/2014,380.3504,1.8891,46.5800,30.2770
10/13/2014,378.4613,2.7368,46.5800,30.2770
10/10/2014,375.7245,-0.7475,46.5800,30.2770
10/09/2014,376.4720,0.0994,46.5800,30.2770
10/08/2014,376.3726,1.8509,46.5800,30.2770
10/07/2014,374.5217,0.8808,46.5800,30.2770
10/06/2014,373.6409,-2.3507,46.5800,30.2770
10/03/2014,375.9916,0.6497,46.5800,30.2770
10/02/2014,375.3419,-0.2914,46.5800,30.2770
10/01/2014,375.6333,0.2733,46.5800,30.2770
09/30/2014,375.3600,-0.2274,46.5800,30.2770
09/29/2014,375.5874,-0.7347,46.5800,30.2770
09/26/2014,376.3221,5.6925,46.5800,30.2770
09/25/2014,370.6296,1.1176,46.5800,30.2770
09/24/2014,369.5120,0.0213,46.5800,30.7428
09/23/2014,369.4907,1.1973,46.5800,30.7428
09/22/2014,368.2934,0.4988,46.5800,30.7428
09/19/2014,367.7946,-6.1778,46.5800,30.7428
09/18/2014,373.9724,0.2924,46.5800,30.7428
09/17/2014,373.6800,-1.0935,46.5800,30.2770
09/16/2014,374.7735,-1.0065,46.5800,30.2770
09/15/2014,375.7800,1.4934,46.5800,30.2770
09/12/2014,374.2866,4.9857,46.5800,30.2770
09/11/2014,369.3009,-1.6626,46.5800,30.2770
09/10/2014,370.9635,4.6058,46.5800,30.2770
09/09/2014,366.3577,1.7065,46.5800,30.2770
09/08/2014,364.6512,1.1492,46.5800,30.2770
09/05/2014,363.5020,-4.2178,46.5800,30.2770
09/04/2014,367.7198,0.5634,46.5800,30.2770
09/03/2014,367.1564,-7.4598,46.5800,30.7428
09/02/2014,374.6162,2.9518,46.5800,30.7428
08/29/2014,371.6644,1.9673,46.5800,30.7428
08/28/2014,369.6971,0.9294,46.5800,30.7428
08/27/2014,368.7677,2.5524,46.5800,30.7428
08/26/2014,366.2153,1.6860,46.5800,30.7428
08/25/2014,364.5293,-3.4504,46.5800,30.7428
08/22/2014,367.9797,0.9251,46.5800,30.7428
08/21/2014,367.0546,-0.2087,46.5800,30.7428
08/20/2014,367.2633,-0.1145,46.5800,32.6060
08/19/2014,367.3778,1.8387,46.5800,32.6060
08/18/2014,365.5391,0.7713,46.5800,32.6060
08/15/2014,364.7678,-1.6709,46.5800,32.6060
08/14/2014,366.4387,4.2085,46.5800,32.6060
08/13/2014,362.2302,-2.5490,46.5800,31.2086
08/12/2014,364.7792,-0.0335,46.5800,31.2086
08/11/2014,364.8127,-0.8214,46.5800,31.2086
08/08/2014,365.6341,-3.6803,46.5800,31.2086
08/07/2014,369.3144,-4.9964,46.5800,31.2086
08/06/2014,374.3108,0.8258,46.5800,31.2086
08/05/2014,373.4850,-2.4235,46.5800,31.2086
08/04/2014,375.9085,1.3732,46.5800,31.2086
08/01/2014,374.5353,3.0736,46.5800,31.2086
07/31/2014,371.4617,-0.0156,46.5800,31.2086
07/30/2014,371.4773,-1.2026,46.5800,31.6744
07/29/2014,372.6799,3.6470,46.5800,31.6744
07/28/2014,369.0329,-1.4977,46.5800,31.6744
07/25/2014,370.5306,-0.6529,46.5800,31.6744
07/24/2014,371.1835,5.3834,46.5800,31.6744
07/23/2014,365.8001,3.1095,46.5800,31.6744
07/22/2014,362.6906,-0.3387,46.5800,31.6744
07/21/2014,363.0293,-0.8436,46.5800,31.6744
07/18/2014,363.8729,-3.5142,46.5800,31.6744
07/17/2014,367.3871,-5.3467,46.5800,31.6744
07/16/2014,372.7338,0.5181,46.5800,32.1402
07/15/2014,372.2157,-1.1623,46.5800,32.1402
07/14/2014,373.3780,1.1302,46.5800,32.1402
07/11/2014,372.2478,5.3576,46.5800,32.1402
07/10/2014,366.8902,2.6493,46.5800,32.1402
07/09/2014,364.2409,-3.6397,46.5800,33.0718
07/08/2014,367.8806,0.9056,46.5800,33.0718
07/07/2014,366.9750,-2.2625,46.5800,33.0718
07/03/2014,369.2375,0.6025,46.5800,33.0718
07/02/2014,368.6350,1.0360,46.5800,33.5376
07/01/2014,367.5990,1.0539,46.5800,33.5376
06/30/2014,366.5451,1.9704,46.5800,33.5376
06/27/2014,364.5747,-1.0761,46.5800,33.5376
06/26/2014,365.6508,-1.0531,46.5800,33.5376
06/25/2014,366.7039,-1.9296,46.5800,34.0034
06/24/2014,368.6335,-1.2237,46.5800,34.0034
06/23/2014,369.8572,-0.6410,46.5800,34.0034
06/20/2014,370.4982,2.3787,46.5800,34.0034
06/19/2014,368.1195,1.3266,46.5800,34.0034
06/18/2014,366.7929,1.4767,46.5800,34.4692
06/17/2014,365.3162,-2.0011,46.5800,34.4692
06/16/2014,367.3173,3.2989,46.5800,34.4692
06/13/2014,364.0184,-1.6913,46.5800,34.4692
06/12/2014,365.7097,-0.0126,46.5800,34.4692
06/11/2014,365.7223,-0.7309,46.5800,34.0034
06/10/2014,366.4532,-1.1800,46.5800,34.0034
06/09/2014,367.6332,-6.5161,46.5800,34.0034
06/06/2014,374.1493,-2.0907,46.5800,34.0034
06/05/2014,376.2400,-0.9862,46.5800,34.0034
06/04/2014,377.2262,2.1496,46.5800,34.0034
06/03/2014,375.0766,3.0319,46.5800,34.0034
06/02/2014,372.0447,1.2269,46.5800,34.0034
05/30/2014,370.8178,2.7516,46.5800,34.0034
05/29/2014,368.0662,-1.9225,46.5800,34.0034
05/28/2014,369.9887,-0.8455,46.5800,34.4692
05/27/2014,370.8342,-3.9558,46.5800,34.4692
05/23/2014,374.7900,-4.0608,46.5800,34.4692
05/22/2014,378.8508,-1.1639,46.5800,34.4692
05/21/2014,380.0147,0.5006,46.5800,34.4692
05/20/2014,379.5141,-0.7621,46.5800,34.4692
05/19/2014,380.2762,0.6002,46.5800,34.4692
05/16/2014,379.6760,-1.6756,46.5800,34.4692
05/15/2014,381.3516,0.1594,46.5800,34.4692
05/14/2014,381.1922,-1.4100,46.5800,34.4692
05/13/2014,382.6022,-0.7275,46.5800,34.4692
05/12/2014,383.3297,-1.0528,46.5800,34.4692
05/09/2014,384.3825,1.9685,46.5800,34.4692
05/08/2014,382.4140,-1.6779,46.5800,34.4692
05/07/2014,384.0919,0.9773,46.5800,29.8112
05/06/2014,383.1146,-1.2466,46.5800,29.8112
05/05/2014,384.3612,5.1281,46.5800,29.8112
05/02/2014,379.2331,-6.3793,46.5800,29.8112
05/01/2014,385.6124,1.2771,46.5800,29.8112
04/30/2014,384.3353,-1.4566,46.5800,32.6060
04/29/2014,385.7919,0.7872,46.5800,32.6060
04/28/2014,385.0047,-4.0796,46.5800,32.6060
04/25/2014,389.0843,2.6728,46.5800,32.6060
04/24/2014,386.4115,-1.1797,46.5800,32.6060
04/23/2014,387.5912,0.7837,46.5800,33.5376
04/22/2014,386.8075,2.8838,46.5800,33.5376
04/21/2014,383.9237,2.4135,46.5800,33.5376
04/18/2014,381.5102,0.7238,46.5800,33.5376
04/17/2014,380.7864,0.8173,46.5800,33.5376
04/16/2014,379.9691,0.6269,46.5800,33.0718
04/15/2014,379.3422,-1.6713,46.5800,33.0718
04/14/2014,381.0135,-2.9399,46.5800,33.0718
04/11/2014,383.9534,-0.2341,46.5800,33.0718
04/10/2014,384.1875,-0.3224,46.5800,33.0718
04/09/2014,384.5099,-2.8755,46.5800,33.0718
04/08/2014,387.3854,-0.1941,46.5800,33.0718
04/07/2014,387.5795,3.9052,46.5800,33.0718
04/04/2014,383.6743,-2.1466,46.5800,33.0718
04/03/2014,385.8209,-0.4618,46.5800,33.0718
04/02/2014,386.2827,5.6171,46.5800,33.0718
04/01/2014,380.6656,-2.0351,46.5800,33.0718
03/31/2014,382.7007,-3.2387,46.5800,33.0718
03/28/2014,385.9394,5.4167,46.5800,33.0718
03/27/2014,380.5227,1.6198,46.5800,33.0718
03/26/2014,378.9029,-2.6688,46.5800,33.0718
03/25/2014,381.5717,-0.5828,46.5800,33.0718
03/24/2014,382.1545,0.5698,46.5800,33.0718
03/21/2014,381.5847,-4.8825,46.5800,33.0718
03/20/2014,386.4672,-4.3180,46.5800,33.0718
03/19/2014,390.7852,0.3799,46.5800,33.0718
03/18/2014,390.4053,0.5186,46.5800,33.0718
03/17/2014,389.8867,0.3000,46.5800,33.0718
03/14/2014,389.5867,7.2664,46.5800,33.0718
03/13/2014,382.3203,2.7382,46.5800,33.0718
03/12/2014,379.5821,2.5083,46.5800,32.6060
03/11/2014,377.0738,-1.8111,46.5800,32.6060
03/10/2014,378.8849,3.1945,46.5800,32.6060
03/07/2014,375.6904,1.2816,46.5800,32.6060
03/06/2014,374.4088,-0.3880,46.5800,32.6060
03/05/2014,374.7968,-1.2823,46.5800,33.0718
03/04/2014,376.0791,0.0946,46.5800,33.0718
03/03/2014,375.9845,5.9872,46.5800,33.0718
02/28/2014,369.9973,-0.4343,46.5800,33.0718
02/27/2014,370.4316,-2.2503,46.5800,33.0718
02/26/2014,372.6819,1.1819,46.5800,32.6060
02/25/2014,371.5000,1.6703,46.5800,32.6060
02/24/2014,369.8297,-4.6415,46.5800,32.6060
02/21/2014,374.4712,-7.7045,46.5800,32.6060
02/20/2014,382.1757,-0.5708,46.5800,32.6060
02/19/2014,382.7465,1.6979,46.5800,32.6060
02/18/2014,381.0486,-4.4613,46.5800,32.6060
02/17/2014,385.5099,7.0968,46.5800,32.6060
02/14/2014,378.4131,-0.9921,46.5800,32.6060
02/13/2014,379.4052,1.7580,46.5800,32.6060
02/12/2014,377.6472,-7.9505,46.5800,33.0718
02/11/2014,385.5977,3.9540,46.5800,33.0718
02/10/2014,381.6437,2.1010,46.5800,33.0718
02/07/2014,379.5427,5.7284,46.5800,33.0718
02/06/2014,373.8143,-1.7703,46.5800,33.0718
02/05/2014,375.5846,3.0328,46.5800,32.6060
02/04/2014,372.5518,-0.5128,46.5800,32.6060
02/03/2014,373.0646,4.6291,46.5800,32.6060
01/31/2014,368.4355,-0.1851,46.5800,32.6060
01/30/2014,368.6206,1.8490,46.5800,32.6060
01/29/2014,366.7716,-0.3983,46.5800,32.6060
01/28/2014,367.1699,-0.0061,46.5800,32.6060
01/27/2014,367.1760,-7.2457,46.5800,32.6060
01/24/2014,374.4217,-4.5070,46.5800,32.6060
01/23/2014,378.9287,-4.3657,46.5800,32.6060
01/22/2014,383.2944,0.7259,46.5800,31.6744
01/21/2014,382.5685,-1.1084,46.5800,31.6744
01/20/2014,383.6769,6.4174,46.5800,31.6744
01/17/2014,377.2595,-2.2318,46.5800,31.6744
01/16/2014,379.4913,7.1704,46.5800,31.6744
01/15/2014,372.3209,-2.0362,46.5800,31.2086
01/14/2014,374.3571,-1.3032,46.5800,31.2086
01/13/2014,375.6603,-3.2230,46.5800,31.2086
01/10/2014,378.8833,-1.9522,46.5800,31.2086
01/09/2014,380.8355,-3.6975,46.5800,30.7428
01/08/2014,384.5330,-0.3429,46.5800,30.7428
01/07/2014,384.8759,-1.3119,46.5800,30.7428
01/06/2014,386.1878,0.4245,46.5800,30.7428
01/03/2014,385.7633,-2.2065,46.2434,30.5207
01/02/2014,387.9698,-2.8042,46.2434,30.5207
12/31/2013,390.7740,5.7608,46.2434,30.9831
12/30/2013,385.0132,4.6966,46.2434,30.9831
12/27/2013,380.3166,2.4196,46.2434,30.9831
12/26/2013,377.8970,-3.7532,46.2434,30.9831
12/24/2013,381.6502,-3.7821,46.2434,30.9831
12/23/2013,385.4323,-1.0619,46.2434,30.9831
12/20/2013,386.4942,2.2751,46.2434,30.9831
12/19/2013,384.2191,6.0297,46.2434,30.9831
12/18/2013,378.1894,8.6967,46.2434,30.5207
12/17/2013,369.4927,-0.2580,46.2434,30.5207
12/16/2013,369.7507,-3.1015,46.2434,30.5207
12/13/2013,372.8522,-0.2281,46.2434,30.5207
12/12/2013,373.0803,-2.8933,46.2434,30.5207
12/11/2013,375.9736,-9.6807,46.2434,30.5207
12/10/2013,385.6543,0.3887,46.2434,30.5207
12/09/2013,385.2656,0.9566,46.2434,30.5207
12/06/2013,384.3090,4.0445,46.2434,30.5207
12/05/2013,380.2645,-1.3791,46.2434,30.5207
12/04/2013,381.6436,5.9081,46.2434,30.5207
12/03/2013,375.7355,-0.0563,46.2434,30.5207
12/02/2013,375.7918,0.7301,46.2434,30.5207
11/29/2013,375.0617,0.1477,46.2434,30.5207
11/27/2013,374.9140,0.9787,46.2434,30.0582
11/26/2013,373.9353,0.7824,46.2434,30.0582
11/22/2013,357.0214,0.4595,46.2434,30.0582
11/21/2013,356.5619,-5.1066,46.2434,30.0582
11/20/2013,361.6685,-2.8747,46.2434,30.0582
11/19/2013,364.5432,2.6256,46.2434,30.0582
11/18/2013,361.9176,-11.1853,46.2434,30.0582
11/15/2013,373.1029,0.8864,46.2434,30.0582
11/14/2013,372.2165,10.5879,46.2434,30.0582
11/13/2013,361.6286,4.5162,46.2434,30.5207
11/12/2013,357.1124,3.4263,46.2434,30.5207
11/08/2013,353.6861,1.5776,46.2434,30.5207
11/07/2013,352.1085,-2.7520,46.2434,30.5207
11/06/2013,354.8605,-2.7067,46.2434,29.1333
11/05/2013,357.5672,1.2226,46.2434,29.1333
11/04/2013,356.3446,4.0692,46.2434,29.1333
10/31/2013,350.8623,1.6440,46.2434,29.1333
10/30/2013,349.2183,-0.0367,46.2434,29.5958
10/29/2013,349.2550,2.5471,46.2434,29.5958
10/28/2013,346.7079,3.4592,46.2434,29.5958
10/25/2013,343.2487,-0.2703,46.2434,29.5958
10/24/2013,343.5190,-0.1217,46.2434,29.5958
10/23/2013,343.6407,4.0371,46.2434,29.5958
10/22/2013,339.6036,-1.1460,46.2434,30.0582
10/21/2013,340.7496,-4.9693,46.2434,30.0582
10/18/2013,345.7189,0.5442,46.2434,29.5958
10/17/2013,345.1747,24.9284,46.2434,29.5958
09/30/2013,320.2463,0.1971,46.2434,29.5958
09/27/2013,320.0492,3.0849,46.2434,29.5958
09/26/2013,316.9643,1.5150,46.2434,29.5958
09/25/2013,315.4493,0.7765,46.2434,30.0582
09/24/2013,314.6728,-0.9484,46.2434,30.0582
09/23/2013,315.6212,-3.0225,46.2434,30.0582
09/20/2013,318.6437,7.7347,46.2434,30.0582
09/19/2013,310.9090,1.1657,46.2434,30.0582
09/18/2013,309.7433,-0.2725,46.2434,30.9831
09/17/2013,310.0158,0.1132,46.2434,30.9831
09/16/2013,309.9026,1.4454,46.2434,30.9831
09/13/2013,308.4572,-8.1102,46.2434,30.9831
09/12/2013,316.5674,-2.1782,46.2434,30.9831
09/11/2013,318.7456,0.1376,46.2434,31.4455
09/10/2013,318.6080,-0.5864,46.2434,31.4455
09/09/2013,319.1944,-0.5760,46.2434,31.4455
09/06/2013,319.7704,3.8044,46.2434,31.4455
09/05/2013,315.9660,-4.9003,46.2434,31.4455
09/04/2013,320.8663,-5.4873,46.2434,31.9079
09/03/2013,326.3536,3.0253,46.2434,31.9079
08/30/2013,323.3283,-0.1913,46.2434,31.9079
08/29/2013,323.5196,2.9174,46.2434,31.9079
08/28/2013,320.6022,-0.3514,46.2434,30.9831
08/27/2013,320.9536,1.2452,46.2434,30.9831
08/26/2013,319.7084,6.1216,46.2434,30.9831
08/23/2013,313.5868,-2.6051,46.2434,30.9831
08/22/2013,316.1919,0.3300,46.2434,30.9831
08/21/2013,315.8619,0.9680,46.2434,31.4455
08/20/2013,314.8939,-9.1043,46.2434,31.4455
08/19/2013,323.9982,1.8504,46.2434,31.4455
08/16/2013,322.1478,3.5093,46.2434,31.4455
08/15/2013,318.6385,0.8260,46.2434,31.4455
08/14/2013,317.8125,0.2561,46.2434,31.9079
08/13/2013,317.5564,1.5918,46.2434,31.9079
08/12/2013,315.9646,1.0405,46.2434,31.9079
08/09/2013,314.9241,3.3279,46.2434,31.9079
08/08/2013,311.5962,-0.5090,46.2434,31.4455
08/07/2013,312.1052,-0.3946,46.2434,31.4455
08/06/2013,312.4998,2.1445,46.2434,31.4455
08/05/2013,310.3553,-1.6504,46.2434,31.4455
08/02/2013,312.0057,-3.8662,46.2434,31.4455
08/01/2013,315.8719,-0.4926,46.2434,31.4455
07/31/2013,316.3645,-1.9639,46.2434,30.9831
07/30/2013,318.3284,-0.9993,46.2434,30.9831
07/29/2013,319.3277,-8.3529,46.2434,30.9831
07/26/2013,327.6806,9.4372,46.2434,30.9831
07/25/2013,318.2434,2.8155,46.2434,30.9831
07/24/2013,315.4279,2.4462,46.2434,33.2953
07/23/2013,312.9817,-1.5697,46.2434,33.2953
07/22/2013,314.5514,0.1733,46.2434,33.2953
07/19/2013,314.3781,0.6720,46.2434,33.2953
07/18/2013,313.7061,0.5473,46.2434,33.2953
07/17/2013,313.1588,-0.1918,46.2434,33.2953
07/16/2013,313.3506,1.4700,46.2434,33.2953
07/15/2013,311.8806,0.3269,46.2434,33.2953
07/12/2013,311.5537,-5.6193,46.2434,33.2953
07/10/2013,315.7543,-0.1959,46.2434,32.8329
07/09/2013,315.9502,-3.4703,46.2434,32.8329
07/08/2013,319.4205,-1.1156,46.2434,32.8329
07/05/2013,320.5361,-2.5213,46.2434,32.8329
07/03/2013,323.0574,-2.7817,46.2434,32.8329
07/02/2013,325.8391,0.7109,46.2434,32.8329
07/01/2013,325.1282,-2.4416,46.2434,32.8329
06/28/2013,327.5698,3.4053,46.2434,32.8329
06/27/2013,324.1645,-11.2598,46.2434,32.8329
06/26/2013,335.4243,5.5145,46.2434,33.2953
06/25/2013,329.9098,0.2597,46.2434,33.2953
06/24/2013,329.6501,-0.5742,46.2434,33.2953
06/21/2013,330.2243,4.2939,46.2434,33.2953
06/20/2013,325.9304,1.5715,46.2434,33.2953
06/19/2013,324.3589,0.1989,46.2434,32.8329
06/18/2013,324.1600,0.1034,46.2434,32.8329
06/17/2013,324.0566,-0.9939,46.2434,32.8329
06/14/2013,325.0505,3.4298,46.2434,32.8329
06/13/2013,321.6207,-0.4842,46.2434,33.2953
06/12/2013,322.1049,1.2216,46.2434,33.2953
06/11/2013,320.8833,0.4106,46.2434,33.2953
06/10/2013,320.4727,3.3057,46.2434,33.2953
06/07/2013,317.1670,-5.9948,46.2434,33.2953
06/06/2013,323.1618,2.2805,46.2434,33.2953
06/05/2013,320.8813,-1.1994,46.2434,34.2202
06/04/2013,322.0807,-0.0472,46.2434,34.2202
05/30/2013,326.4495,-1.7955,46.2434,32.8329
05/29/2013,328.2450,0.7489,46.2434,32.8329
05/28/2013,327.4961,0.7975,46.2434,32.8329
05/24/2013,326.6986,0.8717,46.2434,32.8329
05/23/2013,325.8269,-0.1652,46.2434,32.8329
05/22/2013,325.9921,-2.6941,46.2434,30.5207
05/21/2013,328.6862,-0.0429,46.2434,30.5207
05/20/2013,328.7291,5.3897,46.2434,30.5207
05/17/2013,323.3394,1.1978,46.2434,30.5207
05/16/2013,322.1416,-1.7066,46.2434,32.8329
05/15/2013,323.8482,0.3424,46.2434,32.8329
05/14/2013,323.5058,3.3396,46.2434,32.8329
05/13/2013,320.1662,-5.4544,46.2434,32.8329
05/10/2013,325.6206,-0.7352,46.2434,32.8329
05/09/2013,326.3558,-1.9779,46.2434,34.6826
05/08/2013,328.3337,1.1190,46.2434,34.6826
05/07/2013,327.2147,-1.7345,46.2434,34.6826
05/06/2013,328.9492,-0.3087,46.2434,34.6826
05/03/2013,329.2579,-2.9965,46.2434,34.6826
05/02/2013,332.2544,1.9103,46.2434,34.6826
05/01/2013,330.3441,-0.1716,46.2434,34.6826
04/30/2013,330.5157,-0.6193,46.2434,34.6826
04/29/2013,331.1350,0.0044,46.2434,34.6826
04/26/2013,331.1306,0.3730,46.2434,34.6826
04/25/2013,330.7576,-2.1648,46.2434,34.6826
04/24/2013,332.9224,0.5712,46.2434,34.2202
04/23/2013,332.3512,-2.3833,46.2434,34.2202
04/22/2013,334.7345,3.5100,46.2434,34.2202
04/19/2013,331.2245,-2.4630,46.2434,34.2202
04/18/2013,333.6875,1.4428,46.2434,31.4455
04/17/2013,332.2447,0.2231,46.2434,31.4455
04/16/2013,332.0216,3.3809,46.2434,31.4455
04/15/2013,328.6407,-1.7395,46.2434,31.4455
04/12/2013,330.3802,2.6896,46.2434,31.4455
04/11/2013,327.6906,-1.9639,46.2434,31.4455
04/10/2013,329.6545,0.0036,46.2434,32.8329
04/09/2013,329.6509,-1.6479,46.2434,33.2953
04/08/2013,331.2988,-4.5473,46.2434,33.2953
04/05/2013,335.8461,-0.6360,46.2434,33.2953
04/04/2013,336.4821,-2.3274,46.2434,33.2953
04/03/2013,338.8095,0.8282,46.2434,33.2953
04/02/2013,337.9813,-1.0195,46.2434,33.2953
04/01/2013,339.0008,-3.3403,46.2434,33.2953
03/29/2013,342.3411,1.3639,46.2434,33.2953
03/28/2013,340.9772,3.5020,46.2434,33.2953
03/27/2013,337.4752,2.3372,46.2434,33.7577
03/26/2013,335.1380,0.2958,46.2434,33.7577
03/25/2013,334.8422,-2.0115,46.2434,33.7577
03/22/2013,336.8537,-1.3254,46.2434,33.7577
03/21/2013,338.1791,-1.5972,46.2434,34.6826
03/20/2013,339.7763,-0.3031,46.2434,34.6826
03/19/2013,340.0794,0.8040,46.2434,34.6826
03/18/2013,339.2754,2.0660,46.2434,34.6826
03/15/2013,337.2094,2.5119,46.2434,34.6826
03/14/2013,334.6977,0.5451,46.2434,33.7577
03/13/2013,334.1526,0.2046,46.2434,33.7577
03/12/2013,333.9480,-0.5072,46.2434,33.7577
03/11/2013,334.4552,1.1415,46.2434,33.7577
03/08/2013,333.3137,-4.1128,46.2434,33.7577
03/07/2013,337.4265,0.5099,46.2434,33.7577
03/06/2013,336.9166,2.0236,46.2434,33.2953
03/05/2013,334.8930,0.2103,46.2434,33.2953
03/04/2013,334.6827,1.2793,46.2434,33.2953
03/01/2013,333.4034,5.5569,46.2434,33.2953
02/28/2013,327.8465,1.6922,46.2434,33.2953
02/27/2013,326.1543,-0.9650,46.2434,32.8329
02/26/2013,327.1193,4.5056,46.2434,32.8329
02/25/2013,322.6137,0.3134,46.2434,32.8329
02/22/2013,322.3003,-4.9906,46.2434,32.8329
02/21/2013,327.2909,-0.0381,46.2434,33.7577
02/20/2013,327.3290,9.4300,46.2434,33.7577
02/19/2013,317.8990,-6.2705,46.2434,33.7577
02/15/2013,324.1695,0.3502,46.2434,33.7577
02/14/2013,323.8193,-8.0347,46.2434,32.8329
02/13/2013,331.8540,-4.2987,46.2434,32.8329
02/12/2013,336.1527,-0.8512,46.2434,32.8329
02/11/2013,337.0039,10.7964,46.2434,32.8329
02/08/2013,326.2075,-2.2644,46.2434,32.8329
02/07/2013,328.4719,-0.5948,46.2434,32.8329
02/06/2013,329.0667,0.2000,46.2434,32.8329
02/05/2013,328.8667,-1.5151,46.2434,32.8329
02/04/2013,330.3818,-8.4833,46.2434,32.8329
02/01/2013,338.8651,-0.1674,46.2434,32.8329
01/31/2013,339.0325,8.4521,46.2434,32.8329
01/30/2013,330.5804,-2.1715,46.2434,32.8329
01/29/2013,332.7519,4.4636,46.2434,32.8329
01/28/2013,328.2883,0.2305,46.2434,32.8329
01/25/2013,328.0578,-3.8897,46.2434,32.8329
01/24/2013,331.9475,-8.5521,46.2434,32.8329
01/23/2013,340.4996,3.7201,46.2434,33.2953
01/22/2013,336.7795,-3.9567,46.2434,33.2953
01/18/2013,340.7362,3.9485,46.2434,33.2953
01/17/2013,336.7877,-2.1886,46.2434,33.2953
01/16/2013,338.9763,0.3024,46.2434,31.4455
01/15/2013,338.6739,-4.5401,46.2434,31.4455
01/14/2013,343.2140,-0.7911,46.2434,31.4455
01/11/2013,344.0051,-4.1910,46.2434,31.4455
01/10/2013,348.1961,-5.9528,46.2434,31.4455
01/09/2013,354.1489,3.9058,46.2434,31.4455
01/08/2013,350.2431,4.7667,46.2434,31.4455
01/04/2013,348.0952,-0.9729,46.2434,31.4455
01/03/2013,349.0681,0.7175,46.2434,31.4455
01/02/2013,348.3506,-0.8755,46.2434,32.3705
12/31/2012,349.2261,-2.0581,46.2434,32.3705
12/28/2012,351.2842,-2.4795,46.2434,32.3705
12/27/2012,353.7637,0.1957,46.2434,32.3705
12/26/2012,353.5680,5.5015,46.2434,32.8329
12/21/2012,348.0665,2.8279,46.2434,32.8329
12/20/2012,345.2386,1.8290,46.2434,32.8329
12/18/2012,344.0171,-0.1642,46.2434,32.8329
12/17/2012,344.1813,-3.7679,46.2434,32.8329
12/14/2012,347.9492,-1.7352,46.2434,32.8329
12/13/2012,349.6844,-2.2695,46.2434,32.8329
12/12/2012,351.9539,4.4657,46.2434,32.3705
12/11/2012,347.4882,-3.2648,46.2434,32.3705
12/10/2012,350.7530,2.7898,46.2434,32.3705
12/07/2012,347.9632,0.6187,46.2434,32.3705
12/06/2012,347.3445,-2.0899,46.2434,32.3705
12/05/2012,349.4344,-2.5788,46.2434,32.8329
12/04/2012,352.0132,3.1068,46.2434,32.8329
12/03/2012,348.9064,-1.5605,46.2434,32.8329
11/30/2012,350.4669,-1.0118,46.2434,32.8329
11/29/2012,351.4787,0.2751,46.2434,32.8329
11/28/2012,351.2036,1.4280,46.2434,31.9079
11/27/2012,349.7756,-2.0251,46.2434,31.9079
11/26/2012,351.8007,-1.8570,46.2434,31.9079
11/23/2012,353.6577,2.1465,46.2434,31.9079
11/21/2012,351.5112,-3.0996,46.2434,33.2953
11/20/2012,354.6108,0.7033,46.2434,33.2953
11/19/2012,353.9075,0.9914,46.2434,33.2953
11/16/2012,352.9161,-1.4905,46.2434,33.2953
11/15/2012,354.4066,-2.3032,46.2434,33.2953
11/14/2012,356.7098,4.6042,46.2434,30.9831
11/13/2012,352.1056,-3.1630,46.2434,30.9831
11/12/2012,355.2686,2.2990,46.2434,30.9831
11/09/2012,352.9696,-0.9065,46.2434,30.9831
11/08/2012,353.8761,1.0569,46.2434,30.9831
11/07/2012,352.8192,-3.2776,46.2434,33.2953
11/06/2012,356.0968,-2.6859,46.2434,33.2953
11/05/2012,358.7827,2.3749,46.2434,33.2953
11/02/2012,356.4078,1.9350,46.2434,33.2953
11/01/2012,354.4728,0.5477,46.2434,33.2953
10/31/2012,353.9251,-3.3466,46.2434,34.2202
10/30/2012,357.2717,2.5279,46.2434,34.2202
10/29/2012,354.7438,2.1665,46.2434,34.2202
10/26/2012,352.5773,-0.6184,46.2434,34.2202
10/25/2012,353.1957,-2.6652,46.2434,34.2202
10/24/2012,355.8609,2.9336,46.2434,33.7577
10/23/2012,352.9273,-2.3743,46.2434,33.7577
10/22/2012,355.3016,-3.1655,46.2434,33.7577
10/19/2012,358.4671,-0.0144,46.2434,33.7577
10/18/2012,358.4815,-0.0886,46.2434,33.7577
10/17/2012,358.5701,1.3704,46.2434,34.2202
10/16/2012,357.1997,-0.2576,46.2434,34.2202
10/15/2012,357.4573,-0.1718,46.2434,34.2202
10/11/2012,360.3912,-1.9146,46.2434,34.2202
10/10/2012,362.3058,-0.1876,46.2434,34.2202
10/09/2012,362.4934,0.9104,46.2434,34.2202
10/08/2012,361.5830,2.5157,46.2434,34.2202
10/05/2012,359.0673,0.1082,46.2434,34.2202
10/04/2012,358.9591,-0.9994,46.2434,34.2202
10/03/2012,359.9585,2.9046,46.2434,34.6826
10/02/2012,357.0539,-4.7609,46.2434,34.6826
10/01/2012,361.8148,1.4226,46.2434,34.6826
09/28/2012,360.3922,-3.3830,46.2434,34.6826
09/27/2012,363.7752,6.8401,46.2434,34.6826
09/26/2012,356.9351,-8.9654,46.2434,35.1449
09/25/2012,365.9005,1.6338,46.2434,35.1449
09/24/2012,364.2667,2.5748,46.2434,35.1449
09/21/2012,361.6919,-1.2948,46.2434,35.1449
09/20/2012,362.9867,-5.9385,46.2434,35.1449
09/19/2012,368.9252,3.0114,46.2434,34.2202
09/18/2012,365.9138,-2.8343,46.2434,34.2202
09/17/2012,368.7481,-4.3743,46.2434,34.2202
09/14/2012,373.1224,0.8632,46.2434,34.2202
09/13/2012,372.2592,1.8981,46.2434,34.2202
09/12/2012,370.3611,-4.8976,46.2434,33.7577
09/11/2012,375.2587,1.5140,46.2434,33.7577
09/10/2012,373.7447,3.5782,46.2434,33.7577
09/07/2012,370.1665,-2.0700,46.2434,33.7577
09/06/2012,372.2365,-4.0633,46.2434,33.7577
09/05/2012,376.2998,4.8156,46.2434,31.9079
09/04/2012,371.4842,-2.7084,46.2434,31.9079
08/31/2012,374.1926,0.2133,46.2434,31.9079
08/30/2012,373.9793,0.2936,46.2434,31.9079
08/29/2012,373.6857,-0.2812,46.2434,33.7577
08/28/2012,373.9669,-0.2492,46.2434,33.7577
08/27/2012,374.2161,1.5839,46.2434,33.7577
08/24/2012,372.6322,-3.3388,46.2434,33.7577
08/23/2012,375.9710,-0.5612,46.2434,33.7577
08/22/2012,376.5322,-2.0106,46.2434,34.6826
08/21/2012,378.5428,0.0423,46.2434,34.6826
08/20/2012,378.5005,-4.1279,46.2434,34.6826
08/17/2012,382.6284,-0.3983,46.2434,34.6826
08/16/2012,383.0267,-0.8341,46.2434,34.6826
08/15/2012,383.8608,-0.9990,46.2434,33.2953
08/14/2012,384.8598,-0.6628,46.2434,33.2953
08/13/2012,385.5226,-2.4355,46.2434,33.2953
08/10/2012,387.9581,-0.2149,46.2434,33.2953
08/09/2012,388.1730,-0.5631,46.2434,33.2953
08/08/2012,388.7361,1.5839,46.2434,32.8329
08/07/2012,387.1522,-1.4302,46.2434,32.8329
08/06/2012,388.5824,5.7094,46.2434,32.8329
08/03/2012,382.8730,-2.7852,46.2434,32.8329
08/02/2012,385.6582,,46.2434,32.8329
08/01/2012,387.3409,-0.1872,46.2434,33.2953
07/31/2012,387.5281,2.6448,46.2434,33.2953
07/30/2012,384.8833,-6.5630,46.2434,33.2953
07/27/2012,391.4463,2.9050,46.2434,33.2953
07/26/2012,388.5413,1.6416,46.2434,33.2953
07/25/2012,386.8997,-0.2296,46.2434,35.1449
07/24/2012,387.1293,-3.1860,46.2434,35.1449
07/23/2012,390.3153,0.3778,46.2434,35.1449
07/20/2012,389.9375,-3.2784,46.2434,35.1449
07/19/2012,393.2159,-3.8078,46.2434,35.1449
07/17/2012,399.3694,0.1855,46.2434,35.1449
07/16/2012,399.1839,0.5837,46.2434,35.1449
07/13/2012,398.6002,-1.2325,46.2434,35.1449
07/12/2012,399.8327,0.7780,46.2434,35.1449
07/11/2012,399.0547,0.4959,46.2434,35.1449
07/10/2012,398.5588,-2.6713,46.2434,35.1449
07/09/2012,401.2301,-1.4708,46.2434,35.1449
07/06/2012,402.7009,4.0819,46.2434,35.1449
07/05/2012,398.6190,-1.8592,46.2434,35.6074
07/03/2012,400.4782,1.6657,46.2434,35.6074
07/02/2012,398.8125,-4.0131,46.2434,35.6074
06/29/2012,402.8256,-0.8220,46.2434,35.6074
06/28/2012,403.6476,-1.2632,46.2434,35.6074
06/27/2012,404.9108,-2.0894,46.2434,36.0699
06/26/2012,407.0002,-1.0086,46.2434,36.0699
06/25/2012,408.0088,2.4766,46.2434,36.0699
06/22/2012,405.5322,-0.1406,46.2434,36.0699
06/21/2012,405.6728,2.8470,46.2434,36.0699
06/20/2012,402.8258,0.0079,46.2434,36.5323
06/19/2012,402.8179,-1.4853,46.2434,36.5323
06/18/2012,404.3032,-3.1254,46.2434,36.5323
06/15/2012,407.4286,-2.5400,46.2434,36.5323
06/14/2012,409.9686,-2.2956,46.2434,36.5323
06/13/2012,412.2642,-1.3541,46.2434,36.5323
06/12/2012,413.6183,-1.0471,46.2434,36.5323
06/11/2012,414.6654,-2.1701,46.2434,36.5323
06/08/2012,416.8355,-1.9631,46.2434,36.5323
06/07/2012,418.7986,-1.7825,46.2434,36.5323
06/06/2012,420.5811,-0.4094,46.2434,36.0699
06/05/2012,420.9905,3.3211,46.2434,36.0699
06/04/2012,417.6694,1.1324,46.2434,36.0699
06/01/2012,416.5370,0.8197,46.2434,36.0699
05/31/2012,415.7173,-2.6526,46.2434,36.0699
05/30/2012,418.3699,0.9548,46.2434,36.5323
05/29/2012,417.4151,-4.0077,46.2434,36.5323
05/25/2012,421.4228,0.5717,46.2434,36.5323
05/24/2012,420.8511,0.7984,46.2434,36.5323
05/23/2012,420.0527,0.1745,46.2434,37.4571
05/22/2012,419.8782,0.5974,46.2434,37.4571
05/21/2012,419.2808,2.1291,46.2434,37.4571
05/14/2012,412.4031,0.0931,46.2434,36.5300
02/15/2012,434.4201,4.0801,46.2434,36.0700
